ply
format ascii 1.0
comment author: Dr. Jan Hackenberg
comment object: QSM computed with SimpleForest
element vertex 5980
property float x
property float y
property float z
property uchar red
property uchar green
property uchar blue
element face 11872
property list uchar int vertex_index
end_header
-1.82883 0.11741 -13.0621 205 20 20
-1.66281 0.117555 -13.083 205 20 20
-1.71133 0.235818 -13.0752 205 20 20
-1.82868 0.284719 -13.0597 205 20 20
-1.94612 0.235613 -13.0457 205 20 20
-1.99485 0.117264 -13.0412 205 20 20
-1.94632 -0.000998646 -13.0489 205 20 20
-1.82897 -0.0498996 -13.0644 205 20 20
-1.71154 -0.000792906 -13.0785 205 20 20
-1.64112 0.115078 -12.8948 205 20 20
-1.68957 0.232666 -12.8936 205 20 20
-1.8067 0.281305 -12.8886 205 20 20
-1.9239 0.232502 -12.8827 205 20 20
-1.97251 0.114846 -12.8794 205 20 20
-1.92406 -0.00274253 -12.8806 205 20 20
-1.80693 -0.0513813 -12.8856 205 20 20
-1.68974 -0.00257861 -12.8915 205 20 20
-1.65396 0.121459 -12.6831 205 20 20
-1.70073 0.234405 -12.6862 205 20 20
-1.81361 0.281201 -12.6865 205 20 20
-1.92649 0.234437 -12.684 205 20 20
-1.97322 0.121505 -12.68 205 20 20
-1.92645 0.0085597 -12.6769 205 20 20
-1.81357 -0.0382371 -12.6766 205 20 20
-1.7007 0.00852742 -12.6791 205 20 20
-1.64864 0.126647 -12.517 205 20 20
-1.69424 0.23666 -12.5186 205 20 20
-1.80421 0.282276 -12.5161 205 20 20
-1.91413 0.236775 -12.5109 205 20 20
-1.95961 0.12681 -12.5061 205 20 20
-1.91402 0.0167978 -12.5045 205 20 20
-1.80405 -0.0288189 -12.507 205 20 20
-1.69412 0.0166821 -12.5122 205 20 20
-1.64908 0.131398 -12.3471 205 20 20
-1.69377 0.239334 -12.3466 205 20 20
-1.80164 0.284041 -12.3434 205 20 20
-1.90952 0.239331 -12.3393 205 20 20
-1.95421 0.131393 -12.3368 205 20 20
-1.90952 0.023457 -12.3372 205 20 20
-1.80165 -0.0212501 -12.3404 205 20 20
-1.69377 0.0234605 -12.3445 205 20 20
-1.64024 0.129623 -12.1701 205 20 20
-1.68475 0.236919 -12.1713 205 20 20
-1.79205 0.281437 -12.1672 205 20 20
-1.89927 0.237099 -12.1601 205 20 20
-1.94361 0.129878 -12.1542 205 20 20
-1.89909 0.0225821 -12.153 205 20 20
-1.7918 -0.0219359 -12.1571 205 20 20
-1.68457 0.0224021 -12.1642 205 20 20
-1.62892 0.140741 -12.0161 205 20 20
-1.67452 0.250438 -12.0207 205 20 20
-1.78432 0.295989 -12.019 205 20 20
-1.89401 0.25071 -12.012 205 20 20
-1.93933 0.141126 -12.0038 205 20 20
-1.89373 0.0314288 -11.9992 205 20 20
-1.78393 -0.014122 -12.001 205 20 20
-1.67425 0.0311566 -12.008 205 20 20
-1.62283 0.147733 -11.8525 205 20 20
-1.66886 0.258475 -11.8568 205 20 20
-1.77967 0.30447 -11.8545 205 20 20
-1.89035 0.258775 -11.8471 205 20 20
-1.93608 0.148157 -11.8388 205 20 20
-1.89006 0.037415 -11.8345 205 20 20
-1.77924 -0.00857977 -11.8368 205 20 20
-1.66856 0.0371156 -11.8442 205 20 20
-1.6167 0.159878 -11.6865 205 20 20
-1.66153 0.268069 -11.6871 205 20 20
-1.76952 0.312983 -11.6803 205 20 20
-1.8774 0.268309 -11.6703 205 20 20
-1.92199 0.160217 -11.6628 205 20 20
-1.87716 0.0520253 -11.6622 205 20 20
-1.76918 0.00711171 -11.669 205 20 20
-1.66129 0.0517856 -11.679 205 20 20
-1.59988 0.160306 -11.4962 205 20 20
-1.64419 0.267397 -11.4983 205 20 20
-1.75118 0.311748 -11.4952 205 20 20
-1.85817 0.267378 -11.4888 205 20 20
-1.9025 0.160278 -11.4828 205 20 20
-1.85819 0.0531869 -11.4806 205 20 20
-1.75121 0.00883618 -11.4837 205 20 20
-1.64421 0.0532063 -11.4901 205 20 20
-1.59881 0.17106 -11.3509 205 20 20
-1.64371 0.279741 -11.3523 205 20 20
-1.75213 0.324744 -11.3477 205 20 20
-1.86057 0.279708 -11.3399 205 20 20
-1.90551 0.171013 -11.3334 205 20 20
-1.86061 0.0623321 -11.332 205 20 20
-1.75218 0.0173289 -11.3366 205 20 20
-1.64374 0.0623655 -11.3444 205 20 20
-1.58265 0.170949 -11.1906 205 20 20
-1.62674 0.278137 -11.1911 205 20 20
-1.73329 0.322486 -11.1902 205 20 20
-1.8399 0.278017 -11.1883 205 20 20
-1.88411 0.170778 -11.1866 205 20 20
-1.84002 0.0635895 -11.1861 205 20 20
-1.73346 0.0192405 -11.187 205 20 20
-1.62686 0.0637102 -11.1889 205 20 20
-1.59756 0.174171 -11.0218 205 20 20
-1.64271 0.283522 -11.0251 205 20 20
-1.75089 0.329155 -11.0214 205 20 20
-1.85874 0.284339 -11.013 205 20 20
-1.90307 0.175326 -11.0047 205 20 20
-1.85792 0.0659752 -11.0014 205 20 20
-1.74974 0.020342 -11.005 205 20 20
-1.64189 0.0651581 -11.0135 205 20 20
-1.56759 0.186595 -10.8822 205 20 20
-1.61271 0.295516 -10.8826 205 20 20
-1.72069 0.341026 -10.8726 205 20 20
-1.82828 0.296465 -10.858 205 20 20
-1.87245 0.187938 -10.8474 205 20 20
-1.82733 0.0790171 -10.847 205 20 20
-1.71935 0.0335072 -10.857 205 20 20
-1.61176 0.0780674 -10.8716 205 20 20
-1.56293 0.190277 -10.6778 205 20 20
-1.60793 0.298207 -10.6836 205 20 20
-1.71617 0.343077 -10.6825 205 20 20
-1.82425 0.298604 -10.6751 205 20 20
-1.86886 0.190838 -10.6658 205 20 20
-1.82386 0.0829081 -10.6599 205 20 20
-1.71561 0.0380376 -10.661 205 20 20
-1.60753 0.0825111 -10.6684 205 20 20
-1.55176 0.207736 -10.5358 205 20 20
-1.59771 0.317779 -10.5434 205 20 20
-1.70811 0.363578 -10.5419 205 20 20
-1.81829 0.318304 -10.5322 205 20 20
-1.86371 0.208479 -10.52 205 20 20
-1.81777 0.0984363 -10.5124 205 20 20
-1.70737 0.0526376 -10.5139 205 20 20
-1.59719 0.0979112 -10.5236 205 20 20
-1.54206 0.218521 -10.3579 205 20 20
-1.5883 0.330043 -10.3594 205 20 20
-1.6997 0.37633 -10.3543 205 20 20
-1.81102 0.330269 -10.3458 205 20 20
-1.85703 0.21884 -10.3387 205 20 20
-1.81079 0.107319 -10.3372 205 20 20
-1.69938 0.0610316 -10.3423 205 20 20
-1.58807 0.107093 -10.3508 205 20 20
-1.5324 0.220907 -10.2205 205 20 20
-1.57848 0.331704 -10.2237 205 20 20
-1.68927 0.377781 -10.2185 205 20 20
-1.79989 0.332147 -10.2079 205 20 20
-1.84552 0.221532 -10.1981 205 20 20
-1.79944 0.110735 -10.1949 205 20 20
-1.68865 0.0646582 -10.2001 205 20 20
-1.57803 0.110293 -10.2107 205 20 20
-1.52472 0.238195 -10.0471 205 20 20
-1.57005 0.346098 -10.0552 205 20 20
-1.67804 0.391392 -10.0491 205 20 20
-1.78544 0.347543 -10.0323 205 20 20
-1.82932 0.240238 -10.0147 205 20 20
-1.78399 0.132335 -10.0066 205 20 20
-1.676 0.0870414 -10.0128 205 20 20
-1.5686 0.13089 -10.0295 205 20 20
-1.50187 0.260796 -9.88841 205 20 20
-1.54695 0.368168 -9.89474 205 20 20
-1.65405 0.413363 -9.88514 205 20 20
-1.76043 0.369906 -9.86523 205 20 20
-1.80377 0.263254 -9.84667 205 20 20
-1.75869 0.155882 -9.84034 205 20 20
-1.65159 0.110687 -9.84994 205 20 20
-1.54521 0.154143 -9.86985 205 20 20
-1.48479 0.276165 -9.73422 205 20 20
-1.5285 0.381706 -9.73379 205 20 20
-1.63332 0.425719 -9.72182 205 20 20
-1.73784 0.38242 -9.70531 205 20 20
-1.78084 0.277174 -9.69393 205 20 20
-1.73712 0.171633 -9.69436 205 20 20
-1.63231 0.12762 -9.70633 205 20 20
-1.52779 0.170919 -9.72284 205 20 20
-1.46315 0.277916 -9.56595 205 20 20
-1.50596 0.381964 -9.56135 205 20 20
-1.60926 0.425088 -9.54931 205 20 20
-1.71253 0.382028 -9.53688 205 20 20
-1.75528 0.278007 -9.53133 205 20 20
-1.71247 0.173959 -9.53593 205 20 20
-1.60917 0.130835 -9.54797 205 20 20
-1.5059 0.173895 -9.5604 205 20 20
-1.44763 0.277824 -9.41427 205 20 20
-1.49105 0.382564 -9.41394 205 20 20
-1.59536 0.426155 -9.40463 205 20 20
-1.69947 0.383063 -9.3918 205 20 20
-1.74238 0.278529 -9.38295 205 20 20
-1.69897 0.173789 -9.38328 205 20 20
-1.59465 0.130198 -9.39259 205 20 20
-1.49055 0.173291 -9.40542 205 20 20
-1.42747 0.289957 -9.2576 205 20 20
-1.47157 0.39613 -9.25868 205 20 20
-1.57754 0.44031 -9.2534 205 20 20
-1.68331 0.396618 -9.24486 205 20 20
-1.72692 0.290647 -9.23805 205 20 20
-1.68283 0.184475 -9.23697 205 20 20
-1.57685 0.140295 -9.24225 205 20 20
-1.47108 0.183987 -9.25079 205 20 20
-1.42377 0.28953 -9.11185 205 20 20
-1.46822 0.396347 -9.11657 205 20 20
-1.57535 0.440678 -9.11635 205 20 20
-1.68238 0.396555 -9.11132 205 20 20
-1.72663 0.289823 -9.10443 205 20 20
-1.68218 0.183006 -9.09972 205 20 20
-1.57505 0.138675 -9.09993 205 20 20
-1.46802 0.182798 -9.10496 205 20 20
-1.41865 0.307946 -8.94823 205 20 20
-1.46292 0.414194 -8.95843 205 20 20
-1.56966 0.458255 -8.96196 205 20 20
-1.67634 0.414319 -8.95674 205 20 20
-1.72048 0.308123 -8.94583 205 20 20
-1.67622 0.201876 -8.93562 205 20 20
-1.56948 0.157815 -8.9321 205 20 20
-1.46279 0.201751 -8.93732 205 20 20
-1.42912 0.322229 -8.78398 205 20 20
-1.47115 0.423693 -8.7877 205 20 20
-1.57267 0.465691 -8.78722 205 20 20
-1.67422 0.423623 -8.78281 205 20 20
-1.71632 0.322131 -8.77707 205 20 20
-1.67429 0.220667 -8.77335 205 20 20
-1.57277 0.178669 -8.77384 205 20 20
-1.47122 0.220737 -8.77824 205 20 20
-1.42055 0.322939 -8.62191 205 20 20
-1.46158 0.422257 -8.61885 205 20 20
-1.56063 0.463395 -8.61152 205 20 20
-1.65968 0.422254 -8.6042 205 20 20
-1.7007 0.322935 -8.60119 205 20 20
-1.65968 0.223617 -8.60425 205 20 20
-1.56063 0.18248 -8.61158 205 20 20
-1.46158 0.22362 -8.6189 205 20 20
-1.40466 0.32218 -8.4779 205 20 20
-1.44723 0.424899 -8.47884 205 20 20
-1.54989 0.467496 -8.47437 205 20 20
-1.6525 0.425019 -8.46711 205 20 20
-1.69496 0.32235 -8.46132 205 20 20
-1.65238 0.219631 -8.46038 205 20 20
-1.54972 0.177033 -8.46485 205 20 20
-1.44711 0.21951 -8.4721 205 20 20
-1.39704 0.331797 -8.34051 205 20 20
-1.44036 0.436248 -8.34262 205 20 20
-1.54465 0.479635 -8.33742 205 20 20
-1.64882 0.436543 -8.32795 205 20 20
-1.69185 0.332213 -8.31977 205 20 20
-1.64853 0.227762 -8.31767 205 20 20
-1.54424 0.184375 -8.32287 205 20 20
-1.44007 0.227468 -8.33233 205 20 20
-1.38437 0.336695 -8.18143 205 20 20
-1.42646 0.438613 -8.17745 205 20 20
-1.52807 0.48084 -8.16874 205 20 20
-1.62966 0.438641 -8.16042 205 20 20
-1.67173 0.336735 -8.15734 205 20 20
-1.62964 0.234818 -8.16132 205 20 20
-1.52803 0.19259 -8.17002 205 20 20
-1.42644 0.234789 -8.17835 205 20 20
-1.37954 0.330186 -8.02611 205 20 20
-1.42012 0.428621 -8.02149 205 20 20
-1.51793 0.469461 -8.01061 205 20 20
-1.61567 0.428782 -7.99984 205 20 20
-1.65609 0.330414 -7.9955 205 20 20
-1.61551 0.231979 -8.00013 205 20 20
-1.5177 0.191139 -8.01101 205 20 20
-1.41996 0.231818 -8.02177 205 20 20
-1.35381 0.335882 -7.87025 205 20 20
-1.39493 0.435343 -7.87058 205 20 20
-1.49386 0.476692 -7.86299 205 20 20
-1.59263 0.435709 -7.85194 205 20 20
-1.63339 0.3364 -7.8439 205 20 20
-1.59226 0.236939 -7.84358 205 20 20
-1.49334 0.19559 -7.85116 205 20 20
-1.39457 0.236573 -7.86221 205 20 20
-1.34491 0.342496 -7.71972 205 20 20
-1.38745 0.444461 -7.7241 205 20 20
-1.48925 0.487062 -7.71853 205 20 20
-1.59068 0.445345 -7.70628 205 20 20
-1.63233 0.343746 -7.69452 205 20 20
-1.5898 0.241781 -7.69014 205 20 20
-1.488 0.19918 -7.69571 205 20 20
-1.38656 0.240897 -7.70796 205 20 20
-1.32731 0.356527 -7.59669 205 20 20
-1.36989 0.45828 -7.6021 205 20 20
-1.47145 0.500935 -7.59455 205 20 20
-1.5725 0.459507 -7.57846 205 20 20
-1.61385 0.358262 -7.56325 205 20 20
-1.57128 0.256509 -7.55784 205 20 20
-1.46972 0.213853 -7.56539 205 20 20
-1.36866 0.255282 -7.58148 205 20 20
-1.31211 0.370402 -7.4444 205 20 20
-1.35498 0.472857 -7.45115 205 20 20
-1.45758 0.515662 -7.44666 205 20 20
-1.55982 0.473743 -7.43357 205 20 20
-1.60181 0.371656 -7.41954 205 20 20
-1.55894 0.269201 -7.41279 205 20 20
-1.45633 0.226396 -7.41728 205 20 20
-1.35409 0.268314 -7.43037 205 20 20
-1.29781 0.389111 -7.27588 205 20 20
-1.34079 0.492162 -7.28107 205 20 20
-1.44396 0.5351 -7.27722 205 20 20
-1.54688 0.492771 -7.26659 205 20 20
-1.58926 0.389973 -7.2554 205 20 20
-1.54627 0.286921 -7.25021 205 20 20
-1.4431 0.243984 -7.25405 205 20 20
-1.34018 0.286312 -7.26469 205 20 20
-1.2895 0.396677 -7.1158 205 20 20
-1.33204 0.498597 -7.1235 205 20 20
-1.43441 0.540954 -7.12301 205 20 20
-1.53663 0.498936 -7.11462 205 20 20
-1.57883 0.397156 -7.10324 205 20 20
-1.53629 0.295236 -7.09554 205 20 20
-1.43393 0.252879 -7.09603 205 20 20
-1.33171 0.294897 -7.10442 205 20 20
-1.28503 0.419366 -6.95321 205 20 20
-1.32766 0.521194 -6.96294 205 20 20
-1.43005 0.563599 -6.9627 205 20 20
-1.53221 0.52174 -6.95262 205 20 20
-1.5743 0.420139 -6.93861 205 20 20
-1.53166 0.318311 -6.92888 205 20 20
-1.42928 0.275906 -6.92913 205 20 20
-1.32712 0.317765 -6.9392 205 20 20
-1.27602 0.434004 -6.8001 205 20 20
-1.31788 0.534509 -6.80437 205 20 20
-1.41841 0.576357 -6.80017 205 20 20
-1.51872 0.535035 -6.78997 205 20 20
-1.56006 0.434747 -6.77973 205 20 20
-1.5182 0.334242 -6.77547 205 20 20
-1.41767 0.292394 -6.77966 205 20 20
-1.31735 0.333717 -6.78987 205 20 20
-1.26877 0.442244 -6.64481 205 20 20
-1.30939 0.540467 -6.64397 205 20 20
-1.40727 0.581236 -6.63637 205 20 20
-1.50506 0.54067 -6.62646 205 20 20
-1.54548 0.44253 -6.62005 205 20 20
-1.50486 0.344307 -6.62089 205 20 20
-1.40698 0.303538 -6.62849 205 20 20
-1.30919 0.344104 -6.6384 205 20 20
-1.25399 0.443128 -6.48876 205 20 20
-1.29391 0.539722 -6.48774 205 20 20
-1.39021 0.579765 -6.48163 205 20 20
-1.48649 0.539801 -6.47401 205 20 20
-1.52633 0.443239 -6.46934 205 20 20
-1.48641 0.346645 -6.47036 205 20 20
-1.3901 0.306602 -6.47647 205 20 20
-1.29383 0.346567 -6.48409 205 20 20
-1.2485 0.447778 -6.34057 205 20 20
-1.28875 0.544845 -6.34188 205 20 20
-1.3856 0.585189 -6.33674 205 20 20
-1.48231 0.545177 -6.32817 205 20 20
-1.52223 0.448246 -6.32118 205 20 20
-1.48198 0.351179 -6.31988 205 20 20
-1.38513 0.310835 -6.32502 205 20 20
-1.28842 0.350848 -6.33359 205 20 20
-1.23141 0.455499 -6.19368 205 20 20
-1.27205 0.552979 -6.19739 205 20 20
-1.36937 0.593675 -6.19074 205 20 20
-1.46637 0.55375 -6.17764 205 20 20
-1.50623 0.456591 -6.16575 205 20 20
-1.4656 0.359112 -6.16205 205 20 20
-1.36828 0.318415 -6.1687 205 20 20
-1.27128 0.35834 -6.1818 205 20 20
-1.21295 0.472754 -6.02826 205 20 20
-1.25448 0.572078 -6.03727 205 20 20
-1.35421 0.613444 -6.03684 205 20 20
-1.45371 0.572621 -6.02722 205 20 20
-1.4947 0.473522 -6.01403 205 20 20
-1.45317 0.374198 -6.00501 205 20 20
-1.35344 0.332832 -6.00545 205 20 20
-1.25394 0.373655 -6.01507 205 20 20
-1.21086 0.488738 -5.90194 205 20 20
-1.25234 0.589568 -5.90283 205 20 20
-1.35257 0.631291 -5.89481 205 20 20
-1.45285 0.589466 -5.88257 205 20 20
-1.49443 0.488594 -5.87329 205 20 20
-1.45295 0.387764 -5.8724 205 20 20
-1.35272 0.346042 -5.88043 205 20 20
-1.25244 0.387866 -5.89266 205 20 20
-1.18599 0.486331 -5.75417 205 20 20
-1.22616 0.584337 -5.75035 205 20 20
-1.32323 0.624894 -5.73928 205 20 20
-1.42034 0.584246 -5.72746 205 20 20
-1.4606 0.486202 -5.72181 205 20 20
-1.42043 0.388197 -5.72564 205 20 20
-1.32336 0.347639 -5.7367 205 20 20
-1.22626 0.388288 -5.74852 205 20 20
-1.18208 0.491399 -5.59279 205 20 20
-1.22203 0.587262 -5.59718 205 20 20
-1.31799 0.627174 -5.59417 205 20 20
-1.41374 0.587755 -5.58554 205 20 20
-1.4532 0.492096 -5.57633 205 20 20
-1.41325 0.396233 -5.57194 205 20 20
-1.31729 0.356321 -5.57495 205 20 20
-1.22153 0.39574 -5.58358 205 20 20
-1.16896 0.50579 -5.45569 205 20 20
-1.20938 0.60271 -5.46226 205 20 20
-1.3065 0.64304 -5.46144 205 20 20
-1.40345 0.603155 -5.45369 205 20 20
-1.44342 0.50642 -5.44357 205 20 20
-1.403 0.409499 -5.43699 205 20 20
-1.30587 0.36917 -5.43782 205 20 20
-1.20893 0.409054 -5.44556 205 20 20
-1.16482 0.515308 -5.31208 205 20 20
-1.20606 0.61458 -5.31898 205 20 20
-1.30558 0.655713 -5.32147 205 20 20
-1.40509 0.614612 -5.31808 205 20 20
-1.4463 0.515354 -5.31081 205 20 20
-1.40506 0.416081 -5.30391 205 20 20
-1.30553 0.374948 -5.30142 205 20 20
-1.20602 0.41605 -5.3048 205 20 20
-1.1621 0.524669 -5.19204 205 20 20
-1.204 0.625665 -5.19574 205 20 20
-1.30507 0.667535 -5.19464 205 20 20
-1.4061 0.625752 -5.18939 205 20 20
-1.44791 0.524791 -5.18306 205 20 20
-1.40601 0.423794 -5.17936 205 20 20
-1.30494 0.381925 -5.18045 205 20 20
-1.20391 0.423708 -5.18571 205 20 20
-1.15245 0.528125 -5.04444 205 20 20
-1.19466 0.629851 -5.04622 205 20 20
-1.29632 0.672083 -5.0422 205 20 20
-1.39789 0.630083 -5.03472 205 20 20
-1.43986 0.528454 -5.02817 205 20 20
-1.39766 0.426728 -5.02639 205 20 20
-1.29599 0.384496 -5.03042 205 20 20
-1.19443 0.426496 -5.0379 205 20 20
-1.14342 0.535884 -4.90718 205 20 20
-1.1861 0.638738 -4.91193 205 20 20
-1.28902 0.68139 -4.91237 205 20 20
-1.39189 0.638854 -4.90824 205 20 20
-1.43445 0.536048 -4.90196 205 20 20
-1.39177 0.433194 -4.89721 205 20 20
-1.28885 0.390542 -4.89677 205 20 20
-1.18598 0.433077 -4.9009 205 20 20
-1.14175 0.543705 -4.75768 205 20 20
-1.1855 0.649708 -4.7549 205 20 20
-1.29148 0.693462 -4.75064 205 20 20
-1.39762 0.649336 -4.7474 205 20 20
-1.44174 0.543178 -4.74709 205 20 20
-1.39799 0.437174 -4.74987 205 20 20
-1.29201 0.39342 -4.75413 205 20 20
-1.18587 0.437546 -4.75736 205 20 20
-1.11885 0.534495 -4.6331 205 20 20
-1.16537 0.648658 -4.6185 205 20 20
-1.27881 0.695481 -4.60027 205 20 20
-1.39271 0.647537 -4.58907 205 20 20
-1.44036 0.53291 -4.59148 205 20 20
-1.39383 0.418748 -4.60607 205 20 20
-1.2804 0.371924 -4.62431 205 20 20
-1.16649 0.419868 -4.63551 205 20 20
-1.09514 0.521866 -4.49436 205 20 20
-1.14184 0.636252 -4.48478 205 20 20
-1.25457 0.683636 -4.46332 205 20 20
-1.3673 0.636262 -4.44254 205 20 20
-1.41398 0.52188 -4.43461 205 20 20
-1.36729 0.407494 -4.44419 205 20 20
-1.25456 0.36011 -4.46565 205 20 20
-1.14183 0.407484 -4.48643 205 20 20
-1.07546 0.530674 -4.35133 205 20 20
-1.12053 0.639666 -4.35511 205 20 20
-1.22864 0.685101 -4.34872 205 20 20
-1.33645 0.640364 -4.3359 205 20 20
-1.38082 0.531662 -4.32416 205 20 20
-1.33576 0.42267 -4.32037 205 20 20
-1.22765 0.377235 -4.32676 205 20 20
-1.11983 0.421972 -4.33958 205 20 20
-1.09125 0.541192 -4.21115 205 20 20
-1.13173 0.636059 -4.19571 205 20 20
-1.23076 0.674813 -4.18829 205 20 20
-1.33032 0.634753 -4.19325 205 20 20
-1.37211 0.539346 -4.20768 205 20 20
-1.33163 0.444479 -4.22312 205 20 20
-1.2326 0.405724 -4.23053 205 20 20
-1.13303 0.445784 -4.22558 205 20 20
-1.08822 0.421536 -3.95318 205 20 20
-1.12464 0.506126 -3.92822 205 20 20
-1.21361 0.540735 -3.9167 205 20 20
-1.303 0.50509 -3.92536 205 20 20
-1.34046 0.420071 -3.94914 205 20 20
-1.30404 0.335481 -3.9741 205 20 20
-1.21507 0.300872 -3.98562 205 20 20
-1.12568 0.336517 -3.97696 205 20 20
-1.09602 0.408304 -3.85301 205 20 20
-1.13155 0.493618 -3.84434 205 20 20
-1.21727 0.528976 -3.84051 205 20 20
-1.30298 0.493667 -3.84377 205 20 20
-1.33846 0.408373 -3.8522 205 20 20
-1.30293 0.32306 -3.86087 205 20 20
-1.2172 0.287701 -3.8647 205 20 20
-1.1315 0.323011 -3.86144 205 20 20
-1.09445 0.396657 -3.69566 205 20 20
-1.1284 0.478983 -3.68819 205 20 20
-1.21067 0.512948 -3.68051 205 20 20
-1.29307 0.478657 -3.67712 205 20 20
-1.32734 0.396196 -3.68 205 20 20
-1.2934 0.313871 -3.68747 205 20 20
-1.21113 0.279905 -3.69515 205 20 20
-1.12872 0.314196 -3.69854 205 20 20
-1.08232 0.389713 -3.56978 205 20 20
-1.11634 0.472118 -3.56677 205 20 20
-1.1986 0.506202 -3.56044 205 20 20
-1.2809 0.471999 -3.55449 205 20 20
-1.31504 0.389544 -3.55241 205 20 20
-1.28102 0.307139 -3.55542 205 20 20
-1.19876 0.273055 -3.56175 205 20 20
-1.11646 0.307258 -3.5677 205 20 20
-1.07953 0.394207 -3.45408 205 20 20
-1.11276 0.474351 -3.45425 205 20 20
-1.19289 0.507585 -3.45244 205 20 20
-1.27298 0.474442 -3.44972 205 20 20
-1.30611 0.394335 -3.44768 205 20 20
-1.27289 0.314192 -3.44752 205 20 20
-1.19276 0.280957 -3.44933 205 20 20
-1.11267 0.314101 -3.45205 205 20 20
-1.08022 0.392198 -3.32518 205 20 20
-1.1132 0.471813 -3.32445 205 20 20
-1.19269 0.504848 -3.32709 205 20 20
-1.27212 0.471952 -3.33156 205 20 20
-1.30496 0.392395 -3.33523 205 20 20
-1.27198 0.31278 -3.33597 205 20 20
-1.19249 0.279745 -3.33333 205 20 20
-1.11306 0.312641 -3.32886 205 20 20
-1.08925 0.387927 -3.2186 205 20 20
-1.12247 0.469124 -3.21346 205 20 20
-1.2029 0.502662 -3.20819 205 20 20
-1.28342 0.468895 -3.20588 205 20 20
-1.31687 0.387604 -3.20788 205 20 20
-1.28365 0.306407 -3.21302 205 20 20
-1.20322 0.272869 -3.21829 205 20 20
-1.1227 0.306636 -3.2206 205 20 20
-1.06706 0.381342 -3.10212 205 20 20
-1.09959 0.461395 -3.09474 205 20 20
-1.17838 0.494447 -3.07969 205 20 20
-1.25727 0.461136 -3.06579 205 20 20
-1.29006 0.380976 -3.06118 205 20 20
-1.25753 0.300923 -3.06857 205 20 20
-1.17874 0.267871 -3.08361 205 20 20
-1.09985 0.301182 -3.09751 205 20 20
-1.05207 0.382837 -2.98025 205 20 20
-1.08327 0.458645 -2.97657 205 20 20
-1.15847 0.490093 -2.96924 205 20 20
-1.23363 0.458758 -2.96257 205 20 20
-1.26472 0.382996 -2.96045 205 20 20
-1.23352 0.307188 -2.96413 205 20 20
-1.15831 0.275741 -2.97145 205 20 20
-1.08316 0.307075 -2.97813 205 20 20
-1.05326 0.378157 -2.85572 205 20 20
-1.0842 0.452772 -2.85476 205 20 20
-1.15871 0.48376 -2.85129 205 20 20
-1.23314 0.452969 -2.84732 205 20 20
-1.26388 0.378436 -2.8452 205 20 20
-1.23294 0.30382 -2.84616 205 20 20
-1.15843 0.272832 -2.84964 205 20 20
-1.08401 0.303623 -2.8536 205 20 20
-1.04228 0.383534 -2.75168 205 20 20
-1.07344 0.458673 -2.75124 205 20 20
-1.14845 0.489879 -2.74812 205 20 20
-1.22339 0.458873 -2.74414 205 20 20
-1.25434 0.383818 -2.74164 205 20 20
-1.22319 0.308679 -2.74207 205 20 20
-1.14817 0.277472 -2.7452 205 20 20
-1.07324 0.308478 -2.74918 205 20 20
-1.04093 0.380305 -2.61571 205 20 20
-1.07261 0.456782 -2.61442 205 20 20
-1.1491 0.488462 -2.61392 205 20 20
-1.22559 0.456786 -2.6145 205 20 20
-1.25727 0.38031 -2.61582 205 20 20
-1.22559 0.303833 -2.61711 205 20 20
-1.1491 0.272153 -2.61761 205 20 20
-1.07261 0.303829 -2.61703 205 20 20
-1.03234 0.379288 -2.50136 205 20 20
-1.06639 0.461494 -2.50117 205 20 20
-1.14858 0.495547 -2.50184 205 20 20
-1.23077 0.461498 -2.50298 205 20 20
-1.26482 0.379293 -2.50391 205 20 20
-1.23077 0.297086 -2.5041 205 20 20
-1.14858 0.263033 -2.50343 205 20 20
-1.06638 0.297082 -2.50229 205 20 20
-1.03273 0.378675 -2.37579 205 20 20
-1.06761 0.462808 -2.37379 205 20 20
-1.1518 0.497665 -2.37405 205 20 20
-1.23597 0.462827 -2.37643 205 20 20
-1.27083 0.378701 -2.37952 205 20 20
-1.23596 0.294568 -2.38153 205 20 20
-1.15177 0.259711 -2.38126 205 20 20
-1.06759 0.29455 -2.37889 205 20 20
-1.03714 0.371699 -2.24885 205 20 20
-1.07103 0.453518 -2.24697 205 20 20
-1.15262 0.487508 -2.25066 205 20 20
-1.23411 0.453759 -2.25775 205 20 20
-1.26777 0.37204 -2.2641 205 20 20
-1.23387 0.290221 -2.26598 205 20 20
-1.15228 0.256231 -2.26229 205 20 20
-1.07079 0.28998 -2.25519 205 20 20
-1.05219 0.36646 -2.12441 205 20 20
-1.08618 0.448529 -2.1311 205 20 20
-1.16828 0.482513 -2.13973 205 20 20
-1.25038 0.448506 -2.14525 205 20 20
-1.2844 0.366429 -2.14441 205 20 20
-1.2504 0.28436 -2.13772 205 20 20
-1.16831 0.250375 -2.12909 205 20 20
-1.08621 0.284382 -2.12358 205 20 20
-1.05736 0.383167 -2.00947 205 20 20
-1.09146 0.465366 -2.01624 205 20 20
-1.17392 0.499352 -2.01846 205 20 20
-1.25645 0.465215 -2.01483 205 20 20
-1.29069 0.382953 -2.00747 205 20 20
-1.2566 0.300754 -2.0007 205 20 20
-1.17413 0.266768 -1.99848 205 20 20
-1.09161 0.300905 -2.00211 205 20 20
-1.05498 0.388368 -1.88244 205 20 20
-1.08716 0.466327 -1.87769 205 20 20
-1.16509 0.498517 -1.8707 205 20 20
-1.24313 0.466082 -1.86558 205 20 20
-1.27555 0.388023 -1.86531 205 20 20
-1.24337 0.310064 -1.87006 205 20 20
-1.16544 0.277874 -1.87705 205 20 20
-1.0874 0.310309 -1.88217 205 20 20
-1.04869 0.376388 -1.76118 205 20 20
-1.07946 0.450999 -1.75574 205 20 20
-1.15407 0.481769 -1.74931 205 20 20
-1.22881 0.450674 -1.74564 205 20 20
-1.25991 0.375928 -1.74689 205 20 20
-1.22914 0.301317 -1.75233 205 20 20
-1.15453 0.270546 -1.75876 205 20 20
-1.07978 0.301642 -1.76243 205 20 20
-1.04401 0.37747 -1.64395 205 20 20
-1.07485 0.452007 -1.64319 205 20 20
-1.14926 0.482909 -1.6392 205 20 20
-1.22363 0.452074 -1.63433 205 20 20
-1.25441 0.377565 -1.63142 205 20 20
-1.22357 0.303028 -1.63218 205 20 20
-1.14916 0.272125 -1.63617 205 20 20
-1.07479 0.302961 -1.64104 205 20 20
-1.03177 0.379369 -1.53344 205 20 20
-1.06378 0.4567 -1.53112 205 20 20
-1.14104 0.488742 -1.52735 205 20 20
-1.21829 0.456726 -1.52436 205 20 20
-1.25027 0.379406 -1.52388 205 20 20
-1.21826 0.302076 -1.5262 205 20 20
-1.141 0.270033 -1.52997 205 20 20
-1.06376 0.30205 -1.53296 205 20 20
-1.02544 0.374289 -1.40288 205 20 20
-1.05873 0.454751 -1.39963 205 20 20
-1.13914 0.488061 -1.39571 205 20 20
-1.21957 0.454705 -1.39341 205 20 20
-1.25291 0.374223 -1.39408 205 20 20
-1.21962 0.293761 -1.39733 205 20 20
-1.13921 0.260451 -1.40124 205 20 20
-1.05878 0.293807 -1.40354 205 20 20
-1.02112 0.373545 -1.29393 205 20 20
-1.05335 0.451838 -1.28594 205 20 20
-1.13169 0.484048 -1.27731 205 20 20
-1.21025 0.451306 -1.27311 205 20 20
-1.24301 0.372793 -1.27579 205 20 20
-1.21078 0.2945 -1.28378 205 20 20
-1.13244 0.26229 -1.29241 205 20 20
-1.05388 0.295032 -1.29661 205 20 20
-1.01011 0.358507 -1.1834 205 20 20
-1.0419 0.4364 -1.17198 205 20 20
-1.11951 0.468307 -1.15892 205 20 20
-1.19747 0.435537 -1.15188 205 20 20
-1.23013 0.357286 -1.15498 205 20 20
-1.19834 0.279394 -1.16641 205 20 20
-1.12073 0.247487 -1.17946 205 20 20
-1.04276 0.280257 -1.1865 205 20 20
-0.989521 0.351832 -1.07266 205 20 20
-1.02257 0.432594 -1.06544 205 20 20
-1.10281 0.465865 -1.05462 205 20 20
-1.18322 0.432158 -1.04653 205 20 20
-1.21671 0.351216 -1.04592 205 20 20
-1.18366 0.270455 -1.05314 205 20 20
-1.10342 0.237183 -1.06396 205 20 20
-1.02301 0.270891 -1.07205 205 20 20
-0.983732 0.348668 -0.945243 205 20 20
-1.01578 0.426252 -0.940821 205 20 20
-1.09326 0.458336 -0.93542 205 20 20
-1.1708 0.426126 -0.932204 205 20 20
-1.20297 0.34849 -0.933056 205 20 20
-1.17092 0.270906 -0.937478 205 20 20
-1.09344 0.238821 -0.94288 205 20 20
-1.0159 0.271032 -0.946096 205 20 20
-0.980914 0.343287 -0.815682 205 20 20
-1.01279 0.420415 -0.816021 205 20 20
-1.08988 0.452307 -0.81741 205 20 20
-1.16703 0.420282 -0.819038 205 20 20
-1.19904 0.343099 -0.819949 205 20 20
-1.16716 0.265971 -0.81961 205 20 20
-1.09007 0.234079 -0.818221 205 20 20
-1.01292 0.266104 -0.816594 205 20 20
-0.985313 0.346556 -0.719611 205 20 20
-1.01772 0.424971 -0.72118 205 20 20
-1.09605 0.457411 -0.72282 205 20 20
-1.17443 0.424874 -0.723572 205 20 20
-1.20693 0.34642 -0.722994 205 20 20
-1.17453 0.268005 -0.721425 205 20 20
-1.09619 0.235565 -0.719785 205 20 20
-1.01782 0.268102 -0.719033 205 20 20
-0.984371 0.345756 -0.607625 205 20 20
-1.01573 0.421879 -0.602808 205 20 20
-1.0917 0.453304 -0.596452 205 20 20
-1.16778 0.421624 -0.59228 205 20 20
-1.19939 0.345396 -0.592737 205 20 20
-1.16803 0.269274 -0.597554 205 20 20
-1.09206 0.237848 -0.60391 205 20 20
-1.01599 0.269528 -0.608082 205 20 20
-0.975324 0.339171 -0.496739 205 20 20
-1.00618 0.414108 -0.493368 205 20 20
-1.08085 0.445073 -0.491403 205 20 20
-1.1556 0.413927 -0.491996 205 20 20
-1.18664 0.338917 -0.494799 205 20 20
-1.15578 0.26398 -0.49817 205 20 20
-1.08111 0.233015 -0.500135 205 20 20
-1.00636 0.26416 -0.499542 205 20 20
-0.988551 0.336771 -0.378209 205 20 20
-1.01851 0.409181 -0.3796 205 20 20
-1.09079 0.439196 -0.383377 205 20 20
-1.16304 0.409235 -0.387326 205 20 20
-1.19294 0.336849 -0.389136 205 20 20
-1.16298 0.26444 -0.387744 205 20 20
-1.09071 0.234424 -0.383968 205 20 20
-1.01846 0.264385 -0.380018 205 20 20
-0.990999 0.338341 -0.285213 205 20 20
-1.02082 0.410679 -0.284257 205 20 20
-1.09271 0.440681 -0.279602 205 20 20
-1.16456 0.41077 -0.273974 205 20 20
-1.19429 0.338469 -0.27067 205 20 20
-1.16447 0.266131 -0.271625 205 20 20
-1.09258 0.236129 -0.276281 205 20 20
-1.02072 0.26604 -0.281909 205 20 20
-0.967282 0.340454 -0.17385 205 20 20
-0.998678 0.416691 -0.168496 205 20 20
-1.07452 0.448252 -0.159829 205 20 20
-1.15037 0.416649 -0.152925 205 20 20
-1.18181 0.340394 -0.151829 205 20 20
-1.15041 0.264157 -0.157183 205 20 20
-1.07458 0.232596 -0.165851 205 20 20
-0.99872 0.264199 -0.172755 205 20 20
-0.960657 0.333199 -0.064588 205 20 20
-0.992346 0.409884 -0.0589876 205 20 20
-1.06905 0.441564 -0.0534673 205 20 20
-1.14584 0.409681 -0.0512609 205 20 20
-1.17773 0.332912 -0.0536609 205 20 20
-1.14605 0.256226 -0.0592613 205 20 20
-1.06934 0.224546 -0.0647815 205 20 20
-0.992549 0.256429 -0.0669879 205 20 20
-0.960951 0.328899 0.0604061 205 20 20
-0.991145 0.400907 0.067822 205 20 20
-1.06364 0.4309 0.0703815 205 20 20
-1.13597 0.401307 0.0665853 205 20 20
-1.16576 0.329465 0.0586573 205 20 20
-1.13557 0.257458 0.0512414 205 20 20
-1.06307 0.227465 0.0486819 205 20 20
-0.990745 0.257057 0.052478 205 20 20
-0.970289 0.309195 0.164134 205 20 20
-0.999856 0.379858 0.174432 205 20 20
-1.07108 0.409192 0.179196 205 20 20
-1.14224 0.380014 0.175636 205 20 20
-1.17165 0.309416 0.165838 205 20 20
-1.14208 0.238753 0.15554 205 20 20
-1.07086 0.209419 0.150775 205 20 20
-0.9997 0.238596 0.154335 205 20 20
-0.958776 0.298537 0.272136 205 20 20
-0.988739 0.371144 0.276438 205 20 20
-1.06139 0.40109 0.280146 205 20 20
-1.13417 0.370834 0.281089 205 20 20
-1.16444 0.298099 0.278715 205 20 20
-1.13448 0.225492 0.274413 205 20 20
-1.06183 0.195545 0.270705 205 20 20
-0.989049 0.225802 0.269762 205 20 20
-0.961758 0.299178 0.40812 205 20 20
-0.991847 0.371537 0.410655 205 20 20
-1.06436 0.401562 0.410008 205 20 20
-1.13682 0.371664 0.406558 205 20 20
-1.16678 0.299357 0.402326 205 20 20
-1.13669 0.226998 0.39979 205 20 20
-1.06418 0.196973 0.400437 205 20 20
-0.99172 0.226871 0.403887 205 20 20
-0.96799 0.288997 0.500778 205 20 20
-0.997282 0.359887 0.506612 205 20 20
-1.06796 0.389269 0.512201 205 20 20
-1.13862 0.35993 0.514272 205 20 20
-1.16787 0.289059 0.51161 205 20 20
-1.13857 0.218169 0.505777 205 20 20
-1.0679 0.188788 0.500187 205 20 20
-0.997239 0.218126 0.498117 205 20 20
-0.953608 0.287314 0.602619 205 20 20
-0.982267 0.357207 0.60818 205 20 20
-1.05168 0.386064 0.617308 205 20 20
-1.12119 0.356981 0.624657 205 20 20
-1.15008 0.286995 0.625921 205 20 20
-1.12142 0.217101 0.620361 205 20 20
-1.052 0.188244 0.611232 205 20 20
-0.982493 0.217327 0.603883 205 20 20
-0.938029 0.282312 0.703602 205 20 20
-0.969061 0.356412 0.701559 205 20 20
-1.04339 0.387349 0.706819 205 20 20
-1.11748 0.357 0.7163 205 20 20
-1.14792 0.283143 0.724448 205 20 20
-1.11689 0.209043 0.72649 205 20 20
-1.04256 0.178107 0.72123 205 20 20
-0.968473 0.208456 0.71175 205 20 20
-0.920286 0.300976 0.805043 205 20 20
-0.952766 0.37931 0.807733 205 20 20
-1.03125 0.411729 0.817578 205 20 20
-1.10975 0.379243 0.828809 205 20 20
-1.1423 0.300881 0.834849 205 20 20
-1.10982 0.222547 0.832158 205 20 20
-1.03134 0.190128 0.822314 205 20 20
-0.952833 0.222614 0.811082 205 20 20
-0.903629 0.285378 0.937307 205 20 20
-0.934671 0.361199 0.947554 205 20 20
-1.0104 0.392277 0.956974 205 20 20
-1.08647 0.360408 0.960048 205 20 20
-1.1183 0.28426 0.954977 205 20 20
-1.08726 0.208439 0.94473 205 20 20
-1.01152 0.17736 0.93531 205 20 20
-0.935462 0.20923 0.932236 205 20 20
-0.907749 0.275815 1.06609 205 20 20
-0.938028 0.348784 1.06831 205 20 20
-1.01108 0.379028 1.07042 205 20 20
-1.08412 0.348829 1.07118 205 20 20
-1.11435 0.275878 1.07015 205 20 20
-1.08407 0.202908 1.06793 205 20 20
-1.01102 0.172665 1.06582 205 20 20
-0.937983 0.202863 1.06506 205 20 20
-0.902073 0.279727 1.19984 205 20 20
-0.932439 0.353007 1.19937 205 20 20
-1.00571 0.383378 1.20032 205 20 20
-1.07895 0.35305 1.20213 205 20 20
-1.10928 0.279787 1.20374 205 20 20
-1.07891 0.206507 1.20421 205 20 20
-1.00564 0.176135 1.20326 205 20 20
-0.932396 0.206464 1.20145 205 20 20
-0.900636 0.279914 1.30294 205 20 20
-0.931313 0.354156 1.3083 205 20 20
-1.00569 0.384779 1.31276 205 20 20
-1.08019 0.353843 1.31371 205 20 20
-1.11118 0.279471 1.3106 205 20 20
-1.08051 0.205229 1.30524 205 20 20
-1.00613 0.174607 1.30078 205 20 20
-0.931627 0.205542 1.29983 205 20 20
-0.886899 0.26806 1.40164 205 20 20
-0.919542 0.346383 1.40255 205 20 20
-0.998287 0.378851 1.40752 205 20 20
-1.07701 0.346445 1.41363 205 20 20
-1.10959 0.268147 1.4173 205 20 20
-1.07695 0.189824 1.41638 205 20 20
-0.9982 0.157356 1.41141 205 20 20
-0.91948 0.189762 1.40531 205 20 20
-0.871456 0.284658 1.51278 205 20 20
-0.906048 0.368839 1.5158 205 20 20
-0.989961 0.403543 1.52603 205 20 20
-1.07404 0.36844 1.53745 205 20 20
-1.10903 0.284093 1.5434 205 20 20
-1.07444 0.199912 1.54037 205 20 20
-0.990526 0.165208 1.53014 205 20 20
-0.906448 0.200311 1.51872 205 20 20
-0.851896 0.274583 1.61471 205 20 20
-0.886379 0.359045 1.62147 205 20 20
-0.970112 0.39383 1.63475 205 20 20
-1.05405 0.358561 1.64676 205 20 20
-1.08901 0.273899 1.65048 205 20 20
-1.05453 0.189437 1.64372 205 20 20
-0.970796 0.154652 1.63044 205 20 20
-0.886863 0.18992 1.61843 205 20 20
-0.843324 0.280429 1.72934 205 20 20
-0.877412 0.362825 1.72566 205 20 20
-0.959544 0.397023 1.72525 205 20 20
-1.04161 0.362989 1.72836 205 20 20
-1.07553 0.28066 1.73317 205 20 20
-1.04144 0.198263 1.73686 205 20 20
-0.959313 0.164066 1.73726 205 20 20
-0.877249 0.1981 1.73415 205 20 20
-0.864277 0.284212 1.84047 205 20 20
-0.894087 0.358426 1.83268 205 20 20
-0.966248 0.389086 1.81749 205 20 20
-1.03849 0.358233 1.80382 205 20 20
-1.06849 0.283939 1.79966 205 20 20
-1.03868 0.209725 1.80746 205 20 20
-0.966522 0.179065 1.82264 205 20 20
-0.89428 0.209918 1.83632 205 20 20
-0.950157 0.285274 2.02612 205 20 20
-0.974956 0.347004 2.01815 205 20 20
-1.0349 0.372544 2.00552 205 20 20
-1.09487 0.346933 1.99563 205 20 20
-1.11974 0.285173 1.99427 205 20 20
-1.09494 0.223443 2.00225 205 20 20
-1.035 0.197902 2.01488 205 20 20
-0.975027 0.223514 2.02477 205 20 20
-0.949079 0.298186 2.12891 205 20 20
-0.974287 0.358883 2.12596 205 20 20
-1.03515 0.384022 2.12501 205 20 20
-1.09602 0.358877 2.12661 205 20 20
-1.12123 0.298177 2.12982 205 20 20
-1.09602 0.23748 2.13277 205 20 20
-1.03516 0.212341 2.13372 205 20 20
-0.974293 0.237486 2.13212 205 20 20
-0.942879 0.298145 2.21088 205 20 20
-0.969559 0.362839 2.21343 205 20 20
-1.03407 0.389595 2.21776 205 20 20
-1.09861 0.362742 2.22132 205 20 20
-1.12539 0.298008 2.22204 205 20 20
-1.09871 0.233314 2.21948 205 20 20
-1.0342 0.206557 2.21516 205 20 20
-0.969656 0.233411 2.21159 205 20 20
-0.932219 0.295742 2.30875 205 20 20
-0.958973 0.360909 2.3083 205 20 20
-1.02381 0.387802 2.30824 205 20 20
-1.08874 0.360666 2.3086 205 20 20
-1.11574 0.295398 2.30917 205 20 20
-1.08898 0.230231 2.30962 205 20 20
-1.02415 0.203339 2.30968 205 20 20
-0.959216 0.230475 2.30932 205 20 20
-0.949321 0.300455 2.4341 205 20 20
-0.974789 0.362213 2.43142 205 20 20
-1.03619 0.387827 2.4243 205 20 20
-1.09757 0.362292 2.41691 205 20 20
-1.12296 0.300566 2.41358 205 20 20
-1.09749 0.238808 2.41626 205 20 20
-1.03608 0.213194 2.42338 205 20 20
-0.97471 0.238729 2.43077 205 20 20
-0.963921 0.294219 2.53091 205 20 20
-0.989201 0.355214 2.53083 205 20 20
-1.04998 0.380583 2.52863 205 20 20
-1.11065 0.355467 2.52559 205 20 20
-1.13568 0.294576 2.52351 205 20 20
-1.1104 0.233582 2.52359 205 20 20
-1.04962 0.208212 2.52579 205 20 20
-0.988948 0.233329 2.52882 205 20 20
-0.957465 0.296331 2.61369 205 20 20
-0.983549 0.359283 2.61372 205 20 20
-1.04648 0.385374 2.61421 205 20 20
-1.1094 0.35932 2.61488 205 20 20
-1.13545 0.296384 2.61532 205 20 20
-1.10936 0.233433 2.61529 205 20 20
-1.04643 0.207342 2.6148 205 20 20
-0.983511 0.233395 2.61413 205 20 20
-0.957017 0.294512 2.71754 205 20 20
-0.983933 0.359465 2.71765 205 20 20
-1.04875 0.386438 2.71998 205 20 20
-1.11349 0.359631 2.72317 205 20 20
-1.14024 0.294746 2.72535 205 20 20
-1.11333 0.229793 2.72524 205 20 20
-1.04851 0.20282 2.72291 205 20 20
-0.983767 0.229627 2.71972 205 20 20
-0.947196 0.298768 2.8101 205 20 20
-0.974237 0.364054 2.80915 205 20 20
-1.03938 0.391156 2.81085 205 20 20
-1.10446 0.364197 2.81422 205 20 20
-1.13136 0.298971 2.81729 205 20 20
-1.10432 0.233685 2.81824 205 20 20
-1.03918 0.206583 2.81654 205 20 20
-0.974095 0.233542 2.81316 205 20 20
-0.938332 0.300364 2.91709 205 20 20
-0.968806 0.373888 2.91564 205 20 20
-1.04226 0.404393 2.91683 205 20 20
-1.11565 0.37401 2.91996 205 20 20
-1.14601 0.300537 2.9232 205 20 20
-1.11553 0.227012 2.92465 205 20 20
-1.04208 0.196507 2.92346 205 20 20
-0.968684 0.22689 2.92033 205 20 20
-0.921347 0.304292 3.00268 205 20 20
-0.954947 0.385346 3.00314 205 20 20
-1.03594 0.418971 3.00627 205 20 20
-1.11688 0.385469 3.01025 205 20 20
-1.15036 0.304466 3.01274 205 20 20
-1.11676 0.223411 3.01228 205 20 20
-1.03577 0.189786 3.00915 205 20 20
-0.954824 0.223288 3.00517 205 20 20
-0.926343 0.301796 3.12374 205 20 20
-0.957932 0.378076 3.12548 205 20 20
-1.03421 0.409665 3.12729 205 20 20
-1.1105 0.378058 3.12811 205 20 20
-1.1421 0.30177 3.12747 205 20 20
-1.11052 0.22549 3.12573 205 20 20
-1.03424 0.193901 3.12392 205 20 20
-0.95795 0.225508 3.12309 205 20 20
-0.918832 0.300886 3.22664 205 20 20
-0.951974 0.380938 3.22908 205 20 20
-1.03203 0.414081 3.23161 205 20 20
-1.1121 0.380898 3.23275 205 20 20
-1.14528 0.300829 3.23184 205 20 20
-1.11214 0.220776 3.2294 205 20 20
-1.03209 0.187634 3.22687 205 20 20
-0.952015 0.220817 3.22573 205 20 20
-0.90766 0.298423 3.31662 205 20 20
-0.943368 0.384988 3.31437 205 20 20
-1.02983 0.420741 3.31103 205 20 20
-1.11639 0.384738 3.30855 205 20 20
-1.15235 0.29807 3.30838 205 20 20
-1.11664 0.211505 3.31063 205 20 20
-1.03018 0.175752 3.31397 205 20 20
-0.943618 0.211755 3.31645 205 20 20
-0.929108 0.306127 3.43528 205 20 20
-0.961581 0.386641 3.4385 205 20 20
-1.04106 0.419542 3.44395 205 20 20
-1.12099 0.385557 3.44843 205 20 20
-1.15455 0.304593 3.44932 205 20 20
-1.12208 0.224078 3.4461 205 20 20
-1.0426 0.191177 3.44065 205 20 20
-0.962666 0.225163 3.43617 205 20 20
-0.938261 0.29898 3.52413 205 20 20
-0.960742 0.356265 3.52051 205 20 20
-1.0181 0.378714 3.52182 205 20 20
-1.07674 0.353178 3.52728 205 20 20
-1.10231 0.294614 3.5337 205 20 20
-1.07983 0.23733 3.53732 205 20 20
-1.02247 0.21488 3.53601 205 20 20
-0.96383 0.240417 3.53055 205 20 20
-1.00954 0.379046 3.73106 205 20 20
-1.0259 0.420659 3.71113 205 20 20
-1.06915 0.436337 3.69436 205 20 20
-1.11397 0.416897 3.69058 205 20 20
-1.13408 0.373727 3.70199 205 20 20
-1.11773 0.332114 3.72192 205 20 20
-1.07447 0.316436 3.73869 205 20 20
-1.02966 0.335876 3.74248 205 20 20
-1.02866 0.407468 3.80955 205 20 20
-1.04647 0.451197 3.79921 205 20 20
-1.09087 0.468736 3.79244 205 20 20
-1.13584 0.44981 3.79323 205 20 20
-1.15504 0.405506 3.8011 205 20 20
-1.13723 0.361777 3.81145 205 20 20
-1.09283 0.344238 3.81821 205 20 20
-1.04786 0.363164 3.81743 205 20 20
-1.02095 0.412784 3.87053 205 20 20
-1.04025 0.459292 3.86969 205 20 20
-1.08642 0.478721 3.87435 205 20 20
-1.13244 0.459689 3.88178 205 20 20
-1.15133 0.413346 3.88762 205 20 20
-1.13204 0.366837 3.88846 205 20 20
-1.08586 0.347408 3.8838 205 20 20
-1.03985 0.36644 3.87637 205 20 20
-1.01353 0.415654 3.94082 205 20 20
-1.03201 0.454762 3.9309 205 20 20
-1.0745 0.471834 3.9326 205 20 20
-1.11612 0.456871 3.94493 205 20 20
-1.13248 0.418637 3.96065 205 20 20
-1.11401 0.37953 3.97057 205 20 20
-1.07152 0.362457 3.96887 205 20 20
-1.0299 0.377421 3.95654 205 20 20
-1.00711 0.477668 4.02282 205 20 20
-1.02349 0.509561 4.00679 205 20 20
-1.06025 0.52393 4.00437 205 20 20
-1.09585 0.512358 4.01698 205 20 20
-1.10944 0.481623 4.03723 205 20 20
-1.09306 0.44973 4.05326 205 20 20
-1.0563 0.435362 4.05567 205 20 20
-1.0207 0.446934 4.04306 205 20 20
-1.00033 0.503919 4.08395 205 20 20
-1.0154 0.53777 4.07689 205 20 20
-1.05025 0.552427 4.07889 205 20 20
-1.08446 0.539304 4.08879 205 20 20
-1.098 0.506089 4.10079 205 20 20
-1.08293 0.472239 4.10785 205 20 20
-1.04808 0.457581 4.10584 205 20 20
-1.01387 0.470704 4.09594 205 20 20
-0.979067 0.521098 4.18289 205 20 20
-0.993883 0.553861 4.17207 205 20 20
-1.02911 0.567656 4.17045 205 20 20
-1.06411 0.554403 4.17898 205 20 20
-1.07838 0.521864 4.19265 205 20 20
-1.06357 0.489102 4.20347 205 20 20
-1.02834 0.475306 4.20509 205 20 20
-0.993341 0.48856 4.19657 205 20 20
-0.97345 0.556811 4.24272 205 20 20
-0.99001 0.593686 4.23121 205 20 20
-1.0295 0.609163 4.22912 205 20 20
-1.06879 0.594176 4.23769 205 20 20
-1.08486 0.557504 4.25189 205 20 20
-1.0683 0.52063 4.2634 205 20 20
-1.02881 0.505153 4.26549 205 20 20
-0.989521 0.52014 4.25692 205 20 20
-0.957823 0.567423 4.3025 205 20 20
-0.976198 0.610822 4.29926 205 20 20
-1.01931 0.629316 4.30471 205 20 20
-1.0619 0.612072 4.31566 205 20 20
-1.07902 0.56919 4.32568 205 20 20
-1.06065 0.525791 4.32891 205 20 20
-1.01754 0.507297 4.32346 205 20 20
-0.974948 0.524541 4.31252 205 20 20
-0.942232 0.577991 4.37727 205 20 20
-0.96046 0.619769 4.37037 205 20 20
-1.00293 0.637711 4.37358 205 20 20
-1.04475 0.621308 4.38501 205 20 20
-1.06144 0.580167 4.39797 205 20 20
-1.04322 0.53839 4.40486 205 20 20
-1.00075 0.520447 4.40166 205 20 20
-0.958921 0.536851 4.39022 205 20 20
-0.934041 0.606514 4.46191 205 20 20
-0.951489 0.64609 4.45293 205 20 20
-0.992375 0.662996 4.45288 205 20 20
-1.03275 0.647328 4.4618 205 20 20
-1.04896 0.608264 4.47446 205 20 20
-1.03151 0.568688 4.48344 205 20 20
-0.990625 0.551782 4.48349 205 20 20
-0.950252 0.567451 4.47457 205 20 20
-0.923599 0.624262 4.53992 205 20 20
-0.940838 0.665942 4.54377 205 20 20
-0.983075 0.682949 4.55047 205 20 20
-1.02557 0.665322 4.55609 205 20 20
-1.04343 0.623385 4.55735 205 20 20
-1.02619 0.581705 4.55349 205 20 20
-0.983952 0.564697 4.54679 205 20 20
-0.941458 0.582325 4.54117 205 20 20
-0.904623 0.605205 4.62639 205 20 20
-0.922143 0.647198 4.62305 205 20 20
-0.966397 0.66378 4.62338 205 20 20
-1.01146 0.645239 4.6272 205 20 20
-1.03094 0.602435 4.63227 205 20 20
-1.01342 0.560443 4.63561 205 20 20
-0.969167 0.54386 4.63527 205 20 20
-0.924101 0.562402 4.63146 205 20 20
-0.906804 0.626662 4.67657 205 20 20
-0.925782 0.67112 4.66454 205 20 20
-0.972275 0.689255 4.65982 205 20 20
-1.01905 0.670443 4.66519 205 20 20
-1.0387 0.625705 4.6775 205 20 20
-1.01973 0.581247 4.68953 205 20 20
-0.973232 0.563112 4.69425 205 20 20
-0.926459 0.581923 4.68888 205 20 20
-0.900963 0.636767 4.77513 205 20 20
-0.919513 0.678928 4.76728 205 20 20
-0.962963 0.696943 4.76828 205 20 20
-1.00586 0.68026 4.77752 205 20 20
-1.02308 0.638651 4.78961 205 20 20
-1.00453 0.596491 4.79745 205 20 20
-0.961079 0.578476 4.79646 205 20 20
-0.91818 0.595158 4.78722 205 20 20
-0.888611 0.670652 4.85375 205 20 20
-0.906845 0.712777 4.85249 205 20 20
-0.950289 0.730465 4.85689 205 20 20
-0.993492 0.713356 4.86438 205 20 20
-1.01115 0.671471 4.87056 205 20 20
-0.992913 0.629347 4.87182 205 20 20
-0.94947 0.611658 4.86742 205 20 20
-0.906266 0.628768 4.85993 205 20 20
-0.874698 0.659575 4.9256 205 20 20
-0.894066 0.705301 4.92643 205 20 20
-0.940251 0.724478 4.93277 205 20 20
-0.9862 0.705873 4.94089 205 20 20
-1.005 0.660384 4.94605 205 20 20
-0.985627 0.614659 4.94521 205 20 20
-0.939442 0.595482 4.93888 205 20 20
-0.893493 0.614086 4.93076 205 20 20
-0.86378 0.678788 4.99741 205 20 20
-0.882813 0.722978 4.99208 205 20 20
-0.927299 0.74189 4.99604 205 20 20
-0.971178 0.724444 5.00695 205 20 20
-0.988745 0.680861 5.01843 205 20 20
-0.969712 0.636671 5.02375 205 20 20
-0.925226 0.61776 5.0198 205 20 20
-0.881348 0.635205 5.00888 205 20 20
-0.846853 0.689851 5.08202 205 20 20
-0.866474 0.737827 5.08266 205 20 20
-0.912708 0.75817 5.09336 205 20 20
-0.958473 0.738962 5.10785 205 20 20
-0.976959 0.691455 5.11764 205 20 20
-0.957338 0.643479 5.117 205 20 20
-0.911104 0.623136 5.1063 205 20 20
-0.865339 0.642344 5.09181 205 20 20
-0.813486 0.697165 5.16927 205 20 20
-0.833422 0.74637 5.16361 205 20 20
-0.881605 0.766729 5.16628 205 20 20
-0.929811 0.746316 5.17572 205 20 20
-0.949802 0.697088 5.1864 205 20 20
-0.929866 0.647883 5.19207 205 20 20
-0.881683 0.627524 5.1894 205 20 20
-0.833477 0.647938 5.17996 205 20 20
-0.819725 0.717122 5.25043 205 20 20
-0.840263 0.767248 5.24477 205 20 20
-0.890638 0.787683 5.24347 205 20 20
-0.941342 0.766455 5.24727 205 20 20
-0.962673 0.716 5.25395 205 20 20
-0.942136 0.665873 5.2596 205 20 20
-0.89176 0.645439 5.26091 205 20 20
-0.841056 0.666667 5.25711 205 20 20
-0.801752 0.716189 5.3308 205 20 20
-0.823662 0.769474 5.33277 205 20 20
-0.876314 0.791645 5.34061 205 20 20
-0.928868 0.769715 5.34973 205 20 20
-0.950536 0.716529 5.35479 205 20 20
-0.928627 0.663244 5.35283 205 20 20
-0.875974 0.641073 5.34499 205 20 20
-0.823421 0.663003 5.33586 205 20 20
-0.789161 0.723576 5.43996 205 20 20
-0.809219 0.772951 5.42786 205 20 20
-0.85974 0.792535 5.42169 205 20 20
-0.911129 0.770856 5.42506 205 20 20
-0.933282 0.720613 5.43599 205 20 20
-0.913224 0.671239 5.44808 205 20 20
-0.862703 0.651655 5.45426 205 20 20
-0.811315 0.673334 5.45089 205 20 20
-0.816932 0.763148 5.52997 205 20 20
-0.835401 0.808516 5.5171 205 20 20
-0.882051 0.826454 5.50982 205 20 20
-0.929555 0.806454 5.51241 205 20 20
-0.950086 0.760231 5.52335 205 20 20
-0.931618 0.714863 5.53622 205 20 20
-0.884968 0.696925 5.5435 205 20 20
-0.837463 0.716925 5.54091 205 20 20
-0.804701 0.769059 5.60463 205 20 20
-0.824405 0.816474 5.60392 205 20 20
-0.871264 0.836409 5.61039 205 20 20
-0.917828 0.817186 5.62026 205 20 20
-0.936821 0.770066 5.62774 205 20 20
-0.917116 0.722652 5.62846 205 20 20
-0.870257 0.702717 5.62198 205 20 20
-0.823693 0.721939 5.61211 205 20 20
-0.783047 0.776378 5.69001 205 20 20
-0.804045 0.826912 5.6872 205 20 20
-0.854309 0.848021 5.69012 205 20 20
-0.904396 0.82734 5.69706 205 20 20
-0.924965 0.776984 5.70396 205 20 20
-0.903967 0.726451 5.70677 205 20 20
-0.853703 0.705342 5.70385 205 20 20
-0.803616 0.726022 5.69691 205 20 20
-0.782575 0.785318 5.77636 205 20 20
-0.803604 0.835831 5.77295 205 20 20
-0.854173 0.856835 5.77379 205 20 20
-0.904662 0.836028 5.77837 205 20 20
-0.925493 0.785597 5.78402 205 20 20
-0.904464 0.735085 5.78743 205 20 20
-0.853895 0.71408 5.78659 205 20 20
-0.803407 0.734887 5.78201 205 20 20
-0.778753 0.79033 5.85047 205 20 20
-0.79879 0.834422 5.83833 205 20 20
-0.84618 0.853092 5.8367 205 20 20
-0.893163 0.835405 5.84653 205 20 20
-0.912216 0.79172 5.86207 205 20 20
-0.892179 0.747629 5.87421 205 20 20
-0.844789 0.728958 5.87584 205 20 20
-0.797807 0.746645 5.86601 205 20 20
-0.776586 0.848032 5.94264 205 20 20
-0.795731 0.888755 5.92752 205 20 20
-0.840113 0.906385 5.92582 205 20 20
-0.883733 0.890595 5.93854 205 20 20
-0.901039 0.850633 5.95824 205 20 20
-0.881894 0.80991 5.97336 205 20 20
-0.837512 0.79228 5.97506 205 20 20
-0.793892 0.808071 5.96233 205 20 20
-0.758992 0.869082 6.01399 205 20 20
-0.778562 0.91525 6.01091 205 20 20
-0.823843 0.935188 6.0197 205 20 20
-0.868309 0.917216 6.03521 205 20 20
-0.885914 0.871861 6.04835 205 20 20
-0.866344 0.825692 6.05143 205 20 20
-0.821063 0.805755 6.04264 205 20 20
-0.776597 0.823727 6.02713 205 20 20
-0.731895 0.877094 6.08242 205 20 20
-0.752666 0.926028 6.07663 205 20 20
-0.801404 0.946879 6.08228 205 20 20
-0.84956 0.927434 6.09606 205 20 20
-0.868924 0.879083 6.1099 205 20 20
-0.848154 0.830149 6.11569 205 20 20
-0.799415 0.809298 6.11003 205 20 20
-0.751259 0.828743 6.09625 205 20 20
-0.73479 0.903199 6.17134 205 20 20
-0.752615 0.945446 6.16652 205 20 20
-0.794802 0.963297 6.17102 205 20 20
-0.836638 0.946293 6.18221 205 20 20
-0.853617 0.904397 6.19352 205 20 20
-0.835791 0.86215 6.19834 205 20 20
-0.793604 0.8443 6.19383 205 20 20
-0.751768 0.861303 6.18265 205 20 20
-0.714314 0.90827 6.25653 205 20 20
-0.729343 0.943461 6.2513 205 20 20
-0.764937 0.958323 6.2549 205 20 20
-0.800246 0.94415 6.26524 205 20 20
-0.814586 0.909244 6.27624 205 20 20
-0.799557 0.874053 6.28147 205 20 20
-0.763963 0.859191 6.27787 205 20 20
-0.728654 0.873364 6.26754 205 20 20
-0.723421 0.947051 6.30056 205 20 20
-0.721442 0.954976 6.30817 205 20 20
-0.743331 0.947213 6.31802 205 20 20
-0.776264 0.928311 6.32433 205 20 20
-0.800951 0.909341 6.32341 205 20 20
-0.802929 0.901417 6.31579 205 20 20
-0.781041 0.909179 6.30595 205 20 20
-0.748107 0.928081 6.29964 205 20 20
-0.728894 0.892974 6.26997 205 20 20
-0.721161 0.90031 6.2819 205 20 20
-0.719733 0.896207 6.28252 205 20 20
-0.725446 0.88307 6.27148 205 20 20
-0.734954 0.868594 6.25524 205 20 20
-0.742686 0.861258 6.24331 205 20 20
-0.744114 0.865361 6.24269 205 20 20
-0.738401 0.878498 6.25373 205 20 20
-0.954786 0.819404 6.1366 205 20 20
-0.96514 0.849131 6.14084 205 20 20
-0.975126 0.867662 6.12629 205 20 20
-0.978895 0.864141 6.10149 205 20 20
-0.974238 0.840632 6.08096 205 20 20
-0.963884 0.810905 6.07672 205 20 20
-0.953898 0.792374 6.09127 205 20 20
-0.95013 0.795894 6.11607 205 20 20
-1.01182 0.717807 6.24711 205 20 20
-1.02385 0.742866 6.24887 205 20 20
-1.04897 0.754871 6.23848 205 20 20
-1.07246 0.74679 6.22204 205 20 20
-1.08057 0.723357 6.20918 205 20 20
-1.06854 0.698298 6.20742 205 20 20
-1.04342 0.686293 6.2178 205 20 20
-1.01992 0.694374 6.23424 205 20 20
-1.05997 0.739489 6.31647 205 20 20
-1.06785 0.763139 6.30641 205 20 20
-1.08946 0.771869 6.2931 205 20 20
-1.11213 0.760564 6.28436 205 20 20
-1.12259 0.735848 6.28529 205 20 20
-1.1147 0.712198 6.29536 205 20 20
-1.0931 0.703468 6.30866 205 20 20
-1.07043 0.714772 6.31741 205 20 20
-1.083 0.757877 6.37616 205 20 20
-1.08893 0.780695 6.36027 205 20 20
-1.11004 0.787328 6.34244 205 20 20
-1.13396 0.773891 6.33312 205 20 20
-1.14669 0.748255 6.33776 205 20 20
-1.14077 0.725437 6.35365 205 20 20
-1.11966 0.718804 6.37148 205 20 20
-1.09573 0.732241 6.3808 205 20 20
-1.10866 0.775981 6.39675 205 20 20
-1.11465 0.797572 6.38501 205 20 20
-1.13452 0.804275 6.37001 205 20 20
-1.15663 0.792165 6.36053 205 20 20
-1.16802 0.768334 6.36212 205 20 20
-1.16203 0.746743 6.37386 205 20 20
-1.14217 0.74004 6.38887 205 20 20
-1.12006 0.752151 6.39835 205 20 20
-1.13067 0.768787 6.46163 205 20 20
-1.14029 0.792593 6.46008 205 20 20
-1.1632 0.802579 6.45408 205 20 20
-1.18599 0.792897 6.44716 205 20 20
-1.1953 0.769218 6.44337 205 20 20
-1.18568 0.745412 6.44492 205 20 20
-1.16277 0.735426 6.45092 205 20 20
-1.13998 0.745108 6.45784 205 20 20
-1.13677 0.766251 6.50604 205 20 20
-1.14787 0.793134 6.50602 205 20 20
-1.17438 0.804394 6.5022 205 20 20
-1.20077 0.793435 6.4968 205 20 20
-1.21157 0.766677 6.49299 205 20 20
-1.20047 0.739794 6.49301 205 20 20
-1.17396 0.728534 6.49684 205 20 20
-1.14757 0.739493 6.50223 205 20 20
-1.14315 0.764025 6.54946 205 20 20
-1.15289 0.790213 6.54451 205 20 20
-1.17779 0.800487 6.53598 205 20 20
-1.20327 0.788829 6.52887 205 20 20
-1.21439 0.762067 6.52735 205 20 20
-1.20465 0.735879 6.5323 205 20 20
-1.17975 0.725605 6.54083 205 20 20
-1.15428 0.737263 6.54794 205 20 20
-1.18616 0.777591 6.60353 205 20 20
-1.19745 0.800082 6.5924 205 20 20
-1.2199 0.811388 6.58856 205 20 20
-1.24036 0.804887 6.59426 205 20 20
-1.24684 0.784386 6.60616 205 20 20
-1.23555 0.761894 6.61729 205 20 20
-1.2131 0.750588 6.62113 205 20 20
-1.19264 0.757089 6.61543 205 20 20
-1.16828 0.80388 6.62148 205 20 20
-1.17687 0.821637 6.60415 205 20 20
-1.19756 0.829018 6.59725 205 20 20
-1.21822 0.821698 6.60481 205 20 20
-1.22675 0.803966 6.62241 205 20 20
-1.21816 0.786209 6.63974 205 20 20
-1.19747 0.778829 6.64664 205 20 20
-1.17681 0.786148 6.63908 205 20 20
-1.23283 0.894706 6.69341 205 20 20
-1.23839 0.908205 6.67249 205 20 20
-1.25844 0.91105 6.65793 205 20 20
-1.28124 0.901576 6.65827 205 20 20
-1.29342 0.885331 6.67331 205 20 20
-1.28787 0.871832 6.69423 205 20 20
-1.26782 0.868987 6.70878 205 20 20
-1.24502 0.878461 6.70844 205 20 20
-1.24756 0.939034 6.72965 205 20 20
-1.24809 0.954565 6.71098 205 20 20
-1.25834 0.957273 6.693 205 20 20
-1.27233 0.945573 6.68623 205 20 20
-1.28184 0.926318 6.69464 205 20 20
-1.28132 0.910787 6.71331 205 20 20
-1.27106 0.908079 6.7313 205 20 20
-1.25708 0.919779 6.73806 205 20 20
-1.28767 0.955946 6.7289 205 20 20
-1.28812 0.963952 6.70632 205 20 20
-1.29983 0.962862 6.68624 205 20 20
-1.31595 0.953315 6.6804 205 20 20
-1.32704 0.940904 6.69224 205 20 20
-1.32659 0.932898 6.71482 205 20 20
-1.31487 0.933988 6.7349 205 20 20
-1.29875 0.943535 6.74074 205 20 20
-1.28286 1.05444 6.71399 205 20 20
-1.28726 1.05961 6.68863 205 20 20
-1.30761 1.05771 6.67106 205 20 20
-1.332 1.04986 6.67158 205 20 20
-1.34613 1.04066 6.68988 205 20 20
-1.34174 1.03549 6.71524 205 20 20
-1.32139 1.03739 6.73281 205 20 20
-1.297 1.04523 6.73229 205 20 20
-1.32084 1.08924 6.73017 205 20 20
-1.33018 1.09757 6.70771 205 20 20
-1.35131 1.10162 6.6956 205 20 20
-1.37184 1.099 6.70094 205 20 20
-1.37975 1.09127 6.7206 205 20 20
-1.37041 1.08293 6.74307 205 20 20
-1.34928 1.07889 6.75518 205 20 20
-1.32875 1.0815 6.74984 205 20 20
-1.29714 1.15651 6.7038 205 20 20
-1.31237 1.15961 6.68699 205 20 20
-1.33394 1.16719 6.6859 205 20 20
-1.34922 1.17481 6.70115 205 20 20
-1.34925 1.178 6.72381 205 20 20
-1.33402 1.17491 6.74061 205 20 20
-1.31245 1.16733 6.74171 205 20 20
-1.29718 1.15971 6.72646 205 20 20
-1.29383 1.20109 6.71163 205 20 20
-1.29759 1.20163 6.69673 205 20 20
-1.30947 1.2007 6.68949 205 20 20
-1.3225 1.19884 6.69415 205 20 20
-1.32906 1.19714 6.70798 205 20 20
-1.32529 1.1966 6.72288 205 20 20
-1.31341 1.19753 6.73012 205 20 20
-1.30038 1.19939 6.72546 205 20 20
-1.33242 1.26933 6.70049 205 20 20
-1.33103 1.26285 6.68669 205 20 20
-1.34055 1.25482 6.67683 205 20 20
-1.35542 1.24995 6.67667 205 20 20
-1.36692 1.25108 6.68632 205 20 20
-1.36832 1.25756 6.70011 205 20 20
-1.35879 1.26559 6.70998 205 20 20
-1.34392 1.27046 6.71013 205 20 20
-1.34204 1.32579 6.63676 205 20 20
-1.34348 1.32049 6.62457 205 20 20
-1.35452 1.31516 6.61717 205 20 20
-1.36869 1.31292 6.61889 205 20 20
-1.3777 1.31509 6.62872 205 20 20
-1.37626 1.32039 6.64091 205 20 20
-1.36522 1.32572 6.64831 205 20 20
-1.35105 1.32796 6.64659 205 20 20
-1.36858 1.39936 6.6442 205 20 20
-1.3698 1.40002 6.63073 205 20 20
-1.37971 1.39741 6.62186 205 20 20
-1.3925 1.39305 6.62281 205 20 20
-1.40068 1.38951 6.633 205 20 20
-1.39947 1.38885 6.64647 205 20 20
-1.38956 1.39146 6.65533 205 20 20
-1.37677 1.39581 6.65439 205 20 20
-1.38463 1.39443 6.6386 205 20 20
-1.19751 0.803923 6.62195 20 205 20
-1.17695 0.804132 6.62091 20 205 20
-1.18282 0.817496 6.62685 20 205 20
-1.1973 0.82291 6.62991 20 205 20
-1.21191 0.817202 6.62831 20 205 20
-1.21808 0.803715 6.62298 20 205 20
-1.2122 0.79035 6.61704 20 205 20
-1.19772 0.784936 6.61398 20 205 20
-1.18312 0.790645 6.61558 20 205 20
-1.17417 0.765769 6.71226 20 205 20
-1.17939 0.777514 6.71797 20 205 20
-1.1923 0.782247 6.72093 20 205 20
-1.20535 0.777195 6.71942 20 205 20
-1.21089 0.765318 6.7143 20 205 20
-1.20567 0.753572 6.70859 20 205 20
-1.19276 0.748839 6.70563 20 205 20
-1.17971 0.753891 6.70715 20 205 20
-1.17231 0.736227 6.77024 20 205 20
-1.17687 0.746353 6.77572 20 205 20
-1.18821 0.750405 6.77859 20 205 20
-1.1997 0.746009 6.77715 20 205 20
-1.2046 0.735741 6.77226 20 205 20
-1.20005 0.725615 6.76678 20 205 20
-1.1887 0.721563 6.76392 20 205 20
-1.17721 0.725958 6.76535 20 205 20
-1.18846 0.735984 6.77125 20 205 20
-0.731924 0.880784 6.2626 20 205 20
-0.695476 0.879684 6.25553 20 205 20
-0.706929 0.905043 6.2497 20 205 20
-0.733024 0.916192 6.25143 20 205 20
-0.758474 0.906599 6.25971 20 205 20
-0.768372 0.881884 6.26968 20 205 20
-0.756918 0.856525 6.27551 20 205 20
-0.730823 0.845376 6.27378 20 205 20
-0.705373 0.854969 6.2655 20 205 20
-0.643626 0.963398 6.51914 20 205 20
-0.654351 0.988347 6.51352 20 205 20
-0.67973 0.998894 6.51193 20 205 20
-0.704896 0.988859 6.51529 20 205 20
-0.715109 0.964121 6.52164 20 205 20
-0.704385 0.939171 6.52726 20 205 20
-0.679006 0.928625 6.52885 20 205 20
-0.653839 0.93866 6.52549 20 205 20
-0.659759 0.983106 6.63774 20 205 20
-0.66969 1.00669 6.63038 20 205 20
-0.694152 1.01626 6.6255 20 205 20
-0.718816 1.00621 6.62597 20 205 20
-0.729234 0.982417 6.6315 20 205 20
-0.719303 0.95883 6.63887 20 205 20
-0.694841 0.949262 6.64374 20 205 20
-0.670177 0.959317 6.64328 20 205 20
-0.664988 1.01724 6.72424 20 205 20
-0.674765 1.04001 6.7161 20 205 20
-0.69877 1.04928 6.71169 20 205 20
-0.722942 1.03961 6.7136 20 205 20
-0.733121 1.01667 6.72071 20 205 20
-0.723344 0.993904 6.72885 20 205 20
-0.699339 0.984639 6.73326 20 205 20
-0.675167 0.994305 6.73135 20 205 20
-0.672131 1.04241 6.80688 20 205 20
-0.681291 1.06543 6.80597 20 205 20
-0.703878 1.07478 6.80873 20 205 20
-0.72666 1.06496 6.81355 20 205 20
-0.736292 1.04174 6.81761 20 205 20
-0.727131 1.01872 6.81851 20 205 20
-0.704544 1.00937 6.81575 20 205 20
-0.681763 1.01919 6.81093 20 205 20
-0.646754 1.03789 6.86792 20 205 20
-0.655882 1.06062 6.86808 20 205 20
-0.678052 1.06998 6.87238 20 205 20
-0.700275 1.06049 6.87832 20 205 20
-0.709534 1.03771 6.88241 20 205 20
-0.700405 1.01498 6.88225 20 205 20
-0.678236 1.00562 6.87794 20 205 20
-0.656013 1.01511 6.872 20 205 20
-0.641793 1.05844 6.96035 20 205 20
-0.650486 1.07964 6.95245 20 205 20
-0.672478 1.088 6.94736 20 205 20
-0.694887 1.07863 6.94808 20 205 20
-0.704586 1.05702 6.95416 20 205 20
-0.695894 1.03582 6.96207 20 205 20
-0.673901 1.02745 6.96715 20 205 20
-0.651492 1.03682 6.96644 20 205 20
-0.669502 1.09826 7.0501 20 205 20
-0.677903 1.11906 7.04412 20 205 20
-0.69907 1.12731 7.04106 20 205 20
-0.720604 1.11817 7.0427 20 205 20
-0.729891 1.097 7.0481 20 205 20
-0.721491 1.0762 7.05408 20 205 20
-0.700324 1.06795 7.05714 20 205 20
-0.678789 1.07709 7.0555 20 205 20
-0.653061 1.10833 7.12856 20 205 20
-0.66191 1.12929 7.12574 20 205 20
-0.682998 1.13808 7.12633 20 205 20
-0.703971 1.12956 7.13 20 205 20
-0.712544 1.10873 7.13458 20 205 20
-0.703695 1.08777 7.1374 20 205 20
-0.682607 1.07898 7.13681 20 205 20
-0.661634 1.08749 7.13314 20 205 20
-0.653813 1.12528 7.20487 20 205 20
-0.662175 1.14272 7.19536 20 205 20
-0.682688 1.14981 7.19108 20 205 20
-0.703336 1.14239 7.19452 20 205 20
-0.712024 1.12482 7.20369 20 205 20
-0.703662 1.10738 7.21319 20 205 20
-0.683149 1.1003 7.21748 20 205 20
-0.662501 1.10771 7.21403 20 205 20
-0.667536 1.20113 7.29817 20 205 20
-0.674707 1.21818 7.28973 20 205 20
-0.689297 1.22637 7.27875 20 205 20
-0.70276 1.2209 7.27168 20 205 20
-0.707208 1.20498 7.27265 20 205 20
-0.700038 1.18793 7.2811 20 205 20
-0.685448 1.17974 7.29207 20 205 20
-0.671985 1.18521 7.29914 20 205 20
-0.695552 1.19464 7.30163 20 205 20
-0.70174 1.21358 7.30376 20 205 20
-0.714418 1.22236 7.30118 20 205 20
-0.726159 1.21584 7.29541 20 205 20
-0.730086 1.19784 7.28982 20 205 20
-0.723897 1.1789 7.28769 20 205 20
-0.711219 1.17012 7.29027 20 205 20
-0.699478 1.17664 7.29604 20 205 20
-0.625921 1.17262 7.4033 20 205 20
-0.632204 1.19037 7.40743 20 205 20
-0.646747 1.19799 7.41773 20 205 20
-0.661031 1.191 7.42817 20 205 20
-0.666689 1.1735 7.43263 20 205 20
-0.660405 1.15574 7.4285 20 205 20
-0.645862 1.14813 7.4182 20 205 20
-0.631578 1.15512 7.40776 20 205 20
-0.567319 1.19028 7.47361 20 205 20
-0.572983 1.20595 7.47034 20 205 20
-0.586377 1.21256 7.47147 20 205 20
-0.599654 1.20623 7.47635 20 205 20
-0.605037 1.19068 7.48211 20 205 20
-0.599373 1.17501 7.48538 20 205 20
-0.585979 1.16841 7.48425 20 205 20
-0.572702 1.17473 7.47937 20 205 20
-0.586931 1.21051 7.53241 20 205 20
-0.592734 1.22416 7.53093 20 205 20
-0.606879 1.22975 7.52627 20 205 20
-0.621081 1.22402 7.52115 20 205 20
-0.62702 1.21032 7.51857 20 205 20
-0.621218 1.19668 7.52004 20 205 20
-0.607073 1.19108 7.52471 20 205 20
-0.592871 1.19681 7.52983 20 205 20
-0.613033 1.16866 7.6033 20 205 20
-0.618807 1.18068 7.60359 20 205 20
-0.631808 1.18605 7.60196 20 205 20
-0.64442 1.18162 7.59938 20 205 20
-0.649256 1.16998 7.59735 20 205 20
-0.643483 1.15795 7.59706 20 205 20
-0.630482 1.15258 7.59869 20 205 20
-0.617869 1.15702 7.60127 20 205 20
-0.616216 1.19619 7.66722 20 205 20
-0.621021 1.20705 7.66272 20 205 20
-0.632726 1.21151 7.66063 20 205 20
-0.644474 1.20695 7.66218 20 205 20
-0.649384 1.19604 7.66645 20 205 20
-0.644579 1.18519 7.67095 20 205 20
-0.632874 1.18073 7.67303 20 205 20
-0.621126 1.18529 7.67149 20 205 20
-0.6328 1.19612 7.66683 20 205 20
-0.731924 0.880784 6.2626 20 205 20
-0.703373 0.880529 6.26549 20 205 20
-0.711916 0.900579 6.2682 20 205 20
-0.732179 0.909034 6.26764 20 205 20
-0.752293 0.90094 6.26413 20 205 20
-0.760474 0.88104 6.25972 20 205 20
-0.751931 0.860989 6.257 20 205 20
-0.731668 0.852535 6.25757 20 205 20
-0.711555 0.860628 6.26108 20 205 20
-0.735924 0.827833 6.55848 20 205 20
-0.743732 0.844192 6.56535 20 205 20
-0.762302 0.851085 6.56724 20 205 20
-0.780754 0.844474 6.56304 20 205 20
-0.78828 0.828232 6.55521 20 205 20
-0.780471 0.811873 6.54834 20 205 20
-0.761902 0.80498 6.54645 20 205 20
-0.74345 0.811591 6.55065 20 205 20
-0.740847 0.775237 6.61942 20 205 20
-0.747479 0.789295 6.62403 20 205 20
-0.763421 0.795146 6.62431 20 205 20
-0.779335 0.789362 6.62009 20 205 20
-0.7859 0.775331 6.61385 20 205 20
-0.779269 0.761273 6.60924 20 205 20
-0.763326 0.755422 6.60896 20 205 20
-0.747412 0.761206 6.61318 20 205 20
-0.761191 0.776801 6.6946 20 205 20
-0.766904 0.791366 6.69231 20 205 20
-0.780883 0.79732 6.68796 20 205 20
-0.794941 0.791177 6.68412 20 205 20
-0.800843 0.776534 6.68303 20 205 20
-0.79513 0.76197 6.68532 20 205 20
-0.78115 0.756015 6.68966 20 205 20
-0.767092 0.762159 6.69351 20 205 20
-0.783677 0.780987 6.75105 20 205 20
-0.78858 0.793509 6.74798 20 205 20
-0.800788 0.798541 6.74402 20 205 20
-0.813151 0.793136 6.74147 20 205 20
-0.818427 0.78046 6.74185 20 205 20
-0.813524 0.767938 6.74491 20 205 20
-0.801316 0.762906 6.74888 20 205 20
-0.788953 0.768311 6.75142 20 205 20
-0.796905 0.796467 6.81825 20 205 20
-0.801474 0.80783 6.8149 20 205 20
-0.812941 0.812356 6.81186 20 205 20
-0.824589 0.807393 6.81091 20 205 20
-0.829595 0.795848 6.81261 20 205 20
-0.825027 0.784485 6.81596 20 205 20
-0.81356 0.77996 6.819 20 205 20
-0.801911 0.784923 6.81995 20 205 20
-0.81325 0.796158 6.81543 20 205 20
-1.02029 0.296797 3.52891 20 205 20
-0.974022 0.289611 3.57494 20 205 20
-0.992654 0.336259 3.57352 20 205 20
-1.02747 0.359791 3.54597 20 205 20
-1.05808 0.346423 3.50843 20 205 20
-1.06655 0.303984 3.48288 20 205 20
-1.04792 0.257336 3.4843 20 205 20
-1.0131 0.233803 3.51186 20 205 20
-0.982491 0.247172 3.5494 20 205 20
-1.05421 0.260736 3.63715 20 205 20
-1.07243 0.304019 3.64148 20 205 20
-1.11056 0.324375 3.62766 20 205 20
-1.14626 0.309879 3.60378 20 205 20
-1.15862 0.269023 3.58384 20 205 20
-1.1404 0.225741 3.57951 20 205 20
-1.10227 0.205385 3.59333 20 205 20
-1.06657 0.219881 3.61721 20 205 20
-1.07033 0.210447 3.78562 20 205 20
-1.08785 0.251291 3.79413 20 205 20
-1.12958 0.268442 3.79686 20 205 20
-1.17107 0.251853 3.79222 20 205 20
-1.18803 0.211243 3.78293 20 205 20
-1.17051 0.170399 3.77442 20 205 20
-1.12878 0.153249 3.77168 20 205 20
-1.08729 0.169837 3.77632 20 205 20
-1.06267 0.202513 3.84512 20 205 20
-1.08044 0.245168 3.8543 20 205 20
-1.12382 0.26264 3.86035 20 205 20
-1.1674 0.244694 3.85972 20 205 20
-1.18565 0.201841 3.85278 20 205 20
-1.16787 0.159185 3.84359 20 205 20
-1.12449 0.141714 3.83755 20 205 20
-1.08092 0.15966 3.83818 20 205 20
-1.05565 0.183951 3.91981 20 205 20
-1.0743 0.229094 3.92908 20 205 20
-1.11991 0.247557 3.93658 20 205 20
-1.16575 0.228526 3.93791 20 205 20
-1.18498 0.183147 3.93231 20 205 20
-1.16632 0.138004 3.92304 20 205 20
-1.12071 0.119541 3.91554 20 205 20
-1.07487 0.138572 3.91421 20 205 20
-1.04478 0.177048 3.99341 20 205 20
-1.06376 0.223165 3.99908 20 205 20
-1.10985 0.242155 4.00388 20 205 20
-1.15606 0.222893 4.005 20 205 20
-1.17531 0.176663 4.00177 20 205 20
-1.15633 0.130546 3.9961 20 205 20
-1.11024 0.111557 3.9913 20 205 20
-1.06403 0.130818 3.99018 20 205 20
-1.04772 0.167989 4.08568 20 205 20
-1.06634 0.212837 4.09096 20 205 20
-1.11142 0.231365 4.09392 20 205 20
-1.15654 0.212721 4.09281 20 205 20
-1.17528 0.167825 4.0883 20 205 20
-1.15666 0.122977 4.08301 20 205 20
-1.11158 0.104448 4.08006 20 205 20
-1.06646 0.123093 4.08116 20 205 20
-1.04419 0.157422 4.17251 20 205 20
-1.06204 0.201007 4.17987 20 205 20
-1.10572 0.218823 4.18656 20 205 20
-1.14963 0.200434 4.18867 20 205 20
-1.16806 0.156612 4.18495 20 205 20
-1.1502 0.113027 4.17759 20 205 20
-1.10653 0.0952107 4.1709 20 205 20
-1.06261 0.1136 4.16879 20 205 20
-1.03626 0.147218 4.24947 20 205 20
-1.05343 0.188997 4.25476 20 205 20
-1.09521 0.206166 4.25854 20 205 20
-1.13712 0.188669 4.2586 20 205 20
-1.15462 0.146754 4.25491 20 205 20
-1.13745 0.104976 4.24962 20 205 20
-1.09567 0.0878063 4.24584 20 205 20
-1.05376 0.105304 4.24577 20 205 20
-1.04146 0.140151 4.34087 20 205 20
-1.05883 0.18168 4.34477 20 205 20
-1.10059 0.198948 4.345 20 205 20
-1.14229 0.181841 4.34143 20 205 20
-1.15949 0.140379 4.33615 20 205 20
-1.14212 0.0988504 4.33225 20 205 20
-1.10036 0.081582 4.33202 20 205 20
-1.05867 0.0986894 4.33559 20 205 20
-1.04272 0.128333 4.43172 20 205 20
-1.06001 0.170668 4.43043 20 205 20
-1.10217 0.188034 4.42571 20 205 20
-1.14451 0.170257 4.42033 20 205 20
-1.16221 0.127752 4.41743 20 205 20
-1.14492 0.0854176 4.41872 20 205 20
-1.10276 0.0680519 4.42344 20 205 20
-1.06042 0.0858281 4.42883 20 205 20
-1.05721 0.133135 4.49783 20 205 20
-1.07473 0.175366 4.49537 20 205 20
-1.11574 0.193387 4.48434 20 205 20
-1.15623 0.176643 4.47121 20 205 20
-1.17247 0.134941 4.46366 20 205 20
-1.15495 0.0927105 4.46612 20 205 20
-1.11394 0.0746893 4.47715 20 205 20
-1.07345 0.0914339 4.49029 20 205 20
-1.09213 0.110191 4.58109 20 205 20
-1.11015 0.152744 4.58249 20 205 20
-1.15183 0.171125 4.57817 20 205 20
-1.19275 0.154567 4.57065 20 205 20
-1.20895 0.11277 4.56434 20 205 20
-1.19093 0.0702167 4.56294 20 205 20
-1.14925 0.0518354 4.56726 20 205 20
-1.10833 0.0683932 4.57478 20 205 20
-1.08394 0.113889 4.63702 20 205 20
-1.10223 0.157987 4.63685 20 205 20
-1.14609 0.176366 4.63541 20 205 20
-1.18985 0.158259 4.63353 20 205 20
-1.20786 0.114273 4.63233 20 205 20
-1.18957 0.0701746 4.6325 20 205 20
-1.14571 0.0517961 4.63394 20 205 20
-1.10196 0.0699032 4.63582 20 205 20
-1.08605 0.11355 4.65442 20 205 20
-1.10391 0.157663 4.66291 20 205 20
-1.14824 0.175434 4.66774 20 205 20
-1.19307 0.156452 4.66606 20 205 20
-1.21215 0.111837 4.65888 20 205 20
-1.19429 0.0677243 4.65038 20 205 20
-1.14995 0.0499538 4.64556 20 205 20
-1.10512 0.0689356 4.64723 20 205 20
-1.06822 0.0866493 4.74377 20 205 20
-1.08673 0.130132 4.75615 20 205 20
-1.13056 0.148493 4.75943 20 205 20
-1.17404 0.130977 4.75167 20 205 20
-1.1917 0.0878451 4.73743 20 205 20
-1.17319 0.0443626 4.72505 20 205 20
-1.12936 0.0260014 4.72177 20 205 20
-1.08588 0.0435171 4.72953 20 205 20
-1.08382 0.0641795 4.80075 20 205 20
-1.10434 0.115887 4.81459 20 205 20
-1.15365 0.1374 4.82486 20 205 20
-1.20286 0.116115 4.82554 20 205 20
-1.22315 0.0645014 4.81623 20 205 20
-1.20263 0.0127936 4.80239 20 205 20
-1.15332 -0.00871872 4.79212 20 205 20
-1.10411 0.012566 4.79144 20 205 20
-1.06721 0.0586827 4.82464 20 205 20
-1.0844 0.108138 4.84129 20 205 20
-1.12937 0.127193 4.86642 20 205 20
-1.17577 0.104686 4.88532 20 205 20
-1.19642 0.0538011 4.8869 20 205 20
-1.17922 0.00434597 4.87025 20 205 20
-1.13425 -0.0147092 4.84511 20 205 20
-1.08785 0.00779777 4.82622 20 205 20
-1.0317 0.0423218 4.93314 20 205 20
-1.0512 0.0898216 4.94402 20 205 20
-1.09515 0.1108 4.94585 20 205 20
-1.13779 0.0929686 4.93756 20 205 20
-1.15415 0.0467723 4.924 20 205 20
-1.13464 -0.000727547 4.91313 20 205 20
-1.0907 -0.0217061 4.9113 20 205 20
-1.04806 -0.00387449 4.91959 20 205 20
-1.08892 -0.000856395 5.04866 20 205 20
-1.10876 0.0453185 5.06085 20 205 20
-1.15374 0.0656589 5.0597 20 205 20
-1.1975 0.0482496 5.04587 20 205 20
-1.21441 0.00328888 5.02747 20 205 20
-1.19457 -0.042886 5.01527 20 205 20
-1.14959 -0.0632264 5.01643 20 205 20
-1.10583 -0.0458171 5.03026 20 205 20
-1.08183 -0.0167812 5.09216 20 205 20
-1.09748 0.0205541 5.10456 20 205 20
-1.13552 0.0359134 5.11047 20 205 20
-1.17368 0.0202993 5.10643 20 205 20
-1.18958 -0.0171415 5.09481 20 205 20
-1.17393 -0.0544768 5.08241 20 205 20
-1.13589 -0.069836 5.0765 20 205 20
-1.09773 -0.054222 5.08054 20 205 20
-1.10046 -0.0422854 5.18289 20 205 20
-1.11619 -0.00440576 5.18211 20 205 20
-1.15361 0.0115102 5.17291 20 205 20
-1.19081 -0.00386092 5.16067 20 205 20
-1.20599 -0.0415149 5.15258 20 205 20
-1.19027 -0.0793945 5.15336 20 205 20
-1.15284 -0.0953105 5.16256 20 205 20
-1.11565 -0.0799394 5.17479 20 205 20
-1.12829 -0.0300504 5.24621 20 205 20
-1.14232 0.00668001 5.24923 20 205 20
-1.17858 0.0209051 5.24893 20 205 20
-1.21583 0.00429188 5.24548 20 205 20
-1.23225 -0.0334277 5.24091 20 205 20
-1.21822 -0.0701582 5.23789 20 205 20
-1.18196 -0.0843832 5.23819 20 205 20
-1.14471 -0.06777 5.24164 20 205 20
-1.1132 -0.0507603 5.29669 20 205 20
-1.12814 -0.0143913 5.3074 20 205 20
-1.16515 0.000290556 5.3131 20 205 20
-1.20254 -0.0153151 5.31046 20 205 20
-1.21841 -0.0520668 5.30103 20 205 20
-1.20346 -0.0884358 5.29032 20 205 20
-1.16646 -0.103118 5.28462 20 205 20
-1.12907 -0.087512 5.28726 20 205 20
-1.13071 -0.0743338 5.41085 20 205 20
-1.14671 -0.0376564 5.41744 20 205 20
-1.18406 -0.021933 5.41567 20 205 20
-1.22089 -0.0363742 5.4066 20 205 20
-1.23561 -0.0725205 5.39552 20 205 20
-1.2196 -0.109198 5.38894 20 205 20
-1.18225 -0.124921 5.39071 20 205 20
-1.14543 -0.11048 5.39978 20 205 20
-1.14604 -0.104352 5.51224 20 205 20
-1.16157 -0.0681532 5.51552 20 205 20
-1.19826 -0.0528268 5.51643 20 205 20
-1.23462 -0.067351 5.51444 20 205 20
-1.24935 -0.103218 5.51072 20 205 20
-1.23382 -0.139417 5.50744 20 205 20
-1.19713 -0.154743 5.50653 20 205 20
-1.16077 -0.140219 5.50852 20 205 20
-1.14405 -0.0989564 5.57058 20 205 20
-1.15775 -0.0631822 5.56413 20 205 20
-1.19183 -0.0487766 5.55642 20 205 20
-1.22632 -0.0641783 5.55197 20 205 20
-1.24101 -0.100365 5.55339 20 205 20
-1.22731 -0.136139 5.55984 20 205 20
-1.19324 -0.150545 5.56755 20 205 20
-1.15875 -0.135143 5.572 20 205 20
-1.19168 -0.0853617 5.67356 20 205 20
-1.20513 -0.0501165 5.66788 20 205 20
-1.23783 -0.035616 5.65397 20 205 20
-1.27063 -0.0503542 5.63998 20 205 20
-1.28432 -0.0856978 5.6341 20 205 20
-1.27087 -0.120943 5.63978 20 205 20
-1.23817 -0.135443 5.65369 20 205 20
-1.20537 -0.120705 5.66768 20 205 20
-1.23023 -0.106512 5.77952 20 205 20
-1.24705 -0.073786 5.78845 20 205 20
-1.28184 -0.0578172 5.7817 20 205 20
-1.31421 -0.06796 5.76321 20 205 20
-1.3252 -0.0982729 5.74382 20 205 20
-1.30838 -0.130999 5.73489 20 205 20
-1.2736 -0.146968 5.74164 20 205 20
-1.24123 -0.136825 5.76013 20 205 20
-1.3045 -0.229073 5.92362 20 205 20
-1.3191 -0.19596 5.92574 20 205 20
-1.35075 -0.180755 5.91119 20 205 20
-1.3809 -0.192365 5.8885 20 205 20
-1.39191 -0.223989 5.87095 20 205 20
-1.37731 -0.257102 5.86884 20 205 20
-1.34566 -0.272307 5.88339 20 205 20
-1.3155 -0.260697 5.90608 20 205 20
-1.35936 -0.216172 5.98477 20 205 20
-1.37102 -0.181377 5.96951 20 205 20
-1.40216 -0.168203 5.94962 20 205 20
-1.43454 -0.184367 5.93675 20 205 20
-1.44919 -0.2204 5.93843 20 205 20
-1.43753 -0.255194 5.95369 20 205 20
-1.40639 -0.268368 5.97359 20 205 20
-1.37401 -0.252204 5.98646 20 205 20
-1.37284 -0.18728 6.0459 20 205 20
-1.38724 -0.152486 6.04059 20 205 20
-1.4231 -0.138531 6.03278 20 205 20
-1.45942 -0.15359 6.02705 20 205 20
-1.47492 -0.188841 6.02675 20 205 20
-1.46053 -0.223635 6.03205 20 205 20
-1.42466 -0.237589 6.03986 20 205 20
-1.38834 -0.222531 6.0456 20 205 20
-1.39597 -0.218347 6.0813 20 205 20
-1.41798 -0.188482 6.07704 20 205 20
-1.4482 -0.166624 6.08379 20 205 20
-1.46893 -0.165576 6.09759 20 205 20
-1.46803 -0.185952 6.11036 20 205 20
-1.44603 -0.215816 6.11462 20 205 20
-1.41581 -0.237675 6.10787 20 205 20
-1.39507 -0.238723 6.09407 20 205 20
-1.3775 -0.188 6.07475 20 205 20
-1.39574 -0.165084 6.06434 20 205 20
-1.4179 -0.146531 6.06699 20 205 20
-1.431 -0.14321 6.08116 20 205 20
-1.42736 -0.157066 6.09854 20 205 20
-1.40912 -0.179982 6.10895 20 205 20
-1.38696 -0.198535 6.10629 20 205 20
-1.37386 -0.201856 6.09213 20 205 20
-1.43394 -0.155408 6.23979 20 205 20
-1.44007 -0.134104 6.23149 20 205 20
-1.45716 -0.126228 6.21782 20 205 20
-1.47519 -0.136394 6.20679 20 205 20
-1.48361 -0.158646 6.20487 20 205 20
-1.47748 -0.179949 6.21317 20 205 20
-1.46039 -0.187825 6.22683 20 205 20
-1.44236 -0.17766 6.23786 20 205 20
-1.47928 -0.143987 6.27434 20 205 20
-1.48633 -0.123061 6.26384 20 205 20
-1.50504 -0.115104 6.253 20 205 20
-1.52447 -0.124777 6.24817 20 205 20
-1.53323 -0.146413 6.25218 20 205 20
-1.52618 -0.167339 6.26268 20 205 20
-1.50747 -0.175296 6.27352 20 205 20
-1.48804 -0.165623 6.27835 20 205 20
-1.47695 -0.105206 6.35222 20 205 20
-1.48351 -0.0840404 6.34 20 205 20
-1.50244 -0.0765554 6.32787 20 205 20
-1.52265 -0.0871354 6.32293 20 205 20
-1.53231 -0.109583 6.32808 20 205 20
-1.52575 -0.130748 6.3403 20 205 20
-1.50682 -0.138233 6.35243 20 205 20
-1.48661 -0.127653 6.35737 20 205 20
-1.52324 -0.0858439 6.39349 20 205 20
-1.52804 -0.066945 6.37799 20 205 20
-1.54533 -0.0614737 6.36139 20 205 20
-1.56497 -0.0726349 6.35342 20 205 20
-1.57546 -0.0938906 6.35875 20 205 20
-1.57066 -0.11279 6.37425 20 205 20
-1.55337 -0.118261 6.39084 20 205 20
-1.53373 -0.1071 6.39881 20 205 20
-1.53945 -0.0455012 6.43023 20 205 20
-1.54792 -0.0265498 6.41692 20 205 20
-1.57 -0.0193763 6.40989 20 205 20
-1.59275 -0.0281827 6.41325 20 205 20
-1.60285 -0.0478104 6.42505 20 205 20
-1.59438 -0.0667617 6.43836 20 205 20
-1.57231 -0.0739353 6.44539 20 205 20
-1.54955 -0.0651289 6.44203 20 205 20
-1.53504 -0.0213758 6.47086 20 205 20
-1.54717 -0.000830315 6.46226 20 205 20
-1.56778 0.0112772 6.46709 20 205 20
-1.58478 0.00785418 6.48252 20 205 20
-1.58823 -0.00909411 6.49952 20 205 20
-1.5761 -0.0296396 6.50812 20 205 20
-1.55549 -0.0417471 6.50329 20 205 20
-1.53849 -0.0383241 6.48785 20 205 20
-1.49137 0.027513 6.50555 20 205 20
-1.49819 0.0431399 6.49498 20 205 20
-1.51126 0.0510147 6.4927 20 205 20
-1.52292 0.0465246 6.50004 20 205 20
-1.52635 0.0322998 6.51272 20 205 20
-1.51953 0.0166729 6.52329 20 205 20
-1.50647 0.00879806 6.52557 20 205 20
-1.4948 0.0132882 6.51822 20 205 20
-1.56407 0.0895012 6.56202 20 205 20
-1.56823 0.103537 6.55048 20 205 20
-1.58229 0.107683 6.54142 20 205 20
-1.59802 0.0995092 6.54015 20 205 20
-1.6062 0.0838048 6.54742 20 205 20
-1.60205 0.0697688 6.55896 20 205 20
-1.58799 0.0656233 6.56802 20 205 20
-1.57226 0.0737968 6.56929 20 205 20
-1.55808 0.125727 6.61736 20 205 20
-1.56533 0.139306 6.61049 20 205 20
-1.58063 0.145839 6.61049 20 205 20
-1.59501 0.141501 6.61736 20 205 20
-1.60006 0.128833 6.62707 20 205 20
-1.59282 0.115255 6.63394 20 205 20
-1.57752 0.108721 6.63395 20 205 20
-1.56313 0.113059 6.62708 20 205 20
-1.53177 0.164882 6.66401 20 205 20
-1.5378 0.175164 6.65966 20 205 20
-1.54881 0.180898 6.66231 20 205 20
-1.55834 0.178726 6.6704 20 205 20
-1.56081 0.16992 6.67919 20 205 20
-1.55478 0.159638 6.68354 20 205 20
-1.54377 0.153904 6.68089 20 205 20
-1.53424 0.156076 6.6728 20 205 20
-1.54629 0.167401 6.6716 20 205 20
-1.40243 -0.172533 6.08664 20 205 20
-1.37449 -0.173101 6.08841 20 205 20
-1.38308 -0.156846 6.09942 20 205 20
-1.403 -0.149781 6.10295 20 205 20
-1.42259 -0.156043 6.09693 20 205 20
-1.43037 -0.171965 6.08488 20 205 20
-1.42178 -0.18822 6.07386 20 205 20
-1.40186 -0.195286 6.07034 20 205 20
-1.38227 -0.189024 6.07636 20 205 20
-1.38484 -0.258315 6.20654 20 205 20
-1.39291 -0.241414 6.21447 20 205 20
-1.41198 -0.234242 6.2172 20 205 20
-1.43088 -0.240999 6.21313 20 205 20
-1.43853 -0.257728 6.20464 20 205 20
-1.43046 -0.274629 6.1967 20 205 20
-1.41139 -0.281801 6.19398 20 205 20
-1.3925 -0.275043 6.19805 20 205 20
-1.38905 -0.275474 6.27079 20 205 20
-1.39665 -0.258105 6.27387 20 205 20
-1.41324 -0.250184 6.27102 20 205 20
-1.4291 -0.256351 6.2639 20 205 20
-1.43495 -0.272993 6.25668 20 205 20
-1.42735 -0.290362 6.25359 20 205 20
-1.41076 -0.298283 6.25645 20 205 20
-1.3949 -0.292116 6.26357 20 205 20
-1.42192 -0.29411 6.31279 20 205 20
-1.42987 -0.275437 6.31374 20 205 20
-1.44717 -0.266909 6.31204 20 205 20
-1.46366 -0.273523 6.30869 20 205 20
-1.46971 -0.291403 6.30565 20 205 20
-1.46175 -0.310076 6.3047 20 205 20
-1.44446 -0.318604 6.3064 20 205 20
-1.42796 -0.311991 6.30975 20 205 20
-1.40312 -0.287818 6.37579 20 205 20
-1.41066 -0.269661 6.37741 20 205 20
-1.42867 -0.262054 6.37992 20 205 20
-1.4466 -0.269454 6.38185 20 205 20
-1.45393 -0.287525 6.38207 20 205 20
-1.44639 -0.305682 6.38045 20 205 20
-1.42838 -0.313289 6.37793 20 205 20
-1.41046 -0.30589 6.376 20 205 20
-1.40925 -0.299805 6.4493 20 205 20
-1.41556 -0.284982 6.45127 20 205 20
-1.43043 -0.278691 6.45055 20 205 20
-1.44515 -0.284617 6.44756 20 205 20
-1.45109 -0.299289 6.44405 20 205 20
-1.44478 -0.314111 6.44209 20 205 20
-1.42991 -0.320402 6.44281 20 205 20
-1.4152 -0.314476 6.4458 20 205 20
-1.42304 -0.310689 6.50104 20 205 20
-1.42933 -0.295871 6.50108 20 205 20
-1.44408 -0.289562 6.50035 20 205 20
-1.45867 -0.295457 6.49926 20 205 20
-1.46454 -0.310104 6.49846 20 205 20
-1.45826 -0.324922 6.49841 20 205 20
-1.4435 -0.331231 6.49915 20 205 20
-1.42891 -0.325336 6.50024 20 205 20
-1.4144 -0.302626 6.568 20 205 20
-1.42117 -0.286477 6.56682 20 205 20
-1.43735 -0.279718 6.56757 20 205 20
-1.45346 -0.28631 6.56981 20 205 20
-1.46007 -0.30239 6.57223 20 205 20
-1.4533 -0.31854 6.57341 20 205 20
-1.43712 -0.325299 6.57266 20 205 20
-1.421 -0.318707 6.57042 20 205 20
-1.43723 -0.302508 6.57011 20 205 20
-1.27772 -0.102392 5.76167 20 205 20
-1.23828 -0.103611 5.75381 20 205 20
-1.25069 -0.0761325 5.74758 20 205 20
-1.27894 -0.0640362 5.7496 20 205 20
-1.30646 -0.0744086 5.75869 20 205 20
-1.31715 -0.101174 5.76953 20 205 20
-1.30474 -0.128653 5.77576 20 205 20
-1.2765 -0.140749 5.77374 20 205 20
-1.24897 -0.130376 5.76465 20 205 20
-1.21324 -0.0628391 5.8788 20 205 20
-1.22548 -0.0356367 5.87397 20 205 20
-1.25257 -0.0233467 5.87866 20 205 20
-1.27864 -0.0331685 5.89012 20 205 20
-1.28841 -0.0593485 5.90164 20 205 20
-1.27617 -0.0865509 5.90647 20 205 20
-1.24908 -0.0988409 5.90178 20 205 20
-1.22301 -0.0890192 5.89032 20 205 20
-1.15995 -0.0281171 5.99177 20 205 20
-1.17388 0.00431702 5.99042 20 205 20
-1.2057 0.0184936 5.99218 20 205 20
-1.23679 0.00610819 5.99601 20 205 20
-1.24892 -0.025584 5.99968 20 205 20
-1.23499 -0.0580182 6.00104 20 205 20
-1.20317 -0.0721948 5.99928 20 205 20
-1.17209 -0.0598094 5.99544 20 205 20
-1.17236 -0.0341361 6.09415 20 205 20
-1.18568 -0.00239835 6.0953 20 205 20
-1.21699 0.0111038 6.09068 20 205 20
-1.24793 -0.00153898 6.08299 20 205 20
-1.26039 -0.0329208 6.07675 20 205 20
-1.24707 -0.0646585 6.0756 20 205 20
-1.21577 -0.0781607 6.08022 20 205 20
-1.18483 -0.0655179 6.0879 20 205 20
-1.20475 -0.0486377 6.16643 20 205 20
-1.21529 -0.0234719 6.16848 20 205 20
-1.24012 -0.012796 6.16709 20 205 20
-1.26471 -0.022864 6.16306 20 205 20
-1.27464 -0.047778 6.15876 20 205 20
-1.2641 -0.0729439 6.15671 20 205 20
-1.23927 -0.0836198 6.15811 20 205 20
-1.21468 -0.0735518 6.16213 20 205 20
-1.20197 -0.052265 6.21643 20 205 20
-1.21228 -0.0277895 6.21869 20 205 20
-1.23642 -0.0173399 6.21728 20 205 20
-1.26026 -0.0270373 6.21304 20 205 20
-1.26982 -0.0512011 6.20844 20 205 20
-1.2595 -0.0756765 6.20619 20 205 20
-1.23536 -0.0861262 6.20759 20 205 20
-1.21153 -0.0764288 6.21183 20 205 20
-1.22789 -0.0689246 6.28926 20 205 20
-1.23779 -0.0452161 6.29222 20 205 20
-1.26108 -0.0351366 6.2919 20 205 20
-1.2841 -0.0445905 6.2885 20 205 20
-1.29338 -0.0680398 6.284 20 205 20
-1.28348 -0.0917483 6.28104 20 205 20
-1.26019 -0.101828 6.28136 20 205 20
-1.23717 -0.0923739 6.28476 20 205 20
-1.22397 -0.0725198 6.32431 20 205 20
-1.2327 -0.0561439 6.33464 20 205 20
-1.25388 -0.0494071 6.34044 20 205 20
-1.27511 -0.0562556 6.33831 20 205 20
-1.28394 -0.0726778 6.32951 20 205 20
-1.27522 -0.0890537 6.31918 20 205 20
-1.25404 -0.0957906 6.31338 20 205 20
-1.23281 -0.088942 6.31551 20 205 20
-1.22879 -0.183991 6.39082 20 205 20
-1.23686 -0.172595 6.40483 20 205 20
-1.25549 -0.167518 6.40976 20 205 20
-1.27376 -0.171735 6.40272 20 205 20
-1.28097 -0.182775 6.38784 20 205 20
-1.2729 -0.194172 6.37384 20 205 20
-1.25427 -0.199249 6.36891 20 205 20
-1.236 -0.195032 6.37594 20 205 20
-1.23474 -0.210267 6.42044 20 205 20
-1.24316 -0.19711 6.43119 20 205 20
-1.26082 -0.190562 6.43297 20 205 20
-1.27738 -0.194457 6.42474 20 205 20
-1.28314 -0.206515 6.41132 20 205 20
-1.27473 -0.219672 6.40057 20 205 20
-1.25707 -0.22622 6.39879 20 205 20
-1.24051 -0.222324 6.40702 20 205 20
-1.25624 -0.264211 6.4709 20 205 20
-1.26377 -0.252343 6.48205 20 205 20
-1.28039 -0.246784 6.48511 20 205 20
-1.29636 -0.250791 6.4783 20 205 20
-1.30234 -0.262017 6.4656 20 205 20
-1.29481 -0.273885 6.45446 20 205 20
-1.27819 -0.279444 6.45139 20 205 20
-1.26222 -0.275437 6.4582 20 205 20
-1.25606 -0.305286 6.5064 20 205 20
-1.2618 -0.294988 6.51683 20 205 20
-1.27623 -0.29096 6.52174 20 205 20
-1.29089 -0.295561 6.51825 20 205 20
-1.29721 -0.306097 6.5084 20 205 20
-1.29147 -0.316394 6.49796 20 205 20
-1.27704 -0.320422 6.49305 20 205 20
-1.26237 -0.315821 6.49655 20 205 20
-1.25486 -0.342859 6.55093 20 205 20
-1.26024 -0.331182 6.55544 20 205 20
-1.27347 -0.326447 6.55744 20 205 20
-1.2868 -0.331427 6.55575 20 205 20
-1.29243 -0.343205 6.55136 20 205 20
-1.28705 -0.354881 6.54684 20 205 20
-1.27382 -0.359616 6.54484 20 205 20
-1.26048 -0.354636 6.54654 20 205 20
-1.25224 -0.344209 6.58649 20 205 20
-1.25887 -0.333156 6.59457 20 205 20
-1.27472 -0.328514 6.59766 20 205 20
-1.29051 -0.333001 6.59395 20 205 20
-1.29699 -0.343989 6.5856 20 205 20
-1.29036 -0.355041 6.57752 20 205 20
-1.2745 -0.359684 6.57443 20 205 20
-1.25871 -0.355197 6.57814 20 205 20
-1.25014 -0.421679 6.62772 20 205 20
-1.25781 -0.413061 6.64363 20 205 20
-1.27603 -0.409367 6.65002 20 205 20
-1.29412 -0.412761 6.64313 20 205 20
-1.3015 -0.421255 6.62702 20 205 20
-1.29383 -0.429874 6.6111 20 205 20
-1.27561 -0.433567 6.60472 20 205 20
-1.25751 -0.430173 6.6116 20 205 20
-1.27582 -0.421467 6.62737 20 205 20
-1.25396 -0.0725988 6.32691 20 205 20
-1.22774 -0.0719025 6.33321 20 205 20
-1.23493 -0.0534873 6.32726 20 205 20
-1.25326 -0.0462674 6.3211 20 205 20
-1.272 -0.054472 6.31835 20 205 20
-1.28018 -0.0732951 6.32061 20 205 20
-1.27299 -0.0917103 6.32656 20 205 20
-1.25465 -0.0989303 6.33272 20 205 20
-1.23591 -0.0907256 6.33547 20 205 20
-1.24864 -0.0533077 6.41301 20 205 20
-1.25597 -0.035073 6.41016 20 205 20
-1.27416 -0.0277236 6.40741 20 205 20
-1.29255 -0.0355648 6.40637 20 205 20
-1.30038 -0.0540032 6.40766 20 205 20
-1.29305 -0.0722379 6.41051 20 205 20
-1.27486 -0.0795873 6.41326 20 205 20
-1.25646 -0.0717462 6.4143 20 205 20
-1.24758 -0.0540675 6.49756 20 205 20
-1.25497 -0.036678 6.49841 20 205 20
-1.272 -0.0291463 6.49645 20 205 20
-1.2887 -0.0358845 6.49282 20 205 20
-1.29528 -0.0529453 6.48964 20 205 20
-1.2879 -0.0703348 6.48879 20 205 20
-1.27087 -0.0778665 6.49075 20 205 20
-1.25417 -0.0711283 6.49439 20 205 20
-1.27033 -0.0678747 6.54835 20 205 20
-1.2773 -0.0515456 6.54865 20 205 20
-1.29327 -0.0444235 6.54682 20 205 20
-1.30889 -0.0506803 6.54392 20 205 20
-1.315 -0.0666509 6.54167 20 205 20
-1.30802 -0.08298 6.54136 20 205 20
-1.29205 -0.0901021 6.5432 20 205 20
-1.27644 -0.0838453 6.54609 20 205 20
-1.26591 -0.0625206 6.59414 20 205 20
-1.27235 -0.0470667 6.59355 20 205 20
-1.2878 -0.0406294 6.59423 20 205 20
-1.30321 -0.0469795 6.59579 20 205 20
-1.30956 -0.0623972 6.59732 20 205 20
-1.30313 -0.0778511 6.59792 20 205 20
-1.28768 -0.0842885 6.59723 20 205 20
-1.27226 -0.0779384 6.59567 20 205 20
-1.26437 -0.0596086 6.67108 20 205 20
-1.27039 -0.0468238 6.66732 20 205 20
-1.28443 -0.0413214 6.66666 20 205 20
-1.29826 -0.0463247 6.66948 20 205 20
-1.30379 -0.0589027 6.67414 20 205 20
-1.29776 -0.0716876 6.6779 20 205 20
-1.28372 -0.07719 6.67856 20 205 20
-1.26989 -0.0721867 6.67573 20 205 20
-1.25397 0.00378507 6.75487 20 205 20
-1.2598 0.0143803 6.74768 20 205 20
-1.27291 0.0191702 6.7459 20 205 20
-1.28562 0.0153489 6.75058 20 205 20
-1.29048 0.00515487 6.75896 20 205 20
-1.28465 -0.00544033 6.76615 20 205 20
-1.27154 -0.0102302 6.76793 20 205 20
-1.25883 -0.00640892 6.76326 20 205 20
-1.27222 0.00446997 6.75692 20 205 20
-1.02029 0.296797 3.52891 20 205 20
-0.978698 0.297727 3.50952 20 205 20
-0.990222 0.329768 3.51816 20 205 20
-1.01936 0.342495 3.5331 20 205 20
-1.04904 0.328453 3.54559 20 205 20
-1.06188 0.295868 3.54831 20 205 20
-1.05035 0.263827 3.53967 20 205 20
-1.02122 0.2511 3.52473 20 205 20
-0.991537 0.265142 3.51224 20 205 20
-0.885672 0.27758 3.7158 20 205 20
-0.898013 0.309555 3.71924 20 205 20
-0.928493 0.322515 3.72534 20 205 20
-0.959257 0.308869 3.73052 20 205 20
-0.972284 0.27661 3.73175 20 205 20
-0.959943 0.244635 3.72831 20 205 20
-0.929463 0.231675 3.72221 20 205 20
-0.898699 0.245321 3.71703 20 205 20
-0.891725 0.27924 3.82616 20 205 20
-0.904926 0.310982 3.82624 20 205 20
-0.936602 0.324211 3.82363 20 205 20
-0.968197 0.311177 3.81986 20 205 20
-0.981204 0.279515 3.81713 20 205 20
-0.968003 0.247773 3.81705 20 205 20
-0.936327 0.234545 3.81966 20 205 20
-0.904732 0.247579 3.82343 20 205 20
-0.902665 0.269616 3.90886 20 205 20
-0.915803 0.301106 3.90888 20 205 20
-0.947299 0.314243 3.90729 20 205 20
-0.978701 0.301331 3.90501 20 205 20
-0.991615 0.269934 3.90339 20 205 20
-0.978476 0.238444 3.90337 20 205 20
-0.946981 0.225308 3.90497 20 205 20
-0.915578 0.238219 3.90724 20 205 20
-0.902598 0.275101 3.99315 20 205 20
-0.915572 0.306328 3.99395 20 205 20
-0.946914 0.319255 3.99448 20 205 20
-0.978265 0.306309 3.99444 20 205 20
-0.991259 0.275074 3.99384 20 205 20
-0.978284 0.243847 3.99304 20 205 20
-0.946942 0.23092 3.99251 20 205 20
-0.915592 0.243866 3.99255 20 205 20
-0.902432 0.267849 4.05435 20 205 20
-0.915404 0.298845 4.05525 20 205 20
-0.946331 0.311845 4.05829 20 205 20
-0.977098 0.299234 4.06169 20 205 20
-0.98968 0.2684 4.06346 20 205 20
-0.976708 0.237404 4.06256 20 205 20
-0.945781 0.224404 4.05952 20 205 20
-0.915014 0.237015 4.05612 20 205 20
-0.885203 0.280006 4.14193 20 205 20
-0.898081 0.31078 4.14294 20 205 20
-0.928794 0.323683 4.14611 20 205 20
-0.95935 0.311157 4.14959 20 205 20
-0.971851 0.280539 4.15133 20 205 20
-0.958973 0.249766 4.15033 20 205 20
-0.928261 0.236863 4.14715 20 205 20
-0.897704 0.249389 4.14368 20 205 20
-0.883675 0.271451 4.22517 20 205 20
-0.8965 0.301814 4.22938 20 205 20
-0.927176 0.31451 4.23006 20 205 20
-0.957732 0.302102 4.22679 20 205 20
-0.97027 0.271858 4.2215 20 205 20
-0.957445 0.241494 4.21729 20 205 20
-0.926769 0.228798 4.21661 20 205 20
-0.896213 0.241207 4.21988 20 205 20
-0.892959 0.254591 4.30714 20 205 20
-0.905679 0.284812 4.31046 20 205 20
-0.9361 0.297449 4.3113 20 205 20
-0.966402 0.2851 4.30915 20 205 20
-0.978834 0.254998 4.30528 20 205 20
-0.966114 0.224777 4.30196 20 205 20
-0.935693 0.21214 4.30113 20 205 20
-0.905391 0.224489 4.30328 20 205 20
-0.889302 0.25259 4.36569 20 205 20
-0.901772 0.282619 4.3693 20 205 20
-0.931981 0.295014 4.37193 20 205 20
-0.962234 0.282514 4.37204 20 205 20
-0.974808 0.252441 4.36957 20 205 20
-0.962339 0.222412 4.36596 20 205 20
-0.93213 0.210017 4.36333 20 205 20
-0.901877 0.222517 4.36322 20 205 20
-0.887594 0.239922 4.43978 20 205 20
-0.899973 0.269772 4.44295 20 205 20
-0.929881 0.282128 4.44634 20 205 20
-0.959797 0.269751 4.44797 20 205 20
-0.972198 0.239892 4.44688 20 205 20
-0.959818 0.210041 4.44371 20 205 20
-0.929911 0.197685 4.44032 20 205 20
-0.899994 0.210062 4.43869 20 205 20
-0.87729 0.241676 4.5156 20 205 20
-0.889599 0.271356 4.51834 20 205 20
-0.919292 0.283659 4.52135 20 205 20
-0.948976 0.271379 4.52287 20 205 20
-0.961262 0.241708 4.52201 20 205 20
-0.948953 0.212028 4.51927 20 205 20
-0.91926 0.199725 4.51626 20 205 20
-0.889576 0.212005 4.51474 20 205 20
-0.876684 0.230646 4.59129 20 205 20
-0.888884 0.26009 4.59422 20 205 20
-0.918348 0.272283 4.59724 20 205 20
-0.947815 0.260081 4.59858 20 205 20
-0.960024 0.230633 4.59746 20 205 20
-0.947823 0.201189 4.59454 20 205 20
-0.91836 0.188996 4.59152 20 205 20
-0.888893 0.201198 4.59017 20 205 20
-0.866343 0.231368 4.66832 20 205 20
-0.878399 0.260671 4.67059 20 205 20
-0.907568 0.272781 4.67409 20 205 20
-0.936766 0.260605 4.67677 20 205 20
-0.948887 0.231274 4.67705 20 205 20
-0.936832 0.201971 4.67478 20 205 20
-0.907662 0.189861 4.67128 20 205 20
-0.878465 0.202038 4.6686 20 205 20
-0.860966 0.225599 4.74453 20 205 20
-0.872936 0.254644 4.74687 20 205 20
-0.901942 0.266631 4.7497 20 205 20
-0.930991 0.254537 4.75135 20 205 20
-0.943068 0.225448 4.75086 20 205 20
-0.931098 0.196402 4.74852 20 205 20
-0.902093 0.184415 4.7457 20 205 20
-0.873043 0.196509 4.74404 20 205 20
-0.85492 0.223896 4.82492 20 205 20
-0.866805 0.252745 4.82636 20 205 20
-0.895519 0.264686 4.82925 20 205 20
-0.924243 0.252723 4.83191 20 205 20
-0.93615 0.223864 4.83277 20 205 20
-0.924265 0.195015 4.83134 20 205 20
-0.895551 0.183074 4.82844 20 205 20
-0.866827 0.195037 4.82579 20 205 20
-0.848462 0.223912 4.88567 20 205 20
-0.860279 0.25252 4.88694 20 205 20
-0.888808 0.26437 4.88885 20 205 20
-0.917337 0.252519 4.89027 20 205 20
-0.929155 0.22391 4.89037 20 205 20
-0.917338 0.195302 4.8891 20 205 20
-0.888809 0.183452 4.88719 20 205 20
-0.86028 0.195303 4.88577 20 205 20
-0.848835 0.22005 4.97616 20 205 20
-0.860488 0.248405 4.97769 20 205 20
-0.888574 0.26017 4.98068 20 205 20
-0.916641 0.248453 4.98339 20 205 20
-0.928246 0.220118 4.98423 20 205 20
-0.916593 0.191763 4.9827 20 205 20
-0.888506 0.179998 4.97971 20 205 20
-0.86044 0.191715 4.977 20 205 20
-0.835736 0.22119 5.04362 20 205 20
-0.847301 0.249218 5.04567 20 205 20
-0.875103 0.260877 5.04829 20 205 20
-0.902857 0.249336 5.04995 20 205 20
-0.914304 0.221357 5.04968 20 205 20
-0.902739 0.193329 5.04763 20 205 20
-0.874937 0.18167 5.045 20 205 20
-0.847183 0.193211 5.04334 20 205 20
-0.839002 0.21423 5.11374 20 205 20
-0.850629 0.241856 5.11307 20 205 20
-0.878451 0.2534 5.11314 20 205 20
-0.906172 0.242101 5.1139 20 205 20
-0.917553 0.214577 5.11492 20 205 20
-0.905927 0.186951 5.11558 20 205 20
-0.878104 0.175407 5.11552 20 205 20
-0.850383 0.186706 5.11475 20 205 20
-0.83489 0.224055 5.16777 20 205 20
-0.846115 0.250738 5.17082 20 205 20
-0.873518 0.261665 5.17424 20 205 20
-0.901048 0.250434 5.17604 20 205 20
-0.912576 0.223625 5.17515 20 205 20
-0.901351 0.196942 5.1721 20 205 20
-0.873948 0.186015 5.16868 20 205 20
-0.846419 0.197246 5.16688 20 205 20
-0.830278 0.198478 5.25826 20 205 20
-0.840589 0.225161 5.261 20 205 20
-0.865014 0.236409 5.25644 20 205 20
-0.889243 0.225631 5.24726 20 205 20
-0.899085 0.199143 5.23883 20 205 20
-0.888773 0.17246 5.23608 20 205 20
-0.864349 0.161212 5.24064 20 205 20
-0.840119 0.17199 5.24982 20 205 20
-0.851983 0.194697 5.2848 20 205 20
-0.862398 0.221899 5.28389 20 205 20
-0.88665 0.233536 5.27805 20 205 20
-0.910534 0.22279 5.27069 20 205 20
-0.920058 0.195957 5.26613 20 205 20
-0.909643 0.168755 5.26704 20 205 20
-0.885391 0.157119 5.27288 20 205 20
-0.861507 0.167864 5.28024 20 205 20
-0.834034 0.191895 5.37802 20 205 20
-0.844926 0.218354 5.38243 20 205 20
-0.871514 0.229193 5.38665 20 205 20
-0.898223 0.218062 5.38822 20 205 20
-0.909408 0.191482 5.38622 20 205 20
-0.898515 0.165023 5.38182 20 205 20
-0.871927 0.154184 5.37759 20 205 20
-0.845218 0.165314 5.37602 20 205 20
-0.829512 0.178132 5.46177 20 205 20
-0.838471 0.201613 5.4561 20 205 20
-0.863199 0.210055 5.45065 20 205 20
-0.889211 0.198514 5.44859 20 205 20
-0.901269 0.173749 5.45115 20 205 20
-0.89231 0.150269 5.45681 20 205 20
-0.867582 0.141827 5.46227 20 205 20
-0.84157 0.153368 5.46432 20 205 20
-0.839391 0.191174 5.48506 20 205 20
-0.848537 0.214427 5.47889 20 205 20
-0.873141 0.223015 5.47119 20 205 20
-0.898789 0.211905 5.46645 20 205 20
-0.910458 0.187607 5.46746 20 205 20
-0.901311 0.164353 5.47363 20 205 20
-0.876707 0.155766 5.48134 20 205 20
-0.851059 0.166875 5.48607 20 205 20
-0.848756 0.164905 5.56812 20 205 20
-0.859571 0.19051 5.5716 20 205 20
-0.885293 0.201277 5.57391 20 205 20
-0.910854 0.190899 5.5737 20 205 20
-0.92128 0.165455 5.57109 20 205 20
-0.910465 0.139851 5.56761 20 205 20
-0.884743 0.129084 5.56531 20 205 20
-0.859182 0.139462 5.56552 20 205 20
-0.838826 0.166188 5.61865 20 205 20
-0.849199 0.191773 5.62079 20 205 20
-0.874246 0.20237 5.626 20 205 20
-0.899294 0.19177 5.63124 20 205 20
-0.90967 0.166183 5.63342 20 205 20
-0.899297 0.140597 5.63128 20 205 20
-0.87425 0.130001 5.62606 20 205 20
-0.849202 0.140601 5.62083 20 205 20
-0.817969 0.164705 5.71313 20 205 20
-0.828164 0.189899 5.71569 20 205 20
-0.85288 0.200292 5.72079 20 205 20
-0.877638 0.189796 5.72543 20 205 20
-0.887936 0.164559 5.7269 20 205 20
-0.877741 0.139365 5.72434 20 205 20
-0.853025 0.128972 5.71924 20 205 20
-0.828267 0.139468 5.7146 20 205 20
-0.805897 0.162507 5.79222 20 205 20
-0.816134 0.18717 5.79492 20 205 20
-0.840739 0.197431 5.79687 20 205 20
-0.865298 0.18728 5.79693 20 205 20
-0.875425 0.162663 5.79507 20 205 20
-0.865188 0.138 5.79237 20 205 20
-0.840583 0.127739 5.79042 20 205 20
-0.816024 0.137891 5.79036 20 205 20
-0.812547 0.150829 5.8688 20 205 20
-0.822728 0.175118 5.87047 20 205 20
-0.847113 0.185258 5.86972 20 205 20
-0.871419 0.17531 5.867 20 205 20
-0.881407 0.151102 5.86389 20 205 20
-0.871227 0.126813 5.86222 20 205 20
-0.846841 0.116673 5.86297 20 205 20
-0.822535 0.126621 5.86569 20 205 20
-0.815846 0.149582 5.911 20 205 20
-0.825477 0.173134 5.91514 20 205 20
-0.849253 0.182672 5.91799 20 205 20
-0.873245 0.17261 5.91788 20 205 20
-0.8834 0.148843 5.91488 20 205 20
-0.873768 0.125291 5.91074 20 205 20
-0.849993 0.115753 5.90789 20 205 20
-0.826 0.125815 5.908 20 205 20
-0.809585 0.139378 5.94519 20 205 20
-0.819174 0.162604 5.94795 20 205 20
-0.842699 0.17207 5.95179 20 205 20
-0.866379 0.16223 5.95446 20 205 20
-0.876342 0.138849 5.95441 20 205 20
-0.866753 0.115623 5.95165 20 205 20
-0.843228 0.106157 5.94781 20 205 20
-0.819548 0.115997 5.94514 20 205 20
-0.798359 0.155774 6.06045 20 205 20
-0.808084 0.179074 6.05956 20 205 20
-0.831334 0.18882 6.06155 20 205 20
-0.854488 0.179302 6.06527 20 205 20
-0.863985 0.156097 6.06854 20 205 20
-0.854261 0.132796 6.06944 20 205 20
-0.831011 0.123051 6.06744 20 205 20
-0.807856 0.132568 6.06372 20 205 20
-0.788821 0.158296 6.13171 20 205 20
-0.798126 0.181067 6.13334 20 205 20
-0.820626 0.190485 6.137 20 205 20
-0.84314 0.181032 6.14055 20 205 20
-0.85248 0.158246 6.1419 20 205 20
-0.843175 0.135474 6.14027 20 205 20
-0.820675 0.126057 6.1366 20 205 20
-0.798161 0.13551 6.13306 20 205 20
-0.77765 0.155347 6.19985 20 205 20
-0.786727 0.177482 6.20318 20 205 20
-0.808828 0.186573 6.20669 20 205 20
-0.831008 0.177294 6.20831 20 205 20
-0.840273 0.155081 6.20711 20 205 20
-0.831196 0.132946 6.20377 20 205 20
-0.809094 0.123855 6.20027 20 205 20
-0.786915 0.133134 6.19864 20 205 20
-0.773374 0.141606 6.2869 20 205 20
-0.782327 0.16318 6.28991 20 205 20
-0.80406 0.172067 6.29187 20 205 20
-0.825843 0.163061 6.29163 20 205 20
-0.834916 0.141437 6.28933 20 205 20
-0.825963 0.119862 6.28631 20 205 20
-0.80423 0.110975 6.28435 20 205 20
-0.782447 0.119982 6.28459 20 205 20
-0.772627 0.135644 6.35756 20 205 20
-0.781349 0.156714 6.35988 20 205 20
-0.802491 0.165407 6.36155 20 205 20
-0.823667 0.156631 6.36159 20 205 20
-0.832473 0.135527 6.35997 20 205 20
-0.82375 0.114457 6.35765 20 205 20
-0.802608 0.105764 6.35599 20 205 20
-0.781432 0.11454 6.35595 20 205 20
-0.769386 0.128447 6.42928 20 205 20
-0.777834 0.148945 6.42966 20 205 20
-0.798343 0.157388 6.42956 20 205 20
-0.818899 0.148831 6.42904 20 205 20
-0.827461 0.128286 6.42841 20 205 20
-0.819013 0.107788 6.42803 20 205 20
-0.798504 0.0993443 6.42813 20 205 20
-0.777948 0.107902 6.42865 20 205 20
-0.777317 0.132572 6.50178 20 205 20
-0.785446 0.152475 6.50172 20 205 20
-0.805144 0.160689 6.50248 20 205 20
-0.824871 0.152403 6.50361 20 205 20
-0.833072 0.13247 6.50446 20 205 20
-0.824943 0.112567 6.50453 20 205 20
-0.805246 0.104353 6.50377 20 205 20
-0.785518 0.112639 6.50263 20 205 20
-0.768917 0.132665 6.55589 20 205 20
-0.776125 0.15128 6.55256 20 205 20
-0.79454 0.158571 6.55023 20 205 20
-0.813374 0.150268 6.55025 20 205 20
-0.821595 0.131234 6.55263 20 205 20
-0.814386 0.112619 6.55596 20 205 20
-0.795972 0.105328 6.5583 20 205 20
-0.777137 0.113631 6.55827 20 205 20
-0.78057 0.143615 6.58794 20 205 20
-0.78757 0.161711 6.5851 20 205 20
-0.805579 0.168746 6.58256 20 205 20
-0.824048 0.1606 6.58179 20 205 20
-0.832158 0.142044 6.58326 20 205 20
-0.825159 0.123948 6.5861 20 205 20
-0.80715 0.116913 6.58865 20 205 20
-0.788681 0.125059 6.58941 20 205 20
-0.769153 0.135252 6.68909 20 205 20
-0.775073 0.152725 6.68638 20 205 20
-0.790794 0.15937 6.68191 20 205 20
-0.807107 0.151295 6.67831 20 205 20
-0.814456 0.133231 6.67769 20 205 20
-0.808537 0.115759 6.6804 20 205 20
-0.792816 0.109113 6.68487 20 205 20
-0.776502 0.117188 6.68847 20 205 20
-0.82929 0.155199 6.76222 20 205 20
-0.834734 0.171283 6.75693 20 205 20
-0.849212 0.177393 6.75013 20 205 20
-0.864242 0.16995 6.7458 20 205 20
-0.87102 0.153314 6.74649 20 205 20
-0.865575 0.13723 6.75177 20 205 20
-0.851097 0.13112 6.75857 20 205 20
-0.836068 0.138564 6.7629 20 205 20
-0.8311 0.162169 6.80779 20 205 20
-0.837379 0.177444 6.80682 20 205 20
-0.851843 0.184059 6.80937 20 205 20
-0.86602 0.178139 6.81394 20 205 20
-0.871604 0.163152 6.81786 20 205 20
-0.865324 0.147876 6.81883 20 205 20
-0.85086 0.141261 6.81629 20 205 20
-0.836684 0.147181 6.81171 20 205 20
-0.781637 0.180729 6.8953 20 205 20
-0.78701 0.193753 6.89697 20 205 20
-0.799305 0.199428 6.90089 20 205 20
-0.81132 0.194429 6.90477 20 205 20
-0.816017 0.181685 6.90632 20 205 20
-0.810644 0.168661 6.90465 20 205 20
-0.798349 0.162986 6.90073 20 205 20
-0.786334 0.167985 6.89686 20 205 20
-0.780335 0.165044 6.96702 20 205 20
-0.785095 0.176297 6.96991 20 205 20
-0.79667 0.180922 6.9714 20 205 20
-0.808281 0.176212 6.97061 20 205 20
-0.813126 0.164924 6.96802 20 205 20
-0.808366 0.153671 6.96514 20 205 20
-0.79679 0.149045 6.96365 20 205 20
-0.78518 0.153756 6.96443 20 205 20
-0.79673 0.164984 6.96752 20 205 20
-0.966385 0.284076 1.82007 20 205 20
-0.916244 0.28755 1.7847 20 205 20
-0.928474 0.329237 1.80273 20 205 20
-0.962911 0.344469 1.83093 20 205 20
-0.999383 0.324324 1.85276 20 205 20
-1.01653 0.280602 1.85544 20 205 20
-1.0043 0.238915 1.8374 20 205 20
-0.969859 0.223682 1.80921 20 205 20
-0.933387 0.243828 1.78738 20 205 20
-0.792651 0.249341 1.96131 20 205 20
-0.807506 0.291697 1.97206 20 205 20
-0.845825 0.308225 1.99034 20 205 20
-0.88516 0.289243 2.00546 20 205 20
-0.902469 0.24587 2.00855 20 205 20
-0.887614 0.203514 1.9978 20 205 20
-0.849295 0.186987 1.97952 20 205 20
-0.809961 0.205969 1.9644 20 205 20
-0.76768 0.247967 2.07574 20 205 20
-0.784977 0.290575 2.08175 20 205 20
-0.827168 0.308044 2.09024 20 205 20
-0.869539 0.290142 2.09624 20 205 20
-0.887269 0.247355 2.09622 20 205 20
-0.869972 0.204748 2.09021 20 205 20
-0.827781 0.187278 2.08172 20 205 20
-0.78541 0.205181 2.07573 20 205 20
-0.756098 0.236855 2.15742 20 205 20
-0.773313 0.278974 2.16562 20 205 20
-0.815583 0.296127 2.17306 20 205 20
-0.858145 0.278266 2.17539 20 205 20
-0.876069 0.235853 2.17124 20 205 20
-0.858854 0.193735 2.16305 20 205 20
-0.816585 0.176582 2.15561 20 205 20
-0.774022 0.194443 2.15328 20 205 20
-0.748739 0.223412 2.24526 20 205 20
-0.765949 0.265575 2.25187 20 205 20
-0.807978 0.28284 2.25917 20 205 20
-0.850205 0.265095 2.26289 20 205 20
-0.867895 0.222734 2.26085 20 205 20
-0.850684 0.180571 2.25424 20 205 20
-0.808656 0.163306 2.24694 20 205 20
-0.766428 0.181051 2.24322 20 205 20
-0.732271 0.218104 2.34099 20 205 20
-0.748753 0.259924 2.34925 20 205 20
-0.789649 0.276789 2.36067 20 205 20
-0.831002 0.25882 2.36855 20 205 20
-0.848588 0.216542 2.36828 20 205 20
-0.832106 0.174723 2.36001 20 205 20
-0.79121 0.157858 2.34859 20 205 20
-0.749858 0.175827 2.34071 20 205 20
-0.715018 0.208845 2.39915 20 205 20
-0.731364 0.250515 2.4073 20 205 20
-0.771866 0.267343 2.41955 20 205 20
-0.8128 0.249473 2.42872 20 205 20
-0.830187 0.207373 2.42944 20 205 20
-0.813841 0.165703 2.42128 20 205 20
-0.773339 0.148874 2.40904 20 205 20
-0.732405 0.166744 2.39987 20 205 20
-0.690614 0.204745 2.50637 20 205 20
-0.707852 0.246412 2.50637 20 205 20
-0.749149 0.263803 2.51245 20 205 20
-0.790313 0.246731 2.52105 20 205 20
-0.807232 0.205196 2.52712 20 205 20
-0.789995 0.163529 2.52712 20 205 20
-0.748698 0.146138 2.52104 20 205 20
-0.707533 0.163211 2.51244 20 205 20
-0.68203 0.216833 2.57694 20 205 20
-0.699629 0.258237 2.5732 20 205 20
-0.740761 0.275949 2.57828 20 205 20
-0.781331 0.259594 2.58919 20 205 20
-0.797574 0.218752 2.59954 20 205 20
-0.779974 0.177348 2.60327 20 205 20
-0.738842 0.159636 2.5982 20 205 20
-0.698272 0.175991 2.58729 20 205 20
-0.656747 0.234025 2.67034 20 205 20
-0.673671 0.275471 2.67168 20 205 20
-0.71351 0.293061 2.6824 20 205 20
-0.752928 0.27649 2.69622 20 205 20
-0.768833 0.235465 2.70504 20 205 20
-0.751909 0.194018 2.70369 20 205 20
-0.71207 0.176429 2.69298 20 205 20
-0.672652 0.193 2.67916 20 205 20
-0.620061 0.236586 2.78314 20 205 20
-0.636664 0.277854 2.78425 20 205 20
-0.67668 0.294976 2.78886 20 205 20
-0.716668 0.277922 2.79426 20 205 20
-0.733203 0.236682 2.79729 20 205 20
-0.7166 0.195414 2.79618 20 205 20
-0.676584 0.178292 2.79157 20 205 20
-0.636597 0.195346 2.78618 20 205 20
-0.628651 0.23884 2.86175 20 205 20
-0.644993 0.279905 2.86315 20 205 20
-0.684211 0.29701 2.86909 20 205 20
-0.723334 0.280137 2.87608 20 205 20
-0.739442 0.23917 2.88003 20 205 20
-0.723101 0.198105 2.87863 20 205 20
-0.683882 0.181 2.8727 20 205 20
-0.64476 0.197873 2.8657 20 205 20
-0.591777 0.241592 2.93734 20 205 20
-0.608082 0.282467 2.94022 20 205 20
-0.646789 0.29967 2.95194 20 205 20
-0.685225 0.283123 2.96562 20 205 20
-0.700874 0.24252 2.97326 20 205 20
-0.684569 0.201644 2.97037 20 205 20
-0.645862 0.184442 2.95866 20 205 20
-0.607426 0.200988 2.94497 20 205 20
-0.571492 0.248666 3.02856 20 205 20
-0.588427 0.289156 3.0271 20 205 20
-0.628457 0.306281 3.03285 20 205 20
-0.668133 0.29001 3.04244 20 205 20
-0.684213 0.249875 3.05025 20 205 20
-0.667278 0.209385 3.0517 20 205 20
-0.627248 0.19226 3.04595 20 205 20
-0.587572 0.20853 3.03637 20 205 20
-0.556045 0.263204 3.12291 20 205 20
-0.572537 0.303402 3.12418 20 205 20
-0.612058 0.320174 3.1316 20 205 20
-0.651457 0.303696 3.14081 20 205 20
-0.667655 0.263621 3.14643 20 205 20
-0.651163 0.223424 3.14516 20 205 20
-0.611642 0.206651 3.13774 20 205 20
-0.572243 0.223129 3.12853 20 205 20
-0.536883 0.260657 3.19851 20 205 20
-0.552698 0.300662 3.20456 20 205 20
-0.591331 0.317044 3.21578 20 205 20
-0.630153 0.300208 3.22559 20 205 20
-0.646421 0.260015 3.22826 20 205 20
-0.630607 0.220011 3.22221 20 205 20
-0.591973 0.203628 3.21099 20 205 20
-0.553152 0.220464 3.20118 20 205 20
-0.516709 0.25696 3.26983 20 205 20
-0.532668 0.296839 3.27414 20 205 20
-0.571267 0.313328 3.28433 20 205 20
-0.609895 0.296768 3.29441 20 205 20
-0.625924 0.25686 3.2985 20 205 20
-0.609965 0.216981 3.29418 20 205 20
-0.571366 0.200492 3.284 20 205 20
-0.532739 0.217052 3.27391 20 205 20
-0.495794 0.26138 3.35884 20 205 20
-0.511237 0.300107 3.36719 20 205 20
-0.549619 0.315692 3.37831 20 205 20
-0.588458 0.299006 3.38569 20 205 20
-0.605001 0.259824 3.385 20 205 20
-0.589558 0.221097 3.37665 20 205 20
-0.551175 0.205512 3.36553 20 205 20
-0.512337 0.222197 3.35815 20 205 20
-0.474636 0.234943 3.44513 20 205 20
-0.490354 0.273235 3.4509 20 205 20
-0.528207 0.289134 3.46239 20 205 20
-0.566022 0.273327 3.47288 20 205 20
-0.581647 0.235074 3.47622 20 205 20
-0.565929 0.196782 3.47045 20 205 20
-0.528076 0.180883 3.45896 20 205 20
-0.490261 0.19669 3.44847 20 205 20
-0.441417 0.25538 3.54195 20 205 20
-0.457898 0.29441 3.54049 20 205 20
-0.496091 0.311239 3.54778 20 205 20
-0.533621 0.296008 3.55957 20 205 20
-0.548505 0.257639 3.56893 20 205 20
-0.532024 0.218609 3.5704 20 205 20
-0.493832 0.20178 3.5631 20 205 20
-0.456301 0.217012 3.55132 20 205 20
-0.426516 0.261932 3.63361 20 205 20
-0.442659 0.300637 3.63074 20 205 20
-0.481377 0.316774 3.63242 20 205 20
-0.519989 0.300891 3.63765 20 205 20
-0.535877 0.262292 3.64337 20 205 20
-0.519735 0.223588 3.64624 20 205 20
-0.481017 0.207451 3.64457 20 205 20
-0.442405 0.223333 3.63934 20 205 20
-0.426606 0.27098 3.6844 20 205 20
-0.442011 0.309093 3.68652 20 205 20
-0.479937 0.324575 3.69173 20 205 20
-0.518169 0.308357 3.69697 20 205 20
-0.53431 0.269939 3.69917 20 205 20
-0.518905 0.231826 3.69705 20 205 20
-0.480978 0.216344 3.69185 20 205 20
-0.442747 0.232562 3.68661 20 205 20
-0.399238 0.253753 3.7843 20 205 20
-0.414364 0.291877 3.79053 20 205 20
-0.45144 0.307436 3.80131 20 205 20
-0.488749 0.291316 3.81032 20 205 20
-0.504435 0.25296 3.81228 20 205 20
-0.48931 0.214836 3.80604 20 205 20
-0.452234 0.199277 3.79527 20 205 20
-0.414925 0.215397 3.78626 20 205 20
-0.386042 0.25489 3.83526 20 205 20
-0.401931 0.292969 3.83442 20 205 20
-0.439356 0.30913 3.84126 20 205 20
-0.476391 0.293906 3.85178 20 205 20
-0.491344 0.256215 3.85981 20 205 20
-0.475454 0.218136 3.86065 20 205 20
-0.43803 0.201974 3.8538 20 205 20
-0.400994 0.217198 3.84329 20 205 20
-0.362203 0.2778 3.95432 20 205 20
-0.378006 0.315503 3.95464 20 205 20
-0.415609 0.331348 3.9597 20 205 20
-0.452985 0.316053 3.96654 20 205 20
-0.468239 0.278578 3.97116 20 205 20
-0.452435 0.240875 3.97084 20 205 20
-0.414832 0.22503 3.96578 20 205 20
-0.377457 0.240325 3.95894 20 205 20
-0.352482 0.270617 4.04109 20 205 20
-0.368375 0.307639 4.03974 20 205 20
-0.405666 0.32342 4.04445 20 205 20
-0.44251 0.308717 4.05247 20 205 20
-0.457325 0.272142 4.0591 20 205 20
-0.441432 0.235121 4.06045 20 205 20
-0.404141 0.219339 4.05573 20 205 20
-0.367297 0.234043 4.04772 20 205 20
-0.336111 0.292234 4.11253 20 205 20
-0.352036 0.329092 4.10885 20 205 20
-0.389213 0.344885 4.11161 20 205 20
-0.425863 0.330362 4.1192 20 205 20
-0.440519 0.29403 4.12716 20 205 20
-0.424594 0.257172 4.13084 20 205 20
-0.387417 0.241379 4.12807 20 205 20
-0.350766 0.255903 4.12049 20 205 20
-0.333777 0.298622 4.18796 20 205 20
-0.345715 0.329993 4.20292 20 205 20
-0.380061 0.340699 4.21587 20 205 20
-0.416695 0.324469 4.21921 20 205 20
-0.434157 0.290809 4.211 20 205 20
-0.422219 0.259438 4.19604 20 205 20
-0.387874 0.248732 4.1831 20 205 20
-0.35124 0.264963 4.17975 20 205 20
-0.309249 0.257379 4.23344 20 205 20
-0.320758 0.284964 4.23725 20 205 20
-0.354728 0.293828 4.24391 20 205 20
-0.391262 0.278777 4.2495 20 205 20
-0.408957 0.248629 4.25076 20 205 20
-0.397449 0.221043 4.24695 20 205 20
-0.363478 0.21218 4.2403 20 205 20
-0.326945 0.22723 4.2347 20 205 20
-0.312614 0.310044 4.32345 20 205 20
-0.327425 0.342907 4.30922 20 205 20
-0.363903 0.35622 4.30209 20 205 20
-0.40068 0.342185 4.30622 20 205 20
-0.416213 0.309023 4.3192 20 205 20
-0.401402 0.27616 4.33343 20 205 20
-0.364924 0.262847 4.34056 20 205 20
-0.328147 0.276882 4.33643 20 205 20
-0.316673 0.324651 4.40032 20 205 20
-0.330555 0.359803 4.40419 20 205 20
-0.365664 0.373703 4.41003 20 205 20
-0.401433 0.35821 4.4144 20 205 20
-0.416909 0.322398 4.41476 20 205 20
-0.403026 0.287246 4.41088 20 205 20
-0.367918 0.273345 4.40505 20 205 20
-0.332149 0.288839 4.40067 20 205 20
-0.299714 0.307523 4.44753 20 205 20
-0.312879 0.342718 4.45723 20 205 20
-0.345835 0.35681 4.47268 20 205 20
-0.379278 0.341544 4.48484 20 205 20
-0.393616 0.305863 4.48658 20 205 20
-0.380451 0.270668 4.47688 20 205 20
-0.347495 0.256576 4.46143 20 205 20
-0.314053 0.271842 4.44927 20 205 20
-0.226147 0.31241 4.59291 20 205 20
-0.240316 0.348124 4.59527 20 205 20
-0.273681 0.363265 4.60652 20 205 20
-0.306697 0.348965 4.62007 20 205 20
-0.320024 0.3136 4.62799 20 205 20
-0.305856 0.277886 4.62563 20 205 20
-0.272491 0.262744 4.61438 20 205 20
-0.239474 0.277044 4.60083 20 205 20
-0.203793 0.323515 4.68431 20 205 20
-0.217897 0.358665 4.68694 20 205 20
-0.25162 0.373361 4.69646 20 205 20
-0.285206 0.358994 4.70729 20 205 20
-0.298981 0.323981 4.71309 20 205 20
-0.284877 0.288831 4.71047 20 205 20
-0.251154 0.274134 4.70095 20 205 20
-0.217568 0.288501 4.69012 20 205 20
-0.180407 0.321249 4.7496 20 205 20
-0.194236 0.356141 4.75311 20 205 20
-0.226965 0.370865 4.76488 20 205 20
-0.259422 0.356797 4.77801 20 205 20
-0.272595 0.322176 4.78481 20 205 20
-0.258766 0.287285 4.7813 20 205 20
-0.226037 0.27256 4.76954 20 205 20
-0.19358 0.286629 4.7564 20 205 20
-0.149045 0.330612 4.82833 20 205 20
-0.163543 0.365051 4.82736 20 205 20
-0.196255 0.380265 4.83729 20 205 20
-0.228018 0.367342 4.8523 20 205 20
-0.240226 0.333851 4.8636 20 205 20
-0.225728 0.299412 4.86457 20 205 20
-0.193016 0.284198 4.85464 20 205 20
-0.161253 0.297121 4.83963 20 205 20
-0.13039 0.342059 4.87815 20 205 20
-0.145574 0.37538 4.87257 20 205 20
-0.178605 0.390684 4.87975 20 205 20
-0.210134 0.379006 4.89551 20 205 20
-0.221691 0.347188 4.91059 20 205 20
-0.206507 0.313867 4.91618 20 205 20
-0.173476 0.298563 4.90899 20 205 20
-0.141947 0.31024 4.89324 20 205 20
-0.118297 0.356317 4.91199 20 205 20
-0.133139 0.389633 4.90784 20 205 20
-0.166217 0.404575 4.91461 20 205 20
-0.198153 0.392388 4.92833 20 205 20
-0.210241 0.360213 4.94097 20 205 20
-0.195398 0.326896 4.94511 20 205 20
-0.162321 0.311955 4.93835 20 205 20
-0.130384 0.324141 4.92463 20 205 20
-0.0936061 0.369173 5.02067 20 205 20
-0.106907 0.400511 5.02212 20 205 20
-0.137428 0.41415 5.02316 20 205 20
-0.16729 0.402101 5.02318 20 205 20
-0.179 0.371422 5.02216 20 205 20
-0.165699 0.340083 5.02071 20 205 20
-0.135179 0.326444 5.01967 20 205 20
-0.105317 0.338493 5.01965 20 205 20
-0.139309 0.336866 5.15828 20 205 20
-0.151263 0.365363 5.1619 20 205 20
-0.179307 0.377503 5.16199 20 205 20
-0.207015 0.366176 5.15851 20 205 20
-0.218156 0.338017 5.15348 20 205 20
-0.206202 0.30952 5.14986 20 205 20
-0.178157 0.29738 5.14977 20 205 20
-0.150449 0.308707 5.15326 20 205 20
-0.130646 0.333269 5.19594 20 205 20
-0.142516 0.361337 5.19593 20 205 20
-0.170372 0.373295 5.20111 20 205 20
-0.197897 0.362137 5.20845 20 205 20
-0.208967 0.3344 5.21365 20 205 20
-0.197097 0.306332 5.21366 20 205 20
-0.169241 0.294375 5.20848 20 205 20
-0.141716 0.305533 5.20114 20 205 20
-0.114208 0.349184 5.25519 20 205 20
-0.126533 0.376763 5.25066 20 205 20
-0.154137 0.389078 5.25508 20 205 20
-0.180849 0.378914 5.26585 20 205 20
-0.191023 0.352226 5.27667 20 205 20
-0.178698 0.324648 5.2812 20 205 20
-0.151094 0.312333 5.27678 20 205 20
-0.124382 0.322497 5.26601 20 205 20
-0.0972108 0.367853 5.31259 20 205 20
-0.108961 0.395489 5.31158 20 205 20
-0.136125 0.407435 5.3175 20 205 20
-0.16279 0.396692 5.32688 20 205 20
-0.173338 0.369554 5.33422 20 205 20
-0.161588 0.341918 5.33522 20 205 20
-0.134424 0.329972 5.32931 20 205 20
-0.107758 0.340715 5.31993 20 205 20
-0.0811088 0.36918 5.37211 20 205 20
-0.0924324 0.396949 5.37326 20 205 20
-0.119627 0.408511 5.37815 20 205 20
-0.146764 0.397092 5.38391 20 205 20
-0.157945 0.369381 5.38717 20 205 20
-0.146621 0.341612 5.38602 20 205 20
-0.119426 0.330051 5.38113 20 205 20
-0.0922899 0.34147 5.37537 20 205 20
-0.071851 0.373654 5.45574 20 205 20
-0.0838726 0.399967 5.45061 20 205 20
-0.111227 0.411558 5.45245 20 205 20
-0.137891 0.401635 5.46017 20 205 20
-0.148245 0.376013 5.46926 20 205 20
-0.136223 0.349699 5.47439 20 205 20
-0.108868 0.338109 5.47255 20 205 20
-0.0822046 0.348031 5.46483 20 205 20
-0.0540994 0.409372 5.52162 20 205 20
-0.0658648 0.435388 5.51778 20 205 20
-0.0926629 0.44683 5.52127 20 205 20
-0.118796 0.436994 5.53005 20 205 20
-0.128955 0.411643 5.53898 20 205 20
-0.11719 0.385626 5.54282 20 205 20
-0.0903917 0.374185 5.53933 20 205 20
-0.0642588 0.38402 5.53055 20 205 20
-0.0399961 0.411068 5.58726 20 205 20
-0.0510804 0.437947 5.5879 20 205 20
-0.0772484 0.449326 5.59367 20 205 20
-0.103171 0.438539 5.60121 20 205 20
-0.113663 0.411906 5.60608 20 205 20
-0.102579 0.385027 5.60544 20 205 20
-0.0764111 0.373648 5.59966 20 205 20
-0.0504884 0.384435 5.59213 20 205 20
-0.0218831 0.420404 5.65064 20 205 20
-0.0329703 0.446999 5.6502 20 205 20
-0.059031 0.458307 5.6549 20 205 20
-0.0847991 0.447705 5.66197 20 205 20
-0.09518 0.421403 5.66729 20 205 20
-0.0840928 0.394808 5.66773 20 205 20
-0.0580322 0.3835 5.66303 20 205 20
-0.0322641 0.394102 5.65596 20 205 20
-0.0114961 0.425226 5.7152 20 205 20
-0.0224373 0.451563 5.71494 20 205 20
-0.0484004 0.46266 5.71894 20 205 20
-0.0741765 0.452015 5.72485 20 205 20
-0.0846664 0.425864 5.72922 20 205 20
-0.0737252 0.399527 5.72948 20 205 20
-0.0477621 0.38843 5.72548 20 205 20
-0.0219859 0.399075 5.71957 20 205 20
0.0020147 0.432169 5.77845 20 205 20
-0.00868484 0.458242 5.77911 20 205 20
-0.0340636 0.469229 5.78459 20 205 20
-0.059255 0.458694 5.79167 20 205 20
-0.0695023 0.432808 5.79621 20 205 20
-0.0588027 0.406735 5.79554 20 205 20
-0.033424 0.395748 5.79006 20 205 20
-0.00823261 0.406283 5.78298 20 205 20
0.0210837 0.43535 5.84866 20 205 20
0.0104536 0.461056 5.84866 20 205 20
-0.0147002 0.471915 5.85352 20 205 20
-0.0396428 0.461566 5.86039 20 205 20
-0.0497632 0.436071 5.86526 20 205 20
-0.0391331 0.410365 5.86526 20 205 20
-0.0139793 0.399506 5.8604 20 205 20
0.0109633 0.409855 5.85352 20 205 20
0.0326757 0.445855 5.91275 20 205 20
0.022843 0.470869 5.91591 20 205 20
-0.00135005 0.481042 5.92308 20 205 20
-0.0257315 0.470414 5.93007 20 205 20
-0.036019 0.445212 5.93278 20 205 20
-0.0261863 0.420198 5.92962 20 205 20
-0.00199325 0.410025 5.92245 20 205 20
0.0223882 0.420653 5.91546 20 205 20
0.0582072 0.434678 5.97769 20 205 20
0.0486342 0.459418 5.98245 20 205 20
0.0246974 0.469324 5.98943 20 205 20
0.000418713 0.458593 5.99455 20 205 20
-0.00997979 0.43351 5.9948 20 205 20
-0.000406791 0.40877 5.99005 20 205 20
0.02353 0.398864 5.98307 20 205 20
0.0478087 0.409595 5.97795 20 205 20
0.0662337 0.433212 6.05012 20 205 20
0.0560294 0.456391 6.04485 20 205 20
0.0313601 0.465979 6.04376 20 205 20
0.00667679 0.456358 6.04751 20 205 20
-0.00356142 0.433164 6.05389 20 205 20
0.00664289 0.409984 6.05916 20 205 20
0.0313122 0.400396 6.06024 20 205 20
0.0559955 0.410018 6.0565 20 205 20
0.065606 0.466008 6.10903 20 205 20
0.0555479 0.488831 6.10388 20 205 20
0.0312135 0.498263 6.1027 20 205 20
0.00685761 0.488779 6.10617 20 205 20
-0.00325245 0.465935 6.11226 20 205 20
0.00680566 0.443112 6.11741 20 205 20
0.03114 0.43368 6.11859 20 205 20
0.0554959 0.443164 6.11512 20 205 20
0.071086 0.463496 6.17172 20 205 20
0.0610373 0.487413 6.17151 20 205 20
0.0373103 0.49754 6.1748 20 205 20
0.013804 0.487946 6.17966 20 205 20
0.00428808 0.46425 6.18325 20 205 20
0.0143368 0.440333 6.18347 20 205 20
0.0380638 0.430206 6.18018 20 205 20
0.0615701 0.439801 6.17532 20 205 20
0.0879336 0.476949 6.24685 20 205 20
0.0777788 0.500226 6.24766 20 205 20
0.0545718 0.510409 6.24811 20 205 20
0.0319069 0.501534 6.24794 20 205 20
0.0230609 0.4788 6.24725 20 205 20
0.0332156 0.455522 6.24644 20 205 20
0.0564227 0.445339 6.24599 20 205 20
0.0790876 0.454214 6.24616 20 205 20
0.0743488 0.462576 6.3041 20 205 20
0.064543 0.485192 6.309 20 205 20
0.0415086 0.494824 6.30908 20 205 20
0.0187388 0.485831 6.30427 20 205 20
0.00957196 0.46348 6.29741 20 205 20
0.0193778 0.440864 6.29251 20 205 20
0.0424122 0.431232 6.29244 20 205 20
0.0651819 0.440225 6.29724 20 205 20
0.0747709 0.441305 6.37424 20 205 20
0.0655113 0.463765 6.37771 20 205 20
0.044181 0.473493 6.38434 20 205 20
0.023275 0.46479 6.39025 20 205 20
0.0150398 0.442753 6.39198 20 205 20
0.0242994 0.420292 6.38851 20 205 20
0.0456296 0.410564 6.38188 20 205 20
0.0665356 0.419268 6.37597 20 205 20
0.103629 0.451347 6.42467 20 205 20
0.0946467 0.473626 6.42334 20 205 20
0.0739197 0.483252 6.42628 20 205 20
0.0535897 0.474585 6.43176 20 205 20
0.0455656 0.452702 6.43658 20 205 20
0.054548 0.430423 6.43791 20 205 20
0.0752749 0.420798 6.43497 20 205 20
0.095605 0.429465 6.42949 20 205 20
0.0960643 0.45806 6.49474 20 205 20
0.0873294 0.479852 6.49134 20 205 20
0.0659529 0.488759 6.48628 20 205 20
0.0444567 0.479563 6.48252 20 205 20
0.0354331 0.457652 6.48226 20 205 20
0.0441679 0.43586 6.48566 20 205 20
0.0655445 0.426954 6.49072 20 205 20
0.0870406 0.436149 6.49449 20 205 20
0.0801821 0.46025 6.55273 20 205 20
0.071297 0.481191 6.55402 20 205 20
0.0502012 0.490012 6.55112 20 205 20
0.0292522 0.481546 6.54572 20 205 20
0.0207218 0.460752 6.54098 20 205 20
0.0296069 0.439811 6.53968 20 205 20
0.0507027 0.43099 6.54258 20 205 20
0.0716517 0.439456 6.54799 20 205 20
0.0677851 0.434437 6.61185 20 205 20
0.058919 0.454872 6.61477 20 205 20
0.0392503 0.464056 6.61925 20 205 20
0.0203008 0.456608 6.62268 20 205 20
0.0131708 0.436892 6.62304 20 205 20
0.0220369 0.416457 6.62012 20 205 20
0.0417055 0.407273 6.61563 20 205 20
0.060655 0.41472 6.6122 20 205 20
0.116018 0.455587 6.69113 20 205 20
0.108029 0.475189 6.68738 20 205 20
0.0894154 0.483587 6.68872 20 205 20
0.0710808 0.475863 6.69434 20 205 20
0.0637655 0.45654 6.70096 20 205 20
0.0717547 0.436937 6.70471 20 205 20
0.0903685 0.428539 6.70337 20 205 20
0.108703 0.436264 6.69775 20 205 20
0.105146 0.475372 6.75786 20 205 20
0.0974851 0.494179 6.75314 20 205 20
0.0783743 0.501714 6.74933 20 205 20
0.0590081 0.493563 6.74865 20 205 20
0.0507312 0.474501 6.7515 20 205 20
0.058392 0.455694 6.75622 20 205 20
0.0775028 0.44816 6.76003 20 205 20
0.0968689 0.456311 6.76071 20 205 20
0.100157 0.482423 6.83939 20 205 20
0.0926183 0.500999 6.83931 20 205 20
0.0744912 0.508724 6.84139 20 205 20
0.0563949 0.501073 6.84441 20 205 20
0.0489299 0.482528 6.84659 20 205 20
0.0564691 0.463952 6.84667 20 205 20
0.0745961 0.456227 6.84459 20 205 20
0.0926924 0.463878 6.84157 20 205 20
0.122138 0.485006 6.9072 20 205 20
0.115031 0.502331 6.91036 20 205 20
0.0979091 0.509522 6.91431 20 205 20
0.080802 0.502366 6.91673 20 205 20
0.0737307 0.485056 6.91621 20 205 20
0.0808374 0.467731 6.91304 20 205 20
0.0979591 0.460541 6.9091 20 205 20
0.115066 0.467696 6.90667 20 205 20
0.122911 0.472782 6.96079 20 205 20
0.116104 0.489212 6.9622 20 205 20
0.0995634 0.495972 6.96165 20 205 20
0.0829771 0.489103 6.95948 20 205 20
0.0760616 0.472628 6.95695 20 205 20
0.082868 0.456198 6.95555 20 205 20
0.0994091 0.449438 6.95609 20 205 20
0.115995 0.456308 6.95826 20 205 20
0.107539 0.474355 7.02845 20 205 20
0.101112 0.490043 7.02736 20 205 20
0.0855984 0.496543 7.0261 20 205 20
0.070087 0.490047 7.02542 20 205 20
0.0636639 0.474361 7.02571 20 205 20
0.0700916 0.458673 7.0268 20 205 20
0.0856048 0.452173 7.02805 20 205 20
0.101116 0.458669 7.02873 20 205 20
0.11349 0.480912 7.1227 20 205 20
0.107948 0.492793 7.11793 20 205 20
0.0942902 0.497598 7.11618 20 205 20
0.0805164 0.492513 7.11847 20 205 20
0.0746951 0.480516 7.12346 20 205 20
0.0802364 0.468635 7.12823 20 205 20
0.0938944 0.46383 7.12998 20 205 20
0.107668 0.468915 7.12769 20 205 20
0.105969 0.544777 7.18823 20 205 20
0.101143 0.553495 7.17914 20 205 20
0.0888457 0.556839 7.17472 20 205 20
0.0762799 0.552848 7.17757 20 205 20
0.070807 0.543862 7.18601 20 205 20
0.0756327 0.535144 7.1951 20 205 20
0.0879304 0.531801 7.19951 20 205 20
0.100496 0.535791 7.19667 20 205 20
0.088388 0.54432 7.18712 20 205 20
-0.136303 0.370297 5.02141 20 205 20
-0.113471 0.373013 4.99083 20 205 20
-0.118238 0.398935 5.0036 20 205 20
-0.133587 0.40808 5.0268 20 205 20
-0.150527 0.395093 5.04685 20 205 20
-0.159135 0.367581 5.052 20 205 20
-0.154369 0.341659 5.03923 20 205 20
-0.13902 0.332514 5.01603 20 205 20
-0.122079 0.345501 4.99598 20 205 20
0.00912128 0.349966 5.08336 20 205 20
0.00116283 0.376106 5.08935 20 205 20
-0.0185342 0.386733 5.10582 20 205 20
-0.0384314 0.375622 5.12313 20 205 20
-0.0468735 0.349282 5.13113 20 205 20
-0.038915 0.323142 5.12514 20 205 20
-0.019218 0.312515 5.10867 20 205 20
0.000679243 0.323626 5.09136 20 205 20
0.0471504 0.364178 5.15244 20 205 20
0.0366404 0.390323 5.15484 20 205 20
0.0123632 0.401607 5.16449 20 205 20
-0.0114599 0.391419 5.17572 20 205 20
-0.0208736 0.365728 5.18196 20 205 20
-0.0103636 0.339583 5.17956 20 205 20
0.0139136 0.328299 5.16991 20 205 20
0.0377367 0.338486 5.15868 20 205 20
0.0657138 0.360428 5.20742 20 205 20
0.0562938 0.386378 5.21295 20 205 20
0.0334477 0.397084 5.22508 20 205 20
0.0105584 0.386274 5.23669 20 205 20
0.0010341 0.360281 5.24098 20 205 20
0.0104541 0.334331 5.23544 20 205 20
0.0333002 0.323626 5.22332 20 205 20
0.0561895 0.334435 5.21171 20 205 20
0.103844 0.361999 5.26174 20 205 20
0.0942841 0.387791 5.26582 20 205 20
0.0715606 0.398622 5.27714 20 205 20
0.0489846 0.388147 5.28907 20 205 20
0.0397809 0.362503 5.29461 20 205 20
0.0493409 0.336712 5.29053 20 205 20
0.0720644 0.325881 5.27921 20 205 20
0.0946404 0.336355 5.26729 20 205 20
0.125233 0.363272 5.32497 20 205 20
0.115171 0.388782 5.32718 20 205 20
0.0920532 0.399835 5.33697 20 205 20
0.0694211 0.389955 5.34859 20 205 20
0.0605323 0.36493 5.35524 20 205 20
0.0705939 0.33942 5.35303 20 205 20
0.0937117 0.328367 5.34325 20 205 20
0.116344 0.338247 5.33162 20 205 20
0.161652 0.374195 5.38416 20 205 20
0.152122 0.399206 5.38813 20 205 20
0.129714 0.409814 5.39917 20 205 20
0.107555 0.399805 5.41079 20 205 20
0.0986245 0.375043 5.4162 20 205 20
0.108155 0.350033 5.41223 20 205 20
0.130563 0.339424 5.40119 20 205 20
0.152722 0.349433 5.38957 20 205 20
0.17108 0.371134 5.4082 20 205 20
0.161296 0.395782 5.41096 20 205 20
0.139169 0.406609 5.42167 20 205 20
0.117659 0.397273 5.43407 20 205 20
0.109368 0.373244 5.44089 20 205 20
0.119151 0.348596 5.43814 20 205 20
0.141278 0.337769 5.42742 20 205 20
0.162788 0.347104 5.41502 20 205 20
0.228222 0.397642 5.49157 20 205 20
0.218334 0.422106 5.49303 20 205 20
0.196472 0.433072 5.50321 20 205 20
0.175442 0.424115 5.51615 20 205 20
0.167563 0.400482 5.52427 20 205 20
0.177451 0.376017 5.52281 20 205 20
0.199313 0.365052 5.51263 20 205 20
0.220343 0.374009 5.49969 20 205 20
0.258202 0.397386 5.57157 20 205 20
0.247003 0.415022 5.58302 20 205 20
0.223643 0.423849 5.58945 20 205 20
0.201805 0.418697 5.58708 20 205 20
0.194282 0.402583 5.57731 20 205 20
0.20548 0.384946 5.56585 20 205 20
0.22884 0.376119 5.55943 20 205 20
0.250678 0.381272 5.5618 20 205 20
0.244193 0.346817 5.58942 20 205 20
0.232506 0.363928 5.59812 20 205 20
0.209865 0.373325 5.60448 20 205 20
0.189534 0.369504 5.60477 20 205 20
0.183422 0.354702 5.59883 20 205 20
0.195109 0.33759 5.59013 20 205 20
0.21775 0.328193 5.58377 20 205 20
0.238081 0.332015 5.58348 20 205 20
0.309247 0.388877 5.68311 20 205 20
0.300728 0.411561 5.68621 20 205 20
0.281287 0.421423 5.69801 20 205 20
0.262312 0.412685 5.7116 20 205 20
0.254917 0.390467 5.71901 20 205 20
0.263436 0.367782 5.71591 20 205 20
0.282877 0.357921 5.70411 20 205 20
0.301852 0.366659 5.69052 20 205 20
0.349189 0.380404 5.73934 20 205 20
0.34068 0.402225 5.74171 20 205 20
0.321943 0.412011 5.75324 20 205 20
0.303952 0.404029 5.76718 20 205 20
0.297247 0.382954 5.77537 20 205 20
0.305755 0.361133 5.77301 20 205 20
0.324493 0.351347 5.76148 20 205 20
0.342484 0.359329 5.74753 20 205 20
0.37708 0.39846 5.77859 20 205 20
0.367903 0.42012 5.77895 20 205 20
0.348374 0.430179 5.78816 20 205 20
0.329932 0.422744 5.80081 20 205 20
0.323381 0.402171 5.80949 20 205 20
0.332557 0.380511 5.80913 20 205 20
0.352086 0.370452 5.79993 20 205 20
0.370528 0.377887 5.78728 20 205 20
0.406419 0.398725 5.84136 20 205 20
0.398447 0.420432 5.84451 20 205 20
0.381064 0.430195 5.85627 20 205 20
0.364453 0.422295 5.86977 20 205 20
0.358344 0.401358 5.87708 20 205 20
0.366315 0.379651 5.87393 20 205 20
0.383698 0.369888 5.86216 20 205 20
0.400309 0.377788 5.84867 20 205 20
0.454499 0.412825 5.88631 20 205 20
0.447235 0.43277 5.89301 20 205 20
0.43013 0.44121 5.90498 20 205 20
0.413204 0.433202 5.91521 20 205 20
0.406372 0.413436 5.91771 20 205 20
0.413636 0.393492 5.91101 20 205 20
0.430741 0.385051 5.89904 20 205 20
0.447667 0.393059 5.88881 20 205 20
0.4758 0.389915 5.94141 20 205 20
0.468838 0.409186 5.94918 20 205 20
0.450522 0.416542 5.95927 20 205 20
0.43158 0.407676 5.96577 20 205 20
0.423109 0.38778 5.96487 20 205 20
0.43007 0.368509 5.95709 20 205 20
0.448387 0.361153 5.947 20 205 20
0.467329 0.370019 5.94051 20 205 20
0.508441 0.387381 6.0004 20 205 20
0.50057 0.407165 6.00165 20 205 20
0.482546 0.415765 6.00946 20 205 20
0.464927 0.408142 6.01925 20 205 20
0.458034 0.388763 6.02529 20 205 20
0.465904 0.368979 6.02404 20 205 20
0.483929 0.36038 6.01623 20 205 20
0.501548 0.368002 6.00644 20 205 20
0.53395 0.403767 6.06067 20 205 20
0.525688 0.422838 6.05935 20 205 20
0.507903 0.431633 6.06564 20 205 20
0.491014 0.425 6.07584 20 205 20
0.484914 0.406825 6.08399 20 205 20
0.493177 0.387754 6.08531 20 205 20
0.510961 0.378959 6.07902 20 205 20
0.52785 0.385591 6.06882 20 205 20
0.56329 0.419064 6.11829 20 205 20
0.555437 0.437275 6.11584 20 205 20
0.537782 0.445359 6.11906 20 205 20
0.520667 0.438578 6.12606 20 205 20
0.514118 0.420906 6.13273 20 205 20
0.52197 0.402695 6.13518 20 205 20
0.539625 0.394612 6.13197 20 205 20
0.55674 0.401392 6.12497 20 205 20
0.567493 0.434525 6.17726 20 205 20
0.559879 0.451908 6.17423 20 205 20
0.54244 0.4595 6.17595 20 205 20
0.525393 0.452853 6.18142 20 205 20
0.518722 0.43586 6.18743 20 205 20
0.526337 0.418476 6.19046 20 205 20
0.543776 0.410885 6.18874 20 205 20
0.560823 0.417532 6.18327 20 205 20
0.585961 0.449026 6.23088 20 205 20
0.578052 0.465143 6.22771 20 205 20
0.562469 0.473274 6.23261 20 205 20
0.54834 0.468654 6.2427 20 205 20
0.543942 0.453991 6.25208 20 205 20
0.551851 0.437873 6.25525 20 205 20
0.567434 0.429742 6.25035 20 205 20
0.581563 0.434362 6.24026 20 205 20
0.619278 0.480258 6.27376 20 205 20
0.612069 0.495425 6.2726 20 205 20
0.597327 0.502809 6.27707 20 205 20
0.583688 0.498086 6.28456 20 205 20
0.57914 0.484022 6.29069 20 205 20
0.586349 0.468855 6.29185 20 205 20
0.601091 0.46147 6.28738 20 205 20
0.61473 0.466193 6.27988 20 205 20
0.623136 0.481047 6.29386 20 205 20
0.616777 0.495176 6.29133 20 205 20
0.601733 0.501157 6.29204 20 205 20
0.586818 0.495486 6.29556 20 205 20
0.580768 0.481485 6.29984 20 205 20
0.587127 0.467356 6.30237 20 205 20
0.602171 0.461376 6.30167 20 205 20
0.617086 0.467047 6.29814 20 205 20
0.631392 0.539535 6.39266 20 205 20
0.625202 0.54994 6.38514 20 205 20
0.611784 0.554882 6.38359 20 205 20
0.598997 0.551466 6.38893 20 205 20
0.594333 0.541693 6.39802 20 205 20
0.600523 0.531289 6.40554 20 205 20
0.613942 0.526347 6.40709 20 205 20
0.626728 0.529763 6.40175 20 205 20
0.642797 0.591598 6.43343 20 205 20
0.63699 0.599388 6.42551 20 205 20
0.625236 0.603554 6.42418 20 205 20
0.614421 0.601655 6.43024 20 205 20
0.61088 0.594804 6.44013 20 205 20
0.616687 0.587013 6.44806 20 205 20
0.628441 0.582847 6.44938 20 205 20
0.639257 0.584746 6.44332 20 205 20
0.626839 0.593201 6.43678 20 205 20
-1.17403 0.38306 -2.00847 20 205 20
-1.16877 0.386436 -2.05047 20 205 20
-1.16793 0.415255 -2.03547 20 205 20
-1.17065 0.425214 -2.00466 20 205 20
-1.17535 0.41048 -1.97608 20 205 20
-1.17928 0.379684 -1.96647 20 205 20
-1.18013 0.350865 -1.98147 20 205 20
-1.1774 0.340906 -2.01228 20 205 20
-1.1727 0.35564 -2.04086 20 205 20
-0.931758 0.365053 -2.00766 20 205 20
-0.937154 0.394004 -1.99753 20 205 20
-0.952854 0.404889 -1.97869 20 205 20
-0.96966 0.391333 -1.96217 20 205 20
-0.977727 0.361276 -1.95764 20 205 20
-0.972331 0.332325 -1.96776 20 205 20
-0.956631 0.321439 -1.98661 20 205 20
-0.939825 0.334996 -2.00313 20 205 20
-0.902403 0.356806 -1.93117 20 205 20
-0.914447 0.38575 -1.93019 20 205 20
-0.943136 0.3979 -1.92477 20 205 20
-0.971664 0.386137 -1.9181 20 205 20
-0.983321 0.357353 -1.91407 20 205 20
-0.971277 0.328409 -1.91505 20 205 20
-0.942588 0.316259 -1.92046 20 205 20
-0.91406 0.328022 -1.92714 20 205 20
-0.895791 0.368539 -1.89239 20 205 20
-0.905446 0.396415 -1.88677 20 205 20
-0.930601 0.407197 -1.87436 20 205 20
-0.956521 0.394569 -1.86243 20 205 20
-0.968022 0.365929 -1.85797 20 205 20
-0.958367 0.338053 -1.86359 20 205 20
-0.933212 0.327271 -1.876 20 205 20
-0.907292 0.339899 -1.88793 20 205 20
-0.858013 0.354701 -1.8488 20 205 20
-0.865819 0.381474 -1.83471 20 205 20
-0.88916 0.390702 -1.81632 20 205 20
-0.914363 0.376979 -1.8044 20 205 20
-0.926664 0.348344 -1.80593 20 205 20
-0.918858 0.321571 -1.82002 20 205 20
-0.895517 0.312343 -1.83841 20 205 20
-0.870314 0.326066 -1.85033 20 205 20
-0.825428 0.333354 -1.77645 20 205 20
-0.835591 0.360884 -1.7713 20 205 20
-0.862222 0.371419 -1.76578 20 205 20
-0.889722 0.358789 -1.76314 20 205 20
-0.90198 0.330391 -1.76491 20 205 20
-0.891817 0.302861 -1.77007 20 205 20
-0.865186 0.292326 -1.77558 20 205 20
-0.837686 0.304957 -1.77823 20 205 20
-0.831246 0.33476 -1.71741 20 205 20
-0.842925 0.362767 -1.72245 20 205 20
-0.871211 0.37433 -1.72619 20 205 20
-0.899536 0.362676 -1.72646 20 205 20
-0.911306 0.334631 -1.72309 20 205 20
-0.899627 0.306624 -1.71806 20 205 20
-0.87134 0.295061 -1.71431 20 205 20
-0.843016 0.306715 -1.71404 20 205 20
-0.837066 0.357002 -1.65019 20 205 20
-0.845961 0.384225 -1.64715 20 205 20
-0.869292 0.394731 -1.63731 20 205 20
-0.893394 0.382365 -1.62642 20 205 20
-0.904148 0.354372 -1.62086 20 205 20
-0.895253 0.327149 -1.62389 20 205 20
-0.871922 0.316643 -1.63373 20 205 20
-0.84782 0.329008 -1.64463 20 205 20
-0.784992 0.346827 -1.60915 20 205 20
-0.792259 0.373299 -1.59656 20 205 20
-0.813436 0.38276 -1.57769 20 205 20
-0.836118 0.369666 -1.56361 20 205 20
-0.847018 0.341689 -1.56256 20 205 20
-0.839751 0.315217 -1.57516 20 205 20
-0.818574 0.305757 -1.59402 20 205 20
-0.795892 0.31885 -1.6081 20 205 20
-0.74904 0.326765 -1.54208 20 205 20
-0.7585 0.353582 -1.53369 20 205 20
-0.782942 0.364024 -1.52007 20 205 20
-0.80805 0.351976 -1.50921 20 205 20
-0.819115 0.324494 -1.50745 20 205 20
-0.809656 0.297677 -1.51584 20 205 20
-0.785213 0.287235 -1.52946 20 205 20
-0.760105 0.299283 -1.54033 20 205 20
-0.728966 0.326685 -1.50021 20 205 20
-0.739075 0.354115 -1.49504 20 205 20
-0.763489 0.365474 -1.48253 20 205 20
-0.787905 0.354107 -1.47002 20 205 20
-0.798023 0.326673 -1.46483 20 205 20
-0.787914 0.299242 -1.47 20 205 20
-0.7635 0.287884 -1.48251 20 205 20
-0.739084 0.299251 -1.49502 20 205 20
-0.695556 0.325518 -1.43738 20 205 20
-0.705424 0.352587 -1.43126 20 205 20
-0.729773 0.363581 -1.4189 20 205 20
-0.754339 0.352062 -1.40752 20 205 20
-0.764732 0.324776 -1.40381 20 205 20
-0.754864 0.297708 -1.40992 20 205 20
-0.730515 0.286713 -1.42229 20 205 20
-0.705949 0.298233 -1.43366 20 205 20
-0.670265 0.321394 -1.37817 20 205 20
-0.67982 0.34811 -1.37145 20 205 20
-0.703701 0.358838 -1.35869 20 205 20
-0.727919 0.347295 -1.34736 20 205 20
-0.738289 0.320242 -1.34409 20 205 20
-0.728734 0.293526 -1.35081 20 205 20
-0.704853 0.282797 -1.36358 20 205 20
-0.680635 0.294341 -1.37491 20 205 20
-0.639817 0.316828 -1.32436 20 205 20
-0.649804 0.343429 -1.32024 20 205 20
-0.673672 0.354548 -1.30866 20 205 20
-0.69744 0.343672 -1.2964 20 205 20
-0.707184 0.317172 -1.29064 20 205 20
-0.697197 0.290572 -1.29476 20 205 20
-0.673328 0.279453 -1.30634 20 205 20
-0.649561 0.290329 -1.3186 20 205 20
-0.617602 0.322366 -1.27276 20 205 20
-0.62863 0.34873 -1.27313 20 205 20
-0.653321 0.360452 -1.26468 20 205 20
-0.67721 0.350665 -1.25234 20 205 20
-0.686304 0.325102 -1.24336 20 205 20
-0.675276 0.298738 -1.24298 20 205 20
-0.650585 0.287016 -1.25144 20 205 20
-0.626696 0.296803 -1.26377 20 205 20
-0.593228 0.336966 -1.21534 20 205 20
-0.604037 0.362982 -1.21422 20 205 20
-0.629068 0.374198 -1.20711 20 205 20
-0.653659 0.364045 -1.19818 20 205 20
-0.663405 0.33847 -1.19267 20 205 20
-0.652596 0.312455 -1.19379 20 205 20
-0.627565 0.301238 -1.20089 20 205 20
-0.602974 0.311391 -1.20982 20 205 20
-0.580642 0.336311 -1.15748 20 205 20
-0.589019 0.359368 -1.14635 20 205 20
-0.612675 0.367497 -1.13499 20 205 20
-0.637753 0.355935 -1.13005 20 205 20
-0.649563 0.331456 -1.13443 20 205 20
-0.641186 0.308399 -1.14556 20 205 20
-0.61753 0.30027 -1.15691 20 205 20
-0.592452 0.311832 -1.16185 20 205 20
-0.552942 0.299455 -1.10692 20 205 20
-0.560902 0.321909 -1.094 20 205 20
-0.584025 0.329592 -1.08148 20 205 20
-0.608766 0.318002 -1.07669 20 205 20
-0.620633 0.293929 -1.08244 20 205 20
-0.612674 0.271474 -1.09536 20 205 20
-0.589551 0.263792 -1.10788 20 205 20
-0.564809 0.275382 -1.11267 20 205 20
-0.531999 0.283972 -1.02107 20 205 20
-0.540619 0.306632 -1.02521 20 205 20
-0.564229 0.314859 -1.02725 20 205 20
-0.588997 0.303834 -1.02599 20 205 20
-0.600416 0.280014 -1.02218 20 205 20
-0.591796 0.257354 -1.01804 20 205 20
-0.568186 0.249126 -1.016 20 205 20
-0.543418 0.260152 -1.01725 20 205 20
-0.540335 0.294977 -1.00873 20 205 20
-0.547933 0.317179 -1.01146 20 205 20
-0.569855 0.324893 -1.01047 20 205 20
-0.593258 0.313601 -1.00633 20 205 20
-0.604434 0.289917 -1.00148 20 205 20
-0.596836 0.267715 -0.998754 20 205 20
-0.574915 0.260001 -0.999746 20 205 20
-0.551511 0.271293 -1.00388 20 205 20
-0.481389 0.268573 -0.92227 20 205 20
-0.489757 0.292695 -0.915217 20 205 20
-0.51124 0.302156 -0.902692 20 205 20
-0.533254 0.291414 -0.892034 20 205 20
-0.542903 0.266762 -0.889485 20 205 20
-0.534535 0.242639 -0.896538 20 205 20
-0.513052 0.233178 -0.909063 20 205 20
-0.491038 0.24392 -0.919721 20 205 20
-0.455978 0.269106 -0.867387 20 205 20
-0.465438 0.293385 -0.864518 20 205 20
-0.487963 0.30357 -0.855923 20 205 20
-0.510359 0.293696 -0.846637 20 205 20
-0.519507 0.269547 -0.842099 20 205 20
-0.510048 0.245268 -0.844968 20 205 20
-0.487522 0.235083 -0.853563 20 205 20
-0.465126 0.244957 -0.862849 20 205 20
-0.434284 0.272465 -0.798663 20 205 20
-0.443301 0.296159 -0.794278 20 205 20
-0.465492 0.305798 -0.785442 20 205 20
-0.487858 0.295736 -0.77733 20 205 20
-0.497298 0.271867 -0.774695 20 205 20
-0.488281 0.248174 -0.77908 20 205 20
-0.46609 0.238535 -0.787917 20 205 20
-0.443724 0.248597 -0.796028 20 205 20
-0.406986 0.263784 -0.735674 20 205 20
-0.415527 0.287107 -0.730738 20 205 20
-0.436148 0.296767 -0.719573 20 205 20
-0.45677 0.287104 -0.708719 20 205 20
-0.465314 0.263779 -0.704534 20 205 20
-0.456774 0.240456 -0.709469 20 205 20
-0.436152 0.230797 -0.720634 20 205 20
-0.41553 0.24046 -0.731488 20 205 20
-0.369569 0.269035 -0.675328 20 205 20
-0.378552 0.292141 -0.673212 20 205 20
-0.399361 0.302074 -0.664236 20 205 20
-0.419808 0.293016 -0.65366 20 205 20
-0.427915 0.270273 -0.647677 20 205 20
-0.418933 0.247167 -0.649794 20 205 20
-0.398123 0.237233 -0.658769 20 205 20
-0.377676 0.246291 -0.669346 20 205 20
-0.353105 0.273448 -0.624348 20 205 20
-0.362114 0.296145 -0.622732 20 205 20
-0.38301 0.3059 -0.614738 20 205 20
-0.403551 0.297 -0.605047 20 205 20
-0.411706 0.274657 -0.599337 20 205 20
-0.402697 0.251961 -0.600952 20 205 20
-0.381801 0.242205 -0.608947 20 205 20
-0.361259 0.251106 -0.618638 20 205 20
-0.302763 0.283782 -0.528448 20 205 20
-0.311759 0.305774 -0.528579 20 205 20
-0.332453 0.315307 -0.522346 20 205 20
-0.352724 0.306796 -0.5134 20 205 20
-0.360698 0.285227 -0.506981 20 205 20
-0.351703 0.263234 -0.506849 20 205 20
-0.331008 0.253701 -0.513082 20 205 20
-0.310737 0.262212 -0.522028 20 205 20
-0.28965 0.29709 -0.463245 20 205 20
-0.298611 0.318395 -0.464334 20 205 20
-0.318435 0.327969 -0.458129 20 205 20
-0.337509 0.320204 -0.448266 20 205 20
-0.344661 0.299648 -0.440521 20 205 20
-0.3357 0.278343 -0.439433 20 205 20
-0.315876 0.268769 -0.445638 20 205 20
-0.296801 0.276534 -0.455501 20 205 20
-0.247726 0.315298 -0.400514 20 205 20
-0.255312 0.33556 -0.396047 20 205 20
-0.273438 0.344031 -0.385807 20 205 20
-0.291487 0.335748 -0.375794 20 205 20
-0.298885 0.315564 -0.371872 20 205 20
-0.291299 0.295302 -0.376339 20 205 20
-0.273173 0.286831 -0.386578 20 205 20
-0.255124 0.295114 -0.396592 20 205 20
-0.218554 0.298616 -0.339468 20 205 20
-0.226169 0.318043 -0.336211 20 205 20
-0.244318 0.326188 -0.327583 20 205 20
-0.262369 0.31828 -0.318638 20 205 20
-0.269748 0.298951 -0.314616 20 205 20
-0.262132 0.279524 -0.317873 20 205 20
-0.243983 0.271379 -0.326501 20 205 20
-0.225933 0.279287 -0.335446 20 205 20
-0.201498 0.312307 -0.304099 20 205 20
-0.207872 0.331058 -0.300133 20 205 20
-0.223721 0.338633 -0.289402 20 205 20
-0.239761 0.330597 -0.278192 20 205 20
-0.246596 0.311656 -0.27307 20 205 20
-0.240221 0.292906 -0.277036 20 205 20
-0.224372 0.28533 -0.287768 20 205 20
-0.208333 0.293367 -0.298977 20 205 20
-0.131514 0.287631 -0.231007 20 205 20
-0.137177 0.305775 -0.225536 20 205 20
-0.151905 0.312852 -0.214037 20 205 20
-0.167072 0.304718 -0.203247 20 205 20
-0.173791 0.286136 -0.199487 20 205 20
-0.168128 0.267992 -0.204958 20 205 20
-0.1534 0.260915 -0.216457 20 205 20
-0.138234 0.269049 -0.227247 20 205 20
-0.0993291 0.29583 -0.173968 20 205 20
-0.106547 0.313713 -0.173237 20 205 20
-0.1229 0.321566 -0.166835 20 205 20
-0.138808 0.314787 -0.158512 20 205 20
-0.144953 0.297349 -0.153143 20 205 20
-0.137734 0.279465 -0.153874 20 205 20
-0.121382 0.271613 -0.160276 20 205 20
-0.105474 0.278392 -0.1686 20 205 20
-0.0778544 0.303268 -0.107005 20 205 20
-0.0844467 0.320206 -0.105281 20 205 20
-0.0999848 0.327379 -0.0990265 20 205 20
-0.115367 0.320583 -0.0919056 20 205 20
-0.121582 0.303801 -0.0880894 20 205 20
-0.11499 0.286862 -0.0898133 20 205 20
-0.0994516 0.27969 -0.0960675 20 205 20
-0.0840697 0.286485 -0.103188 20 205 20
-0.0389919 0.304886 -0.0307757 20 205 20
-0.0453315 0.320029 -0.0315258 20 205 20
-0.0598833 0.326613 -0.0272649 20 205 20
-0.074123 0.320782 -0.0204889 20 205 20
-0.0797092 0.305952 -0.0151671 20 205 20
-0.0733695 0.29081 -0.014417 20 205 20
-0.0588177 0.284225 -0.0186779 20 205 20
-0.044578 0.290056 -0.0254539 20 205 20
-0.0227206 0.338275 0.0487273 20 205 20
-0.0286363 0.351316 0.0463435 20 205 20
-0.0412096 0.357425 0.0495813 20 205 20
-0.0530753 0.353024 0.0565441 20 205 20
-0.0572825 0.340691 0.0631532 20 205 20
-0.0513668 0.32765 0.065537 20 205 20
-0.0387934 0.32154 0.0622992 20 205 20
-0.0269278 0.325941 0.0553364 20 205 20
0.0225513 0.360821 0.112491 20 205 20
0.0173406 0.37303 0.112088 20 205 20
0.00685532 0.378955 0.117686 20 205 20
-0.00276243 0.375125 0.126005 20 205 20
-0.0058787 0.363783 0.132172 20 205 20
-0.000668019 0.351574 0.132575 20 205 20
0.00981727 0.345649 0.126977 20 205 20
0.019435 0.349479 0.118658 20 205 20
0.0083363 0.362302 0.122332 20 205 20
-1.23168 0.540269 -4.20941 20 205 20
-1.13578 0.538985 -4.21286 20 205 20
-1.16478 0.590729 -4.25619 20 205 20
-1.23296 0.612913 -4.27211 20 205 20
-1.3004 0.592543 -4.25131 20 205 20
-1.32758 0.541552 -4.20596 20 205 20
-1.29858 0.489809 -4.16264 20 205 20
-1.2304 0.467624 -4.14671 20 205 20
-1.16296 0.487994 -4.16752 20 205 20
-1.12837 0.721737 -4.00275 20 205 20
-1.15637 0.778951 -4.03098 20 205 20
-1.22261 0.803215 -4.04004 20 205 20
-1.28828 0.780316 -4.02462 20 205 20
-1.31491 0.723668 -3.99375 20 205 20
-1.28691 0.666454 -3.96552 20 205 20
-1.22068 0.642189 -3.95646 20 205 20
-1.15501 0.665088 -3.97188 20 205 20
-1.12241 0.747498 -3.89832 20 205 20
-1.14983 0.812293 -3.90594 20 205 20
-1.21538 0.839398 -3.90514 20 205 20
-1.28066 0.812937 -3.89639 20 205 20
-1.30744 0.748409 -3.88482 20 205 20
-1.28002 0.683614 -3.8772 20 205 20
-1.21447 0.656509 -3.878 20 205 20
-1.14919 0.68297 -3.88675 20 205 20
-1.1144 0.753827 -3.80964 20 205 20
-1.14178 0.819878 -3.81026 20 205 20
-1.20738 0.84744 -3.80371 20 205 20
-1.27278 0.820367 -3.79383 20 205 20
-1.29967 0.754518 -3.78641 20 205 20
-1.2723 0.688467 -3.78579 20 205 20
-1.20669 0.660906 -3.79233 20 205 20
-1.14129 0.687979 -3.80221 20 205 20
-1.09427 0.759485 -3.70331 20 205 20
-1.12254 0.826293 -3.70997 20 205 20
-1.18982 0.854366 -3.70595 20 205 20
-1.2567 0.827258 -3.69361 20 205 20
-1.284 0.760849 -3.68017 20 205 20
-1.25573 0.694041 -3.67352 20 205 20
-1.18845 0.665968 -3.67754 20 205 20
-1.12157 0.693076 -3.68988 20 205 20
-1.08404 0.777205 -3.62981 20 205 20
-1.11395 0.846822 -3.64016 20 205 20
-1.18428 0.876445 -3.63633 20 205 20
-1.25382 0.848723 -3.62055 20 205 20
-1.28184 0.779893 -3.60207 20 205 20
-1.25192 0.710276 -3.59172 20 205 20
-1.18159 0.680653 -3.59556 20 205 20
-1.11205 0.708375 -3.61134 20 205 20
-1.05851 0.794834 -3.53454 20 205 20
-1.09015 0.868896 -3.54217 20 205 20
-1.16418 0.900543 -3.5344 20 205 20
-1.23724 0.871236 -3.51581 20 205 20
-1.26653 0.798144 -3.49727 20 205 20
-1.23489 0.724083 -3.48965 20 205 20
-1.16087 0.692436 -3.49741 20 205 20
-1.08781 0.721742 -3.51601 20 205 20
-1.04824 0.808086 -3.4564 20 205 20
-1.07992 0.879198 -3.46963 20 205 20
-1.15249 0.910283 -3.46368 20 205 20
-1.22344 0.883132 -3.44204 20 205 20
-1.25119 0.813649 -3.41737 20 205 20
-1.2195 0.742537 -3.40414 20 205 20
-1.14693 0.711452 -3.41009 20 205 20
-1.07599 0.738603 -3.43174 20 205 20
-1.02583 0.855927 -3.33714 20 205 20
-1.05556 0.922243 -3.34875 20 205 20
-1.12238 0.951765 -3.33884 20 205 20
-1.18715 0.927198 -3.31321 20 205 20
-1.21193 0.862934 -3.28688 20 205 20
-1.18219 0.796617 -3.27527 20 205 20
-1.11537 0.767096 -3.28518 20 205 20
-1.0506 0.791663 -3.31081 20 205 20
-0.994587 0.879413 -3.23139 20 205 20
-1.023 0.945822 -3.23768 20 205 20
-1.08872 0.974524 -3.22813 20 205 20
-1.15325 0.948706 -3.20835 20 205 20
-1.17878 0.883492 -3.18991 20 205 20
-1.15037 0.817084 -3.18362 20 205 20
-1.08465 0.788382 -3.19317 20 205 20
-1.02012 0.8142 -3.21295 20 205 20
-0.975877 0.896766 -3.12686 20 205 20
-1.00498 0.965595 -3.13332 20 205 20
-1.07403 0.994601 -3.12925 20 205 20
-1.14259 0.966793 -3.11703 20 205 20
-1.17049 0.89846 -3.10382 20 205 20
-1.14139 0.82963 -3.09736 20 205 20
-1.07234 0.800624 -3.10144 20 205 20
-1.00378 0.828432 -3.11366 20 205 20
-0.958674 0.90899 -3.03775 20 205 20
-0.989862 0.9849 -3.03788 20 205 20
-1.06401 1.01682 -3.02487 20 205 20
-1.13767 0.986053 -3.00634 20 205 20
-1.16771 0.910619 -2.99314 20 205 20
-1.13652 0.834709 -2.99301 20 205 20
-1.06238 0.802788 -3.00603 20 205 20
-0.98871 0.833557 -3.02456 20 205 20
-0.923721 0.913077 -2.96169 20 205 20
-0.958061 0.995026 -2.96584 20 205 20
-1.03874 1.02989 -2.95201 20 205 20
-1.11851 0.997247 -2.92831 20 205 20
-1.15063 0.916218 -2.90861 20 205 20
-1.11629 0.834269 -2.90446 20 205 20
-1.0356 0.799404 -2.91829 20 205 20
-0.95584 0.832048 -2.94199 20 205 20
-0.898293 0.943651 -2.83668 20 205 20
-0.933329 1.029 -2.83478 20 205 20
-1.01747 1.06454 -2.8179 20 205 20
-1.10144 1.02944 -2.79594 20 205 20
-1.13603 0.944274 -2.78175 20 205 20
-1.101 0.858922 -2.78365 20 205 20
-1.01685 0.823385 -2.80053 20 205 20
-0.932889 0.858481 -2.8225 20 205 20
-0.873141 0.937629 -2.75078 20 205 20
-0.907894 1.0214 -2.75572 20 205 20
-0.992323 1.05588 -2.74585 20 205 20
-1.07697 1.02087 -2.72695 20 205 20
-1.11225 0.936883 -2.71008 20 205 20
-1.0775 0.853114 -2.70513 20 205 20
-0.993069 0.818635 -2.715 20 205 20
-0.908422 0.853642 -2.73391 20 205 20
-0.874883 0.963615 -2.67386 20 205 20
-0.911783 1.04691 -2.69125 20 205 20
-0.99411 1.08421 -2.68025 20 205 20
-1.07364 1.05367 -2.64732 20 205 20
-1.10378 0.973173 -2.61174 20 205 20
-1.06688 0.889879 -2.59435 20 205 20
-0.984552 0.852578 -2.60534 20 205 20
-0.905025 0.88312 -2.63828 20 205 20
-0.849994 0.988994 -2.58281 20 205 20
-0.881236 1.06569 -2.5968 20 205 20
-0.952383 1.09923 -2.59642 20 205 20
-1.02176 1.06997 -2.58189 20 205 20
-1.04872 0.995045 -2.56172 20 205 20
-1.01748 0.918346 -2.54772 20 205 20
-0.946332 0.884804 -2.5481 20 205 20
-0.876958 0.914067 -2.56264 20 205 20
-0.940505 1.02591 -2.34739 20 205 20
-0.96722 1.0932 -2.36436 20 205 20
-1.03314 1.12047 -2.38022 20 205 20
-1.09966 1.09177 -2.38568 20 205 20
-1.1278 1.0239 -2.37755 20 205 20
-1.10109 0.956612 -2.36058 20 205 20
-1.03516 0.929334 -2.34472 20 205 20
-0.968647 0.95804 -2.33926 20 205 20
-0.936507 1.04524 -2.27438 20 205 20
-0.963502 1.10909 -2.28356 20 205 20
-1.0282 1.13573 -2.28595 20 205 20
-1.09271 1.10956 -2.28015 20 205 20
-1.11923 1.0459 -2.26957 20 205 20
-1.09224 0.982057 -2.26039 20 205 20
-1.02754 0.955416 -2.25801 20 205 20
-0.963031 0.981587 -2.2638 20 205 20
-0.947231 1.05387 -2.16137 20 205 20
-0.971618 1.11051 -2.1736 20 205 20
-1.0302 1.13409 -2.1784 20 205 20
-1.08866 1.1108 -2.17295 20 205 20
-1.11275 1.05429 -2.16045 20 205 20
-1.08836 0.997647 -2.14822 20 205 20
-1.02978 0.974064 -2.14342 20 205 20
-0.971323 0.997351 -2.14887 20 205 20
-0.947265 1.09938 -2.04539 20 205 20
-0.970424 1.15293 -2.05133 20 205 20
-1.02605 1.17523 -2.05265 20 205 20
-1.08156 1.15321 -2.04859 20 205 20
-1.10444 1.09978 -2.04153 20 205 20
-1.08128 1.04622 -2.0356 20 205 20
-1.02565 1.02392 -2.03427 20 205 20
-0.970141 1.04594 -2.03833 20 205 20
-0.941322 1.08977 -1.97347 20 205 20
-0.96594 1.14817 -1.97416 20 205 20
-1.02493 1.17254 -1.97176 20 205 20
-1.08374 1.14861 -1.96768 20 205 20
-1.10791 1.0904 -1.96431 20 205 20
-1.0833 1.032 -1.96362 20 205 20
-1.02431 1.00763 -1.96601 20 205 20
-0.965498 1.03156 -1.9701 20 205 20
-0.943826 1.10332 -1.89741 20 205 20
-0.966723 1.15472 -1.90707 20 205 20
-1.01903 1.17724 -1.90348 20 205 20
-1.07011 1.15769 -1.88876 20 205 20
-1.09003 1.10752 -1.87152 20 205 20
-1.06714 1.05612 -1.86186 20 205 20
-1.01483 1.0336 -1.86545 20 205 20
-0.963752 1.05315 -1.88017 20 205 20
-0.924998 1.1422 -1.80064 20 205 20
-0.944089 1.1844 -1.8116 20 205 20
-0.987598 1.20294 -1.81053 20 205 20
-1.03004 1.18698 -1.79804 20 205 20
-1.04655 1.14585 -1.78146 20 205 20
-1.02746 1.10366 -1.7705 20 205 20
-0.983949 1.08511 -1.77158 20 205 20
-0.941509 1.10108 -1.78407 20 205 20
-0.919239 1.16735 -1.7071 20 205 20
-0.938383 1.21235 -1.71531 20 205 20
-0.984331 1.2311 -1.71734 20 205 20
-1.03017 1.21262 -1.71199 20 205 20
-1.04904 1.16773 -1.70241 20 205 20
-1.0299 1.12272 -1.6942 20 205 20
-0.983949 1.10397 -1.69217 20 205 20
-0.938113 1.12245 -1.69751 20 205 20
-0.913468 1.17729 -1.63195 20 205 20
-0.933262 1.22413 -1.63707 20 205 20
-0.980387 1.24381 -1.63564 20 205 20
-1.02724 1.22479 -1.62851 20 205 20
-1.04637 1.17823 -1.61985 20 205 20
-1.02658 1.13139 -1.61473 20 205 20
-0.979451 1.11171 -1.61615 20 205 20
-0.9326 1.13072 -1.62329 20 205 20
-0.902546 1.19054 -1.55185 20 205 20
-0.922473 1.2375 -1.55879 20 205 20
-0.969987 1.2572 -1.55875 20 205 20
-1.01725 1.2381 -1.55175 20 205 20
-1.03659 1.19138 -1.5419 20 205 20
-1.01666 1.14442 -1.53496 20 205 20
-0.969146 1.12472 -1.53501 20 205 20
-0.921879 1.14382 -1.542 20 205 20
-0.900548 1.20815 -1.46019 20 205 20
-0.920538 1.2551 -1.46766 20 205 20
-0.968124 1.27482 -1.4678 20 205 20
-1.01543 1.25577 -1.46053 20 205 20
-1.03475 1.20911 -1.4501 20 205 20
-1.01476 1.16216 -1.44263 20 205 20
-0.96717 1.14244 -1.44249 20 205 20
-0.919863 1.16149 -1.44977 20 205 20
-0.887627 1.22461 -1.37539 20 205 20
-0.908195 1.2725 -1.38283 20 205 20
-0.956758 1.29279 -1.3814 20 205 20
-1.00487 1.27359 -1.37194 20 205 20
-1.02435 1.22615 -1.35998 20 205 20
-1.00378 1.17825 -1.35254 20 205 20
-0.955217 1.15796 -1.35397 20 205 20
-0.907104 1.17716 -1.36343 20 205 20
-0.876934 1.24323 -1.2896 20 205 20
-0.898116 1.29279 -1.29691 20 205 20
-0.948329 1.3137 -1.29585 20 205 20
-0.99816 1.29371 -1.28705 20 205 20
-1.01842 1.24453 -1.27565 20 205 20
-0.997236 1.19497 -1.26835 20 205 20
-0.947022 1.17406 -1.2694 20 205 20
-0.897192 1.19405 -1.27821 20 205 20
-0.868117 1.25842 -1.20174 20 205 20
-0.889093 1.30852 -1.20451 20 205 20
-0.938783 1.32967 -1.19863 20 205 20
-0.98808 1.30947 -1.18753 20 205 20
-1.00811 1.25976 -1.17772 20 205 20
-0.98713 1.20966 -1.17495 20 205 20
-0.93744 1.18851 -1.18084 20 205 20
-0.888143 1.20871 -1.19194 20 205 20
-0.850338 1.26465 -1.13387 20 205 20
-0.87162 1.31537 -1.13572 20 205 20
-0.921502 1.33701 -1.12696 20 205 20
-0.970764 1.31687 -1.11273 20 205 20
-0.990549 1.26676 -1.10136 20 205 20
-0.969267 1.21604 -1.09951 20 205 20
-0.919385 1.1944 -1.10827 20 205 20
-0.870123 1.21454 -1.1225 20 205 20
-0.82684 1.28061 -1.04044 20 205 20
-0.849301 1.33278 -1.0457 20 205 20
-0.90107 1.3554 -1.0378 20 205 20
-0.95182 1.33524 -1.02137 20 205 20
-0.971824 1.28409 -1.00603 20 205 20
-0.949362 1.23192 -1.00077 20 205 20
-0.897594 1.2093 -1.00867 20 205 20
-0.846843 1.22947 -1.0251 20 205 20
-0.800898 1.30071 -0.951524 20 205 20
-0.824402 1.35432 -0.960634 20 205 20
-0.878613 1.37758 -0.955815 20 205 20
-0.931776 1.35685 -0.939888 20 205 20
-0.952748 1.30429 -0.922184 20 205 20
-0.929245 1.25069 -0.913073 20 205 20
-0.875033 1.22743 -0.917893 20 205 20
-0.821871 1.24815 -0.93382 20 205 20
-0.783586 1.32599 -0.868153 20 205 20
-0.808272 1.38436 -0.872877 20 205 20
-0.865753 1.40941 -0.863043 20 205 20
-0.922356 1.38647 -0.844412 20 205 20
-0.944925 1.32899 -0.827897 20 205 20
-0.920238 1.27063 -0.823173 20 205 20
-0.862758 1.24557 -0.833007 20 205 20
-0.806154 1.26851 -0.851638 20 205 20
-0.751639 1.33287 -0.79999 20 205 20
-0.778726 1.3954 -0.807133 20 205 20
-0.840894 1.42264 -0.7963 20 205 20
-0.901724 1.39863 -0.773837 20 205 20
-0.925585 1.33743 -0.752902 20 205 20
-0.898498 1.27489 -0.745759 20 205 20
-0.836331 1.24766 -0.756592 20 205 20
-0.7755 1.27167 -0.779055 20 205 20
-0.739078 1.35814 -0.724604 20 205 20
-0.765331 1.41834 -0.731971 20 205 20
-0.826315 1.44427 -0.725323 20 205 20
-0.886307 1.42074 -0.708553 20 205 20
-0.910164 1.36153 -0.691486 20 205 20
-0.883911 1.30133 -0.684118 20 205 20
-0.822927 1.2754 -0.690767 20 205 20
-0.762935 1.29893 -0.707536 20 205 20
-0.727036 1.36395 -0.631234 20 205 20
-0.750424 1.4213 -0.627687 20 205 20
-0.806669 1.44515 -0.616815 20 205 20
-0.862822 1.42152 -0.604985 20 205 20
-0.88599 1.36426 -0.599128 20 205 20
-0.862601 1.30691 -0.602674 20 205 20
-0.806356 1.28306 -0.613547 20 205 20
-0.750203 1.30669 -0.625377 20 205 20
-0.705562 1.36285 -0.526315 20 205 20
-0.72938 1.41892 -0.530591 20 205 20
-0.785863 1.44257 -0.52461 20 205 20
-0.841925 1.41994 -0.511877 20 205 20
-0.864724 1.36429 -0.499849 20 205 20
-0.840906 1.30821 -0.495573 20 205 20
-0.784423 1.28456 -0.501554 20 205 20
-0.728362 1.30719 -0.514287 20 205 20
-0.700243 1.38296 -0.459286 20 205 20
-0.723585 1.43674 -0.467385 20 205 20
-0.777774 1.45991 -0.462085 20 205 20
-0.831067 1.43891 -0.446491 20 205 20
-0.852246 1.38602 -0.429737 20 205 20
-0.828904 1.33224 -0.421638 20 205 20
-0.774714 1.30907 -0.426938 20 205 20
-0.721421 1.33008 -0.442532 20 205 20
-0.670719 1.40139 -0.351973 20 205 20
-0.693588 1.4558 -0.354293 20 205 20
-0.747105 1.47904 -0.34529 20 205 20
-0.79992 1.45749 -0.330236 20 205 20
-0.821095 1.40379 -0.317951 20 205 20
-0.798226 1.34939 -0.31563 20 205 20
-0.744709 1.32615 -0.324634 20 205 20
-0.691894 1.34769 -0.339687 20 205 20
-0.653693 1.41233 -0.255885 20 205 20
-0.676411 1.46621 -0.258553 20 205 20
-0.729444 1.48928 -0.249693 20 205 20
-0.781725 1.46802 -0.234494 20 205 20
-0.802629 1.4149 -0.22186 20 205 20
-0.779911 1.36103 -0.219192 20 205 20
-0.726878 1.33796 -0.228053 20 205 20
-0.674597 1.35921 -0.243252 20 205 20
-0.63008 1.43035 -0.160209 20 205 20
-0.651574 1.48179 -0.161211 20 205 20
-0.701562 1.50389 -0.149967 20 205 20
-0.750762 1.4837 -0.133064 20 205 20
-0.770353 1.43304 -0.120404 20 205 20
-0.748859 1.38159 -0.119402 20 205 20
-0.698871 1.35949 -0.130645 20 205 20
-0.649672 1.37969 -0.147548 20 205 20
-0.605393 1.43933 -0.0767306 20 205 20
-0.626312 1.4912 -0.0725289 20 205 20
-0.67634 1.51287 -0.0591048 20 205 20
-0.726171 1.49167 -0.0443219 20 205 20
-0.746616 1.44 -0.0368398 20 205 20
-0.725698 1.38814 -0.0410414 20 205 20
-0.67567 1.36646 -0.0544656 20 205 20
-0.625838 1.38766 -0.0692485 20 205 20
-0.579653 1.43624 0.018195 20 205 20
-0.601031 1.48712 0.0168464 20 205 20
-0.651482 1.50868 0.0260504 20 205 20
-0.701453 1.48828 0.0404156 20 205 20
-0.721671 1.43788 0.0515269 20 205 20
-0.700294 1.38699 0.0528756 20 205 20
-0.649843 1.36544 0.0436715 20 205 20
-0.599872 1.38583 0.0293064 20 205 20
-0.564133 1.45943 0.102845 20 205 20
-0.585732 1.5092 0.0965023 20 205 20
-0.635579 1.53076 0.102826 20 205 20
-0.684475 1.51149 0.118111 20 205 20
-0.703777 1.46268 0.133405 20 205 20
-0.682178 1.41291 0.139749 20 205 20
-0.632331 1.39135 0.133425 20 205 20
-0.583436 1.41061 0.118139 20 205 20
-0.542854 1.47303 0.185898 20 205 20
-0.564543 1.52344 0.18081 20 205 20
-0.614635 1.54527 0.188276 20 205 20
-0.663787 1.52571 0.203923 20 205 20
-0.683206 1.47624 0.218584 20 205 20
-0.661517 1.42582 0.223672 20 205 20
-0.611425 1.40399 0.216206 20 205 20
-0.562273 1.42355 0.200559 20 205 20
-0.518241 1.4961 0.281652 20 205 20
-0.540662 1.54865 0.277271 20 205 20
-0.593125 1.57111 0.283332 20 205 20
-0.644899 1.55032 0.296283 20 205 20
-0.665655 1.49845 0.308539 20 205 20
-0.643234 1.4459 0.312921 20 205 20
-0.590771 1.42344 0.30686 20 205 20
-0.538997 1.44424 0.293909 20 205 20
-0.503956 1.50433 0.370876 20 205 20
-0.526392 1.55813 0.369541 20 205 20
-0.579508 1.58085 0.377207 20 205 20
-0.632188 1.55918 0.389381 20 205 20
-0.653575 1.50581 0.398934 20 205 20
-0.631139 1.45201 0.400269 20 205 20
-0.578023 1.4293 0.392604 20 205 20
-0.525342 1.45097 0.380429 20 205 20
-0.488695 1.51418 0.453336 20 205 20
-0.510186 1.56539 0.45181 20 205 20
-0.559805 1.58754 0.463106 20 205 20
-0.608486 1.56766 0.480609 20 205 20
-0.627712 1.51739 0.494065 20 205 20
-0.60622 1.46618 0.495592 20 205 20
-0.556601 1.44403 0.484295 20 205 20
-0.507921 1.46391 0.466792 20 205 20
-0.459525 1.53023 0.538422 20 205 20
-0.480508 1.57996 0.535912 20 205 20
-0.528995 1.60146 0.545517 20 205 20
-0.576584 1.58213 0.561609 20 205 20
-0.595397 1.5333 0.574763 20 205 20
-0.574414 1.48356 0.577273 20 205 20
-0.525927 1.46206 0.567668 20 205 20
-0.478338 1.48139 0.551576 20 205 20
-0.451476 1.53878 0.603568 20 205 20
-0.471631 1.58533 0.598548 20 205 20
-0.517986 1.60556 0.605128 20 205 20
-0.563387 1.58763 0.619453 20 205 20
-0.581238 1.54204 0.633132 20 205 20
-0.561082 1.4955 0.638152 20 205 20
-0.514727 1.47526 0.631573 20 205 20
-0.469327 1.49319 0.617247 20 205 20
-0.425365 1.56766 0.703391 20 205 20
-0.444454 1.61183 0.698745 20 205 20
-0.48852 1.63096 0.7043 20 205 20
-0.531748 1.61385 0.716801 20 205 20
-0.548817 1.57052 0.728926 20 205 20
-0.529727 1.52636 0.733572 20 205 20
-0.485661 1.50723 0.728018 20 205 20
-0.442433 1.52434 0.715517 20 205 20
-0.411313 1.57804 0.791979 20 205 20
-0.430467 1.62397 0.790487 20 205 20
-0.476197 1.64321 0.794756 20 205 20
-0.521715 1.62448 0.802285 20 205 20
-0.540357 1.57877 0.808663 20 205 20
-0.521203 1.53284 0.810155 20 205 20
-0.475473 1.5136 0.805886 20 205 20
-0.429956 1.53233 0.798358 20 205 20
-0.40283 1.58326 0.873513 20 205 20
-0.421394 1.62801 0.873162 20 205 20
-0.465806 1.64672 0.878137 20 205 20
-0.51005 1.62842 0.885523 20 205 20
-0.528208 1.58384 0.890995 20 205 20
-0.509644 1.53909 0.891346 20 205 20
-0.465231 1.52038 0.886372 20 205 20
-0.420988 1.53868 0.878985 20 205 20
-0.390848 1.58954 0.967636 20 205 20
-0.408815 1.63227 0.964669 20 205 20
-0.451564 1.65023 0.968032 20 205 20
-0.494051 1.6329 0.975755 20 205 20
-0.51139 1.59043 0.983315 20 205 20
-0.493423 1.5477 0.986283 20 205 20
-0.450674 1.52974 0.98292 20 205 20
-0.408186 1.54708 0.975196 20 205 20
-0.384064 1.60212 1.03914 20 205 20
-0.401901 1.64392 1.03329 20 205 20
-0.444181 1.66156 1.03443 20 205 20
-0.486136 1.6447 1.04189 20 205 20
-0.50319 1.60322 1.05131 20 205 20
-0.485352 1.56142 1.05716 20 205 20
-0.443073 1.54378 1.05602 20 205 20
-0.401117 1.56063 1.04856 20 205 20
-0.371655 1.61744 1.11524 20 205 20
-0.390745 1.66325 1.11324 20 205 20
-0.43598 1.68258 1.11959 20 205 20
-0.480862 1.6641 1.13059 20 205 20
-0.499099 1.61865 1.13978 20 205 20
-0.480009 1.57284 1.14178 20 205 20
-0.434774 1.55351 1.13543 20 205 20
-0.389892 1.57198 1.12443 20 205 20
-0.346711 1.62142 1.1724 20 205 20
-0.368563 1.67318 1.16858 20 205 20
-0.419984 1.69517 1.1755 20 205 20
-0.470853 1.67451 1.18911 20 205 20
-0.491372 1.62331 1.20143 20 205 20
-0.469521 1.57155 1.20524 20 205 20
-0.418099 1.54956 1.19832 20 205 20
-0.36723 1.57022 1.18471 20 205 20
-0.333546 1.63866 1.24369 20 205 20
-0.356921 1.69314 1.23782 20 205 20
-0.410474 1.7169 1.24684 20 205 20
-0.462834 1.69602 1.26548 20 205 20
-0.483329 1.64273 1.2828 20 205 20
-0.459954 1.58826 1.28867 20 205 20
-0.406401 1.5645 1.27965 20 205 20
-0.354041 1.58538 1.26102 20 205 20
-0.306422 1.65722 1.33396 20 205 20
-0.327184 1.70676 1.33346 20 205 20
-0.375298 1.72812 1.34234 20 205 20
-0.422579 1.70877 1.3554 20 205 20
-0.441331 1.66006 1.36497 20 205 20
-0.420569 1.61051 1.36547 20 205 20
-0.372455 1.58915 1.35659 20 205 20
-0.325174 1.6085 1.34354 20 205 20
-0.310465 1.65677 1.40885 20 205 20
-0.329158 1.69739 1.39949 20 205 20
-0.372672 1.71489 1.39867 20 205 20
-0.415517 1.69901 1.40688 20 205 20
-0.432595 1.65905 1.41931 20 205 20
-0.413902 1.61842 1.42867 20 205 20
-0.370388 1.60093 1.42949 20 205 20
-0.327543 1.61681 1.42128 20 205 20
-0.30469 1.68607 1.44892 20 205 20
-0.322674 1.72621 1.44279 20 205 20
-0.364837 1.74335 1.44777 20 205 20
-0.40648 1.72746 1.46094 20 205 20
-0.423209 1.68785 1.47459 20 205 20
-0.405225 1.64771 1.48071 20 205 20
-0.363062 1.63057 1.47573 20 205 20
-0.321419 1.64646 1.46256 20 205 20
-0.27737 1.67854 1.55902 20 205 20
-0.295919 1.71817 1.57177 20 205 20
-0.337185 1.73605 1.57694 20 205 20
-0.376996 1.72169 1.5715 20 205 20
-0.39203 1.68351 1.55863 20 205 20
-0.373482 1.64387 1.54587 20 205 20
-0.332215 1.62599 1.5407 20 205 20
-0.292405 1.64035 1.54615 20 205 20
-0.293404 1.64774 1.60804 20 205 20
-0.312531 1.68623 1.61188 20 205 20
-0.354283 1.704 1.6098 20 205 20
-0.394201 1.69065 1.60302 20 205 20
-0.408902 1.65399 1.59552 20 205 20
-0.389775 1.6155 1.59168 20 205 20
-0.348024 1.59773 1.59375 20 205 20
-0.308105 1.61108 1.60053 20 205 20
-0.288733 1.68803 1.69869 20 205 20
-0.302152 1.72717 1.70403 20 205 20
-0.337739 1.74207 1.71881 20 205 20
-0.374648 1.72398 1.73436 20 205 20
-0.391258 1.68352 1.74158 20 205 20
-0.377839 1.64437 1.73624 20 205 20
-0.342252 1.62948 1.72147 20 205 20
-0.305343 1.64756 1.70591 20 205 20
-0.242953 1.67179 1.76631 20 205 20
-0.253302 1.70718 1.76616 20 205 20
-0.284981 1.71907 1.77173 20 205 20
-0.319432 1.70048 1.77978 20 205 20
-0.336476 1.66232 1.78558 20 205 20
-0.326127 1.62692 1.78573 20 205 20
-0.294449 1.61504 1.78016 20 205 20
-0.259997 1.63362 1.77211 20 205 20
-0.328576 1.77399 2.00211 20 205 20
-0.340263 1.8065 1.98691 20 205 20
-0.372233 1.81842 1.97001 20 205 20
-0.40576 1.80275 1.96131 20 205 20
-0.421203 1.76867 1.96591 20 205 20
-0.409517 1.73616 1.98111 20 205 20
-0.377546 1.72424 1.99801 20 205 20
-0.344019 1.73991 2.00671 20 205 20
-0.365423 1.78281 2.07498 20 205 20
-0.378089 1.81531 2.07007 20 205 20
-0.40943 1.82846 2.06346 20 205 20
-0.441087 1.81455 2.05903 20 205 20
-0.454515 1.78174 2.05938 20 205 20
-0.44185 1.74924 2.0643 20 205 20
-0.410509 1.73609 2.0709 20 205 20
-0.378852 1.75 2.07533 20 205 20
-0.360088 1.78524 2.13937 20 205 20
-0.37361 1.81785 2.13641 20 205 20
-0.406342 1.83131 2.13514 20 205 20
-0.439111 1.81776 2.1363 20 205 20
-0.452721 1.78512 2.13921 20 205 20
-0.4392 1.75251 2.14217 20 205 20
-0.406467 1.73905 2.14344 20 205 20
-0.373698 1.7526 2.14228 20 205 20
-0.364004 1.79478 2.20463 20 205 20
-0.377438 1.82739 2.20296 20 205 20
-0.409964 1.84086 2.2038 20 205 20
-0.44253 1.8273 2.20664 20 205 20
-0.456059 1.79465 2.20983 20 205 20
-0.442625 1.76203 2.2115 20 205 20
-0.410099 1.74856 2.21066 20 205 20
-0.377533 1.76213 2.20782 20 205 20
-0.356557 1.79461 2.24586 20 205 20
-0.370331 1.82699 2.24366 20 205 20
-0.402824 1.84071 2.24726 20 205 20
-0.435001 1.82775 2.25454 20 205 20
-0.448015 1.79569 2.26124 20 205 20
-0.434241 1.76332 2.26344 20 205 20
-0.401749 1.74959 2.25984 20 205 20
-0.369571 1.76256 2.25256 20 205 20
-0.347941 1.81184 2.31033 20 205 20
-0.361409 1.8418 2.30382 20 205 20
-0.392128 1.85495 2.30602 20 205 20
-0.422103 1.8436 2.31565 20 205 20
-0.433774 1.81438 2.32706 20 205 20
-0.420306 1.78442 2.33357 20 205 20
-0.389587 1.77127 2.33137 20 205 20
-0.359613 1.78263 2.32174 20 205 20
-0.329116 1.83981 2.39433 20 205 20
-0.342149 1.86975 2.38695 20 205 20
-0.372837 1.88248 2.38543 20 205 20
-0.403203 1.87053 2.39068 20 205 20
-0.415459 1.84091 2.3996 20 205 20
-0.402425 1.81096 2.40698 20 205 20
-0.371737 1.79823 2.4085 20 205 20
-0.341371 1.81018 2.40325 20 205 20
-0.33732 1.85302 2.47361 20 205 20
-0.34909 1.88547 2.46549 20 205 20
-0.377281 1.899 2.45161 20 205 20
-0.405379 1.88569 2.4401 20 205 20
-0.416925 1.85334 2.4377 20 205 20
-0.405155 1.82089 2.44581 20 205 20
-0.376964 1.80735 2.4597 20 205 20
-0.348866 1.82066 2.47121 20 205 20
-0.359083 1.85125 2.4886 20 205 20
-0.371126 1.88406 2.48356 20 205 20
-0.399132 1.89809 2.47506 20 205 20
-0.426695 1.88513 2.46809 20 205 20
-0.437669 1.85276 2.46673 20 205 20
-0.425626 1.81995 2.47177 20 205 20
-0.39762 1.80591 2.48027 20 205 20
-0.370057 1.81888 2.48724 20 205 20
-0.329689 1.86551 2.56065 20 205 20
-0.3444 1.89933 2.55725 20 205 20
-0.377686 1.91426 2.5637 20 205 20
-0.410049 1.90156 2.57623 20 205 20
-0.42253 1.86867 2.58749 20 205 20
-0.407819 1.83485 2.59089 20 205 20
-0.374533 1.81992 2.58444 20 205 20
-0.34217 1.83262 2.57192 20 205 20
-0.307089 1.88073 2.61596 20 205 20
-0.322882 1.91738 2.60972 20 205 20
-0.359499 1.93318 2.61123 20 205 20
-0.395491 1.91889 2.6196 20 205 20
-0.409773 1.88287 2.62993 20 205 20
-0.393981 1.84623 2.63617 20 205 20
-0.357363 1.83042 2.63467 20 205 20
-0.321372 1.84472 2.62629 20 205 20
-0.306234 1.8921 2.67241 20 205 20
-0.321813 1.93045 2.67381 20 205 20
-0.360328 1.94596 2.67705 20 205 20
-0.399217 1.92955 2.68023 20 205 20
-0.4157 1.89082 2.68149 20 205 20
-0.400121 1.85247 2.68009 20 205 20
-0.361606 1.83695 2.67685 20 205 20
-0.322716 1.85337 2.67367 20 205 20
-0.292692 1.87736 2.75807 20 205 20
-0.307331 1.91442 2.76112 20 205 20
-0.343351 1.9295 2.7611 20 205 20
-0.379652 1.91375 2.75801 20 205 20
-0.394969 1.8764 2.75367 20 205 20
-0.38033 1.83934 2.75062 20 205 20
-0.34431 1.82427 2.75064 20 205 20
-0.308009 1.84002 2.75373 20 205 20
-0.325455 1.87572 2.85544 20 205 20
-0.339675 1.9109 2.85337 20 205 20
-0.373882 1.92552 2.84662 20 205 20
-0.408037 1.91102 2.83914 20 205 20
-0.422134 1.87589 2.83531 20 205 20
-0.407914 1.84072 2.83738 20 205 20
-0.373707 1.8261 2.84413 20 205 20
-0.339552 1.84059 2.85161 20 205 20
-0.336577 1.87069 2.92225 20 205 20
-0.35081 1.90725 2.9246 20 205 20
-0.38305 1.92327 2.93453 20 205 20
-0.414413 1.90937 2.94622 20 205 20
-0.426525 1.87369 2.95283 20 205 20
-0.412292 1.83712 2.95048 20 205 20
-0.380052 1.8211 2.94055 20 205 20
-0.348689 1.835 2.92885 20 205 20
-0.290056 1.88091 2.98493 20 205 20
-0.304387 1.91742 2.98775 20 205 20
-0.335776 1.93387 2.99399 20 205 20
-0.365836 1.92063 2.99999 20 205 20
-0.376957 1.88545 3.00223 20 205 20
-0.362625 1.84894 2.9994 20 205 20
-0.331236 1.83248 2.99316 20 205 20
-0.301177 1.84573 2.98717 20 205 20
-0.324714 1.86429 3.09211 20 205 20
-0.338387 1.89683 3.09172 20 205 20
-0.370078 1.91085 3.0878 20 205 20
-0.401222 1.89815 3.08266 20 205 20
-0.413576 1.86615 3.0793 20 205 20
-0.399904 1.83361 3.07969 20 205 20
-0.368213 1.81959 3.08361 20 205 20
-0.337068 1.83229 3.08875 20 205 20
-0.318921 1.87051 3.13363 20 205 20
-0.332178 1.90204 3.13072 20 205 20
-0.363852 1.91524 3.13176 20 205 20
-0.395387 1.90237 3.13613 20 205 20
-0.408312 1.87098 3.14129 20 205 20
-0.395054 1.83945 3.1442 20 205 20
-0.363381 1.82625 3.14316 20 205 20
-0.331845 1.83911 3.13879 20 205 20
-0.314592 1.88302 3.22498 20 205 20
-0.327281 1.91453 3.22006 20 205 20
-0.358036 1.92752 3.21461 20 205 20
-0.388841 1.91441 3.21183 20 205 20
-0.401651 1.88285 3.21335 20 205 20
-0.388961 1.85135 3.21828 20 205 20
-0.358206 1.83836 3.22372 20 205 20
-0.327401 1.85147 3.2265 20 205 20
-0.341084 1.88666 3.29063 20 205 20
-0.35293 1.91592 3.28482 20 205 20
-0.381632 1.928 3.27877 20 205 20
-0.410376 1.91582 3.27602 20 205 20
-0.422325 1.88652 3.27818 20 205 20
-0.410478 1.85726 3.28399 20 205 20
-0.381776 1.84519 3.29004 20 205 20
-0.353032 1.85737 3.29279 20 205 20
-0.335352 1.90558 3.36757 20 205 20
-0.34761 1.93464 3.36507 20 205 20
-0.377015 1.94676 3.36446 20 205 20
-0.406342 1.93483 3.3661 20 205 20
-0.418411 1.90584 3.36903 20 205 20
-0.406153 1.87678 3.37153 20 205 20
-0.376748 1.86466 3.37214 20 205 20
-0.347421 1.87659 3.3705 20 205 20
-0.338248 1.9037 3.4292 20 205 20
-0.349936 1.93214 3.4305 20 205 20
-0.378124 1.94392 3.43293 20 205 20
-0.406299 1.93217 3.43507 20 205 20
-0.417957 1.90375 3.43566 20 205 20
-0.406268 1.87531 3.43436 20 205 20
-0.378081 1.86353 3.43193 20 205 20
-0.349906 1.87528 3.42979 20 205 20
-0.326268 1.90412 3.48791 20 205 20
-0.337934 1.93256 3.48907 20 205 20
-0.365897 1.94442 3.49399 20 205 20
-0.393778 1.93276 3.4998 20 205 20
-0.405243 1.9044 3.50309 20 205 20
-0.393577 1.87596 3.50193 20 205 20
-0.365614 1.86409 3.49701 20 205 20
-0.337733 1.87576 3.4912 20 205 20
-0.308987 1.90791 3.55568 20 205 20
-0.322433 1.93992 3.55826 20 205 20
-0.354408 1.95338 3.56024 20 205 20
-0.386181 1.9404 3.56045 20 205 20
-0.399139 1.9086 3.55878 20 205 20
-0.385693 1.87658 3.5562 20 205 20
-0.353718 1.86312 3.55422 20 205 20
-0.321945 1.8761 3.554 20 205 20
-0.310819 1.89936 3.60152 20 205 20
-0.325064 1.93356 3.6051 20 205 20
-0.359082 1.94789 3.60818 20 205 20
-0.392945 1.93394 3.60895 20 205 20
-0.406818 1.89988 3.60697 20 205 20
-0.392573 1.86568 3.60339 20 205 20
-0.358555 1.85136 3.60032 20 205 20
-0.324691 1.86531 3.59954 20 205 20
-0.296882 1.90035 3.67045 20 205 20
-0.310209 1.93491 3.67413 20 205 20
-0.341247 1.94969 3.68693 20 205 20
-0.371814 1.93604 3.70137 20 205 20
-0.384005 1.90196 3.70898 20 205 20
-0.370678 1.86741 3.7053 20 205 20
-0.339641 1.85262 3.69249 20 205 20
-0.309073 1.86627 3.67806 20 205 20
-0.263076 1.90537 3.71854 20 205 20
-0.276854 1.93906 3.71645 20 205 20
-0.308162 1.95382 3.72603 20 205 20
-0.338659 1.94101 3.74165 20 205 20
-0.350481 1.90814 3.75418 20 205 20
-0.336703 1.87445 3.75626 20 205 20
-0.305395 1.85969 3.74668 20 205 20
-0.274898 1.87249 3.73106 20 205 20
-0.254247 1.93345 3.80787 20 205 20
-0.266499 1.96118 3.80259 20 205 20
-0.29491 1.97315 3.80424 20 205 20
-0.322837 1.96235 3.81187 20 205 20
-0.33392 1.9351 3.821 20 205 20
-0.321668 1.90737 3.82628 20 205 20
-0.293257 1.8954 3.82462 20 205 20
-0.26533 1.9062 3.817 20 205 20
-0.249821 1.94406 3.87892 20 205 20
-0.259087 1.96649 3.8798 20 205 20
-0.281317 1.97584 3.88342 20 205 20
-0.303486 1.96663 3.88766 20 205 20
-0.31261 1.94426 3.89003 20 205 20
-0.303343 1.92182 3.88914 20 205 20
-0.281114 1.91247 3.88552 20 205 20
-0.258945 1.92168 3.88128 20 205 20
-0.24083 1.9403 3.93526 20 205 20
-0.249414 1.96205 3.94001 20 205 20
-0.270809 1.97078 3.94598 20 205 20
-0.292482 1.96138 3.94965 20 205 20
-0.301738 1.93935 3.94889 20 205 20
-0.293155 1.91759 3.94414 20 205 20
-0.27176 1.90886 3.93817 20 205 20
-0.250086 1.91827 3.9345 20 205 20
-0.23219 1.93421 3.96875 20 205 20
-0.240856 1.95496 3.96809 20 205 20
-0.262138 1.96341 3.97062 20 205 20
-0.283569 1.95461 3.97485 20 205 20
-0.292595 1.9337 3.97831 20 205 20
-0.283929 1.91294 3.97897 20 205 20
-0.262647 1.9045 3.97644 20 205 20
-0.241216 1.9133 3.97221 20 205 20
-0.230248 1.96078 4.03524 20 205 20
-0.238889 1.98142 4.03291 20 205 20
-0.259517 1.99007 4.0356 20 205 20
-0.280047 1.98166 4.04174 20 205 20
-0.288454 1.96111 4.04772 20 205 20
-0.279812 1.94046 4.05004 20 205 20
-0.259185 1.93181 4.04735 20 205 20
-0.238654 1.94023 4.04122 20 205 20
-0.189323 1.96263 4.13713 20 205 20
-0.197459 1.98323 4.13956 20 205 20
-0.217051 1.99178 4.14565 20 205 20
-0.236622 1.98328 4.15183 20 205 20
-0.244707 1.9627 4.15447 20 205 20
-0.236571 1.9421 4.15204 20 205 20
-0.216979 1.93354 4.14595 20 205 20
-0.197408 1.94205 4.13978 20 205 20
-0.174937 1.96323 4.21958 20 205 20
-0.181977 1.98219 4.21585 20 205 20
-0.200325 1.98949 4.2128 20 205 20
-0.219233 1.98084 4.2122 20 205 20
-0.227625 1.96132 4.21441 20 205 20
-0.220585 1.94235 4.21814 20 205 20
-0.202238 1.93506 4.22119 20 205 20
-0.18333 1.94371 4.22179 20 205 20
-0.196726 1.98004 4.25537 20 205 20
-0.20129 1.99587 4.25807 20 205 20
-0.217026 2.00047 4.25994 20 205 20
-0.234716 1.99115 4.25989 20 205 20
-0.243997 1.97337 4.25795 20 205 20
-0.239433 1.95754 4.25526 20 205 20
-0.223697 1.95293 4.25339 20 205 20
-0.206007 1.96225 4.25343 20 205 20
-0.16041 1.93983 4.29224 20 205 20
-0.165625 1.95574 4.30095 20 205 20
-0.181712 1.96088 4.30991 20 205 20
-0.199248 1.95224 4.31387 20 205 20
-0.207961 1.93488 4.3105 20 205 20
-0.202745 1.91897 4.30179 20 205 20
-0.186658 1.91383 4.29283 20 205 20
-0.169122 1.92247 4.28887 20 205 20
-0.143407 1.93032 4.39509 20 205 20
-0.150255 1.94708 4.39301 20 205 20
-0.167342 1.95379 4.39245 20 205 20
-0.18466 1.94652 4.39371 20 205 20
-0.192063 1.92953 4.39607 20 205 20
-0.185215 1.91278 4.39814 20 205 20
-0.168128 1.90607 4.39871 20 205 20
-0.150811 1.91333 4.39745 20 205 20
-0.160002 1.95588 4.45791 20 205 20
-0.165446 1.97146 4.4565 20 205 20
-0.178513 1.97795 4.45997 20 205 20
-0.19155 1.97153 4.46628 20 205 20
-0.19692 1.95598 4.47174 20 205 20
-0.191477 1.9404 4.47315 20 205 20
-0.178409 1.93391 4.46968 20 205 20
-0.165372 1.94033 4.46337 20 205 20
-0.0634444 1.96395 4.53257 20 205 20
-0.0684953 1.9784 4.5334 20 205 20
-0.0801148 1.98463 4.53906 20 205 20
-0.0914962 1.97898 4.54626 20 205 20
-0.0959727 1.96477 4.55076 20 205 20
-0.0909218 1.95032 4.54993 20 205 20
-0.0793023 1.94409 4.54427 20 205 20
-0.0679208 1.94974 4.53708 20 205 20
-0.056544 1.9803 4.62103 20 205 20
-0.0621938 1.99356 4.61867 20 205 20
-0.0757003 1.99911 4.61825 20 205 20
-0.0891514 1.99369 4.62002 20 205 20
-0.0946679 1.98049 4.62294 20 205 20
-0.0890181 1.96722 4.6253 20 205 20
-0.0755117 1.96167 4.62572 20 205 20
-0.0620605 1.96709 4.62395 20 205 20
-0.075606 1.98039 4.62198 20 205 20
-0.34383 1.87688 2.75587 20 205 20
-0.313922 1.86734 2.74029 20 205 20
-0.329432 1.88237 2.72439 20 205 20
-0.353377 1.89419 2.72693 20 205 20
-0.371729 1.89587 2.74642 20 205 20
-0.373739 1.88643 2.77145 20 205 20
-0.358229 1.87139 2.78735 20 205 20
-0.334284 1.85957 2.78481 20 205 20
-0.315932 1.85789 2.76532 20 205 20
-0.265484 1.96883 2.78726 20 205 20
-0.276616 1.98436 2.7787 20 205 20
-0.296593 1.99364 2.78062 20 205 20
-0.313714 1.99125 2.7919 20 205 20
-0.31795 1.97858 2.80593 20 205 20
-0.306819 1.96305 2.81449 20 205 20
-0.286841 1.95377 2.81257 20 205 20
-0.26972 1.95616 2.80129 20 205 20
-0.259347 1.98301 2.86406 20 205 20
-0.26614 1.99909 2.8629 20 205 20
-0.282143 2.00592 2.86467 20 205 20
-0.297984 1.99949 2.86834 20 205 20
-0.304382 1.98357 2.87175 20 205 20
-0.297589 1.96749 2.87291 20 205 20
-0.281586 1.96067 2.87114 20 205 20
-0.265745 1.9671 2.86747 20 205 20
-0.2507 1.99145 2.92324 20 205 20
-0.256742 2.00614 2.92211 20 205 20
-0.270926 2.0124 2.921 20 205 20
-0.284944 2.00655 2.92057 20 205 20
-0.290584 1.99202 2.92106 20 205 20
-0.284542 1.97733 2.9222 20 205 20
-0.270358 1.97107 2.9233 20 205 20
-0.25634 1.97692 2.92374 20 205 20
-0.281562 1.98653 2.98479 20 205 20
-0.286358 1.9983 2.98413 20 205 20
-0.296595 2.00374 2.98473 20 205 20
-0.306274 1.99965 2.98623 20 205 20
-0.309727 1.98843 2.98777 20 205 20
-0.30493 1.97665 2.98843 20 205 20
-0.294693 1.97122 2.98783 20 205 20
-0.285014 1.97531 2.98632 20 205 20
-0.255457 1.99865 3.00679 20 205 20
-0.259799 2.00895 3.00663 20 205 20
-0.2679 2.01421 3.01228 20 205 20
-0.275014 2.01134 3.02042 20 205 20
-0.276974 2.00202 3.02628 20 205 20
-0.272631 1.99171 3.02644 20 205 20
-0.26453 1.98645 3.02079 20 205 20
-0.257416 1.98933 3.01265 20 205 20
-0.266215 2.00033 3.01654 20 205 20
-0.289715 1.66705 1.77595 20 205 20
-0.252531 1.66248 1.75272 20 205 20
-0.266657 1.69284 1.74863 20 205 20
-0.294289 1.70809 1.76054 20 205 20
-0.319242 1.69931 1.78147 20 205 20
-0.326898 1.67163 1.79917 20 205 20
-0.312772 1.64126 1.80326 20 205 20
-0.28514 1.62601 1.79135 20 205 20
-0.260187 1.63479 1.77042 20 205 20
-0.133606 1.74228 1.93384 20 205 20
-0.146761 1.77204 1.93116 20 205 20
-0.175116 1.78578 1.93834 20 205 20
-0.202061 1.77545 1.95117 20 205 20
-0.211812 1.74709 1.96213 20 205 20
-0.198657 1.71733 1.96481 20 205 20
-0.170302 1.70359 1.95763 20 205 20
-0.143357 1.71392 1.9448 20 205 20
-0.120478 1.75343 2.0441 20 205 20
-0.132757 1.78057 2.03854 20 205 20
-0.160995 1.7924 2.03991 20 205 20
-0.18865 1.78198 2.04741 20 205 20
-0.199522 1.75542 2.05665 20 205 20
-0.187242 1.72828 2.06222 20 205 20
-0.159004 1.71645 2.06085 20 205 20
-0.13135 1.72687 2.05335 20 205 20
-0.104614 1.79426 2.12719 20 205 20
-0.116735 1.81702 2.11467 20 205 20
-0.143525 1.82747 2.11308 20 205 20
-0.16929 1.81949 2.12335 20 205 20
-0.178938 1.79776 2.13947 20 205 20
-0.166816 1.775 2.15199 20 205 20
-0.140026 1.76454 2.15358 20 205 20
-0.114261 1.77252 2.1433 20 205 20
-0.0936234 1.85405 2.19866 20 205 20
-0.10503 1.87663 2.18837 20 205 20
-0.130845 1.88669 2.18698 20 205 20
-0.155947 1.87835 2.1953 20 205 20
-0.165631 1.85649 2.20845 20 205 20
-0.154225 1.83391 2.21874 20 205 20
-0.12841 1.82384 2.22013 20 205 20
-0.103308 1.83218 2.21182 20 205 20
-0.0732825 1.8797 2.29004 20 205 20
-0.0859641 1.90939 2.27999 20 205 20
-0.116956 1.92154 2.27526 20 205 20
-0.148103 1.90902 2.27862 20 205 20
-0.16116 1.87917 2.28811 20 205 20
-0.148479 1.84947 2.29816 20 205 20
-0.117487 1.83733 2.30289 20 205 20
-0.0863397 1.84985 2.29952 20 205 20
-0.0835947 1.90493 2.35871 20 205 20
-0.0960463 1.93443 2.3497 20 205 20
-0.126591 1.94645 2.34551 20 205 20
-0.157337 1.93394 2.34858 20 205 20
-0.170273 1.90425 2.35711 20 205 20
-0.157822 1.87475 2.36612 20 205 20
-0.127276 1.86273 2.37031 20 205 20
-0.0965307 1.87523 2.36724 20 205 20
-0.0808575 1.92029 2.43019 20 205 20
-0.0911694 1.94457 2.42826 20 205 20
-0.114982 1.95508 2.43246 20 205 20
-0.138346 1.94566 2.44032 20 205 20
-0.147576 1.92182 2.44723 20 205 20
-0.137264 1.89754 2.44916 20 205 20
-0.113451 1.88704 2.44497 20 205 20
-0.0900869 1.89646 2.43711 20 205 20
-0.0600399 1.93123 2.48821 20 205 20
-0.0696947 1.95441 2.49281 20 205 20
-0.0929219 1.96404 2.49958 20 205 20
-0.116115 1.95449 2.50456 20 205 20
-0.125689 1.93135 2.50483 20 205 20
-0.116034 1.90817 2.50023 20 205 20
-0.0928066 1.89854 2.49346 20 205 20
-0.0696132 1.90809 2.48848 20 205 20
-0.0514311 1.9122 2.54476 20 205 20
-0.0610084 1.93445 2.54602 20 205 20
-0.0845193 1.94351 2.54855 20 205 20
-0.108191 1.93406 2.55086 20 205 20
-0.118158 1.91165 2.55161 20 205 20
-0.108581 1.8894 2.55035 20 205 20
-0.0850697 1.88034 2.54782 20 205 20
-0.0613977 1.88979 2.54551 20 205 20
-0.0462088 1.94488 2.64027 20 205 20
-0.0562092 1.96706 2.63377 20 205 20
-0.0794722 1.97661 2.63326 20 205 20
-0.102371 1.96794 2.63903 20 205 20
-0.111491 1.94613 2.64771 20 205 20
-0.10149 1.92395 2.6542 20 205 20
-0.0782274 1.9144 2.65472 20 205 20
-0.055329 1.92307 2.64894 20 205 20
-0.0341952 1.96939 2.71096 20 205 20
-0.0438619 1.99161 2.70785 20 205 20
-0.0665287 2.0011 2.70866 20 205 20
-0.0889176 1.99228 2.71292 20 205 20
-0.0979135 1.97034 2.71813 20 205 20
-0.0882468 1.94811 2.72125 20 205 20
-0.06558 1.93862 2.72044 20 205 20
-0.0431911 1.94744 2.71618 20 205 20
-0.0306816 1.97312 2.79073 20 205 20
-0.0398108 1.99514 2.78838 20 205 20
-0.0619495 2.00422 2.78729 20 205 20
-0.084129 1.99504 2.78809 20 205 20
-0.093357 1.97298 2.79032 20 205 20
-0.0842277 1.95096 2.79267 20 205 20
-0.0620891 1.94188 2.79376 20 205 20
-0.0399095 1.95106 2.79296 20 205 20
-0.0356728 1.98374 2.85451 20 205 20
-0.0445485 2.00454 2.84849 20 205 20
-0.0661772 2.01308 2.84521 20 205 20
-0.0878889 2.00434 2.84659 20 205 20
-0.0969654 1.98346 2.85183 20 205 20
-0.0880896 1.96265 2.85785 20 205 20
-0.066461 1.95412 2.86113 20 205 20
-0.0447492 1.96285 2.85975 20 205 20
-0.0373881 2.00156 2.9025 20 205 20
-0.0460434 2.02204 2.89704 20 205 20
-0.0671506 2.03044 2.89336 20 205 20
-0.0883453 2.02183 2.89359 20 205 20
-0.0972119 2.00126 2.89762 20 205 20
-0.0885566 1.98079 2.90307 20 205 20
-0.0674495 1.97239 2.90676 20 205 20
-0.0462548 1.981 2.90652 20 205 20
-0.0491874 2.00765 2.96851 20 205 20
-0.0575902 2.02836 2.96748 20 205 20
-0.0777418 2.037 2.96848 20 205 20
-0.0978375 2.0285 2.97093 20 205 20
-0.106106 2.00784 2.9734 20 205 20
-0.0977028 1.98713 2.97444 20 205 20
-0.0775512 1.97849 2.97344 20 205 20
-0.0574555 1.98699 2.97098 20 205 20
-0.0288628 2.01467 3.03805 20 205 20
-0.0357504 2.03313 3.03223 20 205 20
-0.0541617 2.04003 3.02934 20 205 20
-0.0733118 2.03134 3.03106 20 205 20
-0.0819827 2.01215 3.03639 20 205 20
-0.0750952 1.99369 3.04221 20 205 20
-0.0566838 1.98678 3.04511 20 205 20
-0.0375338 1.99547 3.04338 20 205 20
-0.0471952 2.03363 3.08237 20 205 20
-0.0555152 2.04751 3.08285 20 205 20
-0.0738946 2.05397 3.07723 20 205 20
-0.091567 2.04922 3.0688 20 205 20
-0.0981801 2.03604 3.06251 20 205 20
-0.0898602 2.02216 3.06203 20 205 20
-0.0714808 2.0157 3.06765 20 205 20
-0.0538084 2.02045 3.07607 20 205 20
-0.071042 1.97121 3.10528 20 205 20
-0.0805558 1.98611 3.11134 20 205 20
-0.0994362 1.99398 3.1128 20 205 20
-0.116623 1.9902 3.1088 20 205 20
-0.122049 1.97699 3.10169 20 205 20
-0.112535 1.96208 3.09563 20 205 20
-0.0936548 1.95422 3.09418 20 205 20
-0.0764677 1.958 3.09817 20 205 20
-0.0339283 2.00535 3.28259 20 205 20
-0.0414286 2.02227 3.28082 20 205 20
-0.0575572 2.0301 3.28517 20 205 20
-0.0728661 2.02425 3.29308 20 205 20
-0.0783876 2.00814 3.29992 20 205 20
-0.0708873 1.99122 3.30168 20 205 20
-0.0547587 1.98339 3.29734 20 205 20
-0.0394498 1.98924 3.28943 20 205 20
-0.00685949 2.02478 3.32868 20 205 20
-0.013543 2.03917 3.3306 20 205 20
-0.027869 2.04588 3.33458 20 205 20
-0.0414456 2.04098 3.33828 20 205 20
-0.0463197 2.02734 3.33955 20 205 20
-0.0396361 2.01296 3.33763 20 205 20
-0.0253101 2.00625 3.33365 20 205 20
-0.0117336 2.01115 3.32995 20 205 20
-0.0131739 1.98453 3.4269 20 205 20
-0.0183395 1.99635 3.42684 20 205 20
-0.031227 2.00107 3.42545 20 205 20
-0.0442872 1.99593 3.42355 20 205 20
-0.0498696 1.98394 3.42225 20 205 20
-0.044704 1.97212 3.42231 20 205 20
-0.0318164 1.96739 3.42369 20 205 20
-0.0187562 1.97253 3.42559 20 205 20
-0.0307565 2.01414 3.4888 20 205 20
-0.0348641 2.02441 3.48283 20 205 20
-0.0459328 2.02818 3.47824 20 205 20
-0.0574788 2.02326 3.4777 20 205 20
-0.0627385 2.01251 3.48154 20 205 20
-0.0586309 2.00224 3.4875 20 205 20
-0.0475622 1.99846 3.4921 20 205 20
-0.0360162 2.00339 3.49263 20 205 20
-0.0467475 2.01332 3.48517 20 205 20
-0.141776 1.79601 2.13333 20 205 20
-0.121285 1.79553 2.13745 20 205 20
-0.127623 1.81007 2.13957 20 205 20
-0.14225 1.81637 2.13803 20 205 20
-0.1566 1.81074 2.13374 20 205 20
-0.162266 1.79648 2.12921 20 205 20
-0.155929 1.78194 2.12709 20 205 20
-0.141301 1.77564 2.12862 20 205 20
-0.126951 1.78127 2.13292 20 205 20
-0.147152 1.76958 2.2492 20 205 20
-0.152476 1.78241 2.2495 20 205 20
-0.16496 1.78787 2.24674 20 205 20
-0.177293 1.78278 2.24253 20 205 20
-0.182249 1.7701 2.23934 20 205 20
-0.176926 1.75728 2.23904 20 205 20
-0.164441 1.75182 2.2418 20 205 20
-0.152108 1.75691 2.24601 20 205 20
-0.171275 1.76893 2.30395 20 205 20
-0.175585 1.78004 2.30243 20 205 20
-0.185927 1.78467 2.29845 20 205 20
-0.196242 1.7801 2.29432 20 205 20
-0.200489 1.76902 2.29248 20 205 20
-0.196179 1.75791 2.29399 20 205 20
-0.185837 1.75328 2.29798 20 205 20
-0.175522 1.75785 2.3021 20 205 20
-0.185882 1.76897 2.29821 20 205 20
-0.16 1.75443 2.05038 20 205 20
-0.147489 1.76322 2.03483 20 205 20
-0.144935 1.77019 2.04978 20 205 20
-0.151206 1.76792 2.06508 20 205 20
-0.162628 1.75775 2.07177 20 205 20
-0.172511 1.74563 2.06593 20 205 20
-0.175064 1.73867 2.05097 20 205 20
-0.168793 1.74093 2.03567 20 205 20
-0.157371 1.7511 2.02898 20 205 20
-0.0578273 1.67378 2.06033 20 205 20
-0.0572187 1.68271 2.07124 20 205 20
-0.0634739 1.68321 2.08432 20 205 20
-0.0729287 1.67498 2.09191 20 205 20
-0.0800447 1.66286 2.08956 20 205 20
-0.0806533 1.65393 2.07865 20 205 20
-0.0743981 1.65343 2.06557 20 205 20
-0.0649432 1.66165 2.05798 20 205 20
0.00327731 1.65197 2.10272 20 205 20
0.00194093 1.66286 2.10959 20 205 20
-0.00429862 1.66612 2.12045 20 205 20
-0.0117863 1.65984 2.12894 20 205 20
-0.016136 1.64771 2.13009 20 205 20
-0.0147996 1.63682 2.12322 20 205 20
-0.00856002 1.63355 2.11236 20 205 20
-0.00107233 1.63983 2.10386 20 205 20
-0.00642932 1.64984 2.1164 20 205 20
-0.289715 1.66705 1.77595 20 205 20
-0.31227 1.65591 1.74392 20 205 20
-0.313541 1.68659 1.74931 20 205 20
-0.300855 1.70582 1.77031 20 205 20
-0.281643 1.70234 1.79461 20 205 20
-0.267159 1.67819 1.80797 20 205 20
-0.265888 1.64752 1.80258 20 205 20
-0.278575 1.62829 1.78158 20 205 20
-0.297786 1.63176 1.75728 20 205 20
-0.11035 1.70513 1.60159 20 205 20
-0.102356 1.72525 1.60744 20 205 20
-0.0872326 1.73185 1.62253 20 205 20
-0.0738393 1.72107 1.63802 20 205 20
-0.0700215 1.69922 1.64484 20 205 20
-0.0780156 1.6791 1.63899 20 205 20
-0.0931388 1.6725 1.6239 20 205 20
-0.106532 1.68328 1.60841 20 205 20
-0.0534864 1.70679 1.54424 20 205 20
-0.0421593 1.70066 1.54976 20 205 20
-0.0393435 1.68797 1.55591 20 205 20
-0.0466884 1.67613 1.55907 20 205 20
-0.0598917 1.6721 1.55741 20 205 20
-0.0712188 1.67822 1.55189 20 205 20
-0.0740346 1.69091 1.54575 20 205 20
-0.0666896 1.70275 1.54258 20 205 20
-0.0289796 1.69448 1.48684 20 205 20
-0.0238221 1.67489 1.49575 20 205 20
-0.0355852 1.65674 1.50169 20 205 20
-0.057378 1.65067 1.50117 20 205 20
-0.0764348 1.66024 1.4945 20 205 20
-0.0815922 1.67984 1.48559 20 205 20
-0.0698292 1.69798 1.47965 20 205 20
-0.0480363 1.70405 1.48017 20 205 20
-0.0330012 1.66455 1.43787 20 205 20
-0.0221847 1.65566 1.44738 20 205 20
-0.0226862 1.64095 1.45517 20 205 20
-0.0342119 1.62904 1.45668 20 205 20
-0.0500102 1.62691 1.45102 20 205 20
-0.0608268 1.63581 1.44151 20 205 20
-0.0603253 1.65052 1.43371 20 205 20
-0.0487996 1.66242 1.4322 20 205 20
-0.0225537 1.65102 1.38372 20 205 20
-0.009393 1.64732 1.39076 20 205 20
-0.00405464 1.63484 1.39777 20 205 20
-0.00966577 1.62089 1.40065 20 205 20
-0.0229395 1.61364 1.39771 20 205 20
-0.0361002 1.61734 1.39067 20 205 20
-0.0414385 1.62982 1.38366 20 205 20
-0.0358274 1.64377 1.38078 20 205 20
-0.00616506 1.61914 1.3374 20 205 20
0.00339975 1.61991 1.34416 20 205 20
0.00884322 1.61292 1.35205 20 205 20
0.00697665 1.60226 1.35645 20 205 20
-0.00110655 1.59418 1.35478 20 205 20
-0.0106714 1.59341 1.34802 20 205 20
-0.0161148 1.60041 1.34013 20 205 20
-0.0142483 1.61106 1.33573 20 205 20
0.0153142 1.60642 1.29505 20 205 20
0.0248357 1.61496 1.30043 20 205 20
0.0356404 1.61345 1.309 20 205 20
0.0413992 1.60278 1.31574 20 205 20
0.0387386 1.5892 1.3167 20 205 20
0.0292171 1.58066 1.31132 20 205 20
0.0184123 1.58217 1.30275 20 205 20
0.0126536 1.59284 1.29601 20 205 20
0.0270264 1.59781 1.30587 20 205 20
-0.949358 0.992019 -2.57226 20 205 20
-0.898893 0.993704 -2.60523 20 205 20
-0.912482 1.03565 -2.59158 20 205 20
-0.947673 1.05203 -2.56662 20 205 20
-0.983851 1.03327 -2.54496 20 205 20
-0.999823 0.990335 -2.53929 20 205 20
-0.986233 0.948391 -2.55294 20 205 20
-0.951043 0.932004 -2.57791 20 205 20
-0.914865 0.950773 -2.59957 20 205 20
-0.779023 0.972397 -2.42002 20 205 20
-0.794691 1.01457 -2.41374 20 205 20
-0.832903 1.03188 -2.39675 20 205 20
-0.871275 1.01418 -2.37899 20 205 20
-0.887328 0.971852 -2.37086 20 205 20
-0.87166 0.92968 -2.37714 20 205 20
-0.833448 0.912371 -2.39413 20 205 20
-0.795076 0.930065 -2.41189 20 205 20
-0.746514 0.984216 -2.31791 20 205 20
-0.765034 1.02875 -2.31788 20 205 20
-0.808935 1.04753 -2.31186 20 205 20
-0.852501 1.02956 -2.30338 20 205 20
-0.870212 0.985359 -2.29741 20 205 20
-0.851693 0.940824 -2.29745 20 205 20
-0.807791 0.922043 -2.30347 20 205 20
-0.764225 0.940016 -2.31195 20 205 20
-0.738875 0.984778 -2.23714 20 205 20
-0.757787 1.03103 -2.23494 20 205 20
-0.803214 1.05028 -2.22783 20 205 20
-0.848547 1.03126 -2.21998 20 205 20
-0.867229 0.985103 -2.21598 20 205 20
-0.848317 0.938852 -2.21818 20 205 20
-0.802889 0.9196 -2.22529 20 205 20
-0.757557 0.938623 -2.23314 20 205 20
-0.714576 0.987293 -2.16007 20 205 20
-0.734581 1.0353 -2.16091 20 205 20
-0.781698 1.05567 -2.15205 20 205 20
-0.828327 1.03647 -2.13868 20 205 20
-0.847154 0.98896 -2.12864 20 205 20
-0.827149 0.940957 -2.1278 20 205 20
-0.780032 0.920586 -2.13666 20 205 20
-0.733403 0.939779 -2.15003 20 205 20
-0.696644 1.00176 -2.07926 20 205 20
-0.717249 1.05015 -2.08343 20 205 20
-0.765402 1.07086 -2.07737 20 205 20
-0.812896 1.05174 -2.06463 20 205 20
-0.83191 1.00401 -2.05267 20 205 20
-0.811306 0.955616 -2.0485 20 205 20
-0.763152 0.934912 -2.05456 20 205 20
-0.715658 0.954025 -2.0673 20 205 20
-0.68593 1.01519 -1.99414 20 205 20
-0.704784 1.06035 -1.99549 20 205 20
-0.749054 1.07957 -1.9875 20 205 20
-0.792806 1.0616 -1.97485 20 205 20
-0.810411 1.01696 -1.96495 20 205 20
-0.791556 0.971806 -1.96361 20 205 20
-0.747287 0.952585 -1.9716 20 205 20
-0.703535 0.970557 -1.98425 20 205 20
-0.661135 1.02553 -1.90317 20 205 20
-0.67878 1.06932 -1.89827 20 205 20
-0.721332 1.08747 -1.88694 20 205 20
-0.763865 1.06936 -1.8758 20 205 20
-0.781465 1.02559 -1.87139 20 205 20
-0.76382 0.981801 -1.87629 20 205 20
-0.721268 0.963645 -1.88763 20 205 20
-0.678735 0.981756 -1.89876 20 205 20
-0.638935 1.01652 -1.81981 20 205 20
-0.657418 1.06162 -1.81717 20 205 20
-0.701949 1.08034 -1.80835 20 205 20
-0.746444 1.06171 -1.79851 20 205 20
-0.764836 1.01664 -1.79342 20 205 20
-0.746353 0.971538 -1.79606 20 205 20
-0.701821 0.952817 -1.80488 20 205 20
-0.657327 0.971447 -1.81472 20 205 20
-0.622176 1.02888 -1.73944 20 205 20
-0.641771 1.07586 -1.74082 20 205 20
-0.687536 1.09595 -1.73159 20 205 20
-0.732662 1.0774 -1.71716 20 205 20
-0.750715 1.03106 -1.70597 20 205 20
-0.73112 0.984082 -1.70459 20 205 20
-0.685355 0.963985 -1.71382 20 205 20
-0.640229 0.98254 -1.72826 20 205 20
-0.603794 1.03634 -1.67606 20 205 20
-0.622502 1.08105 -1.67794 20 205 20
-0.666168 1.10019 -1.66959 20 205 20
-0.709214 1.08255 -1.65589 20 205 20
-0.726424 1.03845 -1.64487 20 205 20
-0.707716 0.993742 -1.64299 20 205 20
-0.66405 0.974601 -1.65134 20 205 20
-0.621004 0.992244 -1.66504 20 205 20
-0.591466 1.05306 -1.58089 20 205 20
-0.60922 1.09512 -1.58392 20 205 20
-0.651253 1.11288 -1.5802 20 205 20
-0.692944 1.09594 -1.57193 20 205 20
-0.70987 1.05423 -1.56393 20 205 20
-0.692116 1.01218 -1.56091 20 205 20
-0.650083 0.994414 -1.56462 20 205 20
-0.608392 1.01135 -1.5729 20 205 20
-0.573764 1.06097 -1.48556 20 205 20
-0.593136 1.10702 -1.48896 20 205 20
-0.639238 1.12637 -1.48582 20 205 20
-0.685065 1.10768 -1.478 20 205 20
-0.703771 1.06191 -1.47007 20 205 20
-0.684399 1.01586 -1.46668 20 205 20
-0.638297 0.996515 -1.46981 20 205 20
-0.592471 1.0152 -1.47763 20 205 20
-0.563187 1.07168 -1.42143 20 205 20
-0.583742 1.12052 -1.42456 20 205 20
-0.631699 1.14144 -1.41704 20 205 20
-0.678967 1.12219 -1.40326 20 205 20
-0.697856 1.07404 -1.3913 20 205 20
-0.677301 1.02519 -1.38817 20 205 20
-0.629343 1.00427 -1.39569 20 205 20
-0.582076 1.02353 -1.40947 20 205 20
-0.533959 1.08531 -1.33755 20 205 20
-0.554479 1.13358 -1.34072 20 205 20
-0.601597 1.15458 -1.33089 20 205 20
-0.647714 1.136 -1.31382 20 205 20
-0.665813 1.08874 -1.29952 20 205 20
-0.645294 1.04047 -1.29635 20 205 20
-0.598175 1.01947 -1.30618 20 205 20
-0.552059 1.03805 -1.32325 20 205 20
-0.511643 1.10454 -1.24897 20 205 20
-0.53219 1.15343 -1.25023 20 205 20
-0.580511 1.17421 -1.24221 20 205 20
-0.6283 1.15471 -1.22959 20 205 20
-0.647563 1.10636 -1.21977 20 205 20
-0.627016 1.05748 -1.21851 20 205 20
-0.578695 1.0367 -1.22653 20 205 20
-0.530906 1.05619 -1.23915 20 205 20
-0.49686 1.10574 -1.15857 20 205 20
-0.516361 1.15503 -1.15476 20 205 20
-0.561351 1.17631 -1.13808 20 205 20
-0.605475 1.15712 -1.11831 20 205 20
-0.622887 1.10869 -1.10702 20 205 20
-0.603386 1.0594 -1.11083 20 205 20
-0.558396 1.03812 -1.12751 20 205 20
-0.514272 1.05731 -1.14729 20 205 20
-0.448522 1.11805 -1.08345 20 205 20
-0.467264 1.16526 -1.08084 20 205 20
-0.509832 1.18593 -1.06328 20 205 20
-0.551291 1.16794 -1.04106 20 205 20
-0.567355 1.12183 -1.02718 20 205 20
-0.548613 1.07462 -1.02979 20 205 20
-0.506045 1.05395 -1.04735 20 205 20
-0.464586 1.07194 -1.06957 20 205 20
-0.417951 1.12888 -0.979929 20 205 20
-0.437053 1.17484 -0.980585 20 205 20
-0.481981 1.19437 -0.972006 20 205 20
-0.526419 1.17603 -0.959217 20 205 20
-0.544335 1.13055 -0.94971 20 205 20
-0.525234 1.08459 -0.949054 20 205 20
-0.480305 1.06506 -0.957633 20 205 20
-0.435867 1.0834 -0.970422 20 205 20
-0.395429 1.14096 -0.887577 20 205 20
-0.415377 1.19028 -0.883867 20 205 20
-0.463499 1.21072 -0.872779 20 205 20
-0.511605 1.19032 -0.860809 20 205 20
-0.531517 1.14101 -0.854968 20 205 20
-0.511569 1.09169 -0.858677 20 205 20
-0.463448 1.07125 -0.869765 20 205 20
-0.415341 1.09165 -0.881735 20 205 20
-0.374585 1.13691 -0.823664 20 205 20
-0.39488 1.18788 -0.816779 20 205 20
-0.444377 1.20879 -0.803753 20 205 20
-0.494081 1.18738 -0.792216 20 205 20
-0.514876 1.1362 -0.788927 20 205 20
-0.494581 1.08522 -0.795812 20 205 20
-0.445084 1.06432 -0.808838 20 205 20
-0.39538 1.08572 -0.820375 20 205 20
-0.361867 1.13348 -0.730621 20 205 20
-0.381594 1.18358 -0.726555 20 205 20
-0.42546 1.20589 -0.707089 20 205 20
-0.467771 1.18734 -0.683628 20 205 20
-0.48374 1.13879 -0.669913 20 205 20
-0.464014 1.08869 -0.67398 20 205 20
-0.420147 1.06638 -0.693445 20 205 20
-0.377837 1.08493 -0.716907 20 205 20
-0.313485 1.14963 -0.685069 20 205 20
-0.331436 1.19991 -0.677823 20 205 20
-0.369952 1.22274 -0.647675 20 205 20
-0.406471 1.20474 -0.612284 20 205 20
-0.4196 1.15645 -0.592382 20 205 20
-0.401649 1.10618 -0.599628 20 205 20
-0.363133 1.08335 -0.629776 20 205 20
-0.326614 1.10135 -0.665167 20 205 20
-0.242043 1.15845 -0.599837 20 205 20
-0.260505 1.20946 -0.586458 20 205 20
-0.305322 1.23049 -0.562268 20 205 20
-0.35024 1.20922 -0.541438 20 205 20
-0.368946 1.15811 -0.536169 20 205 20
-0.350484 1.1071 -0.549548 20 205 20
-0.305667 1.08607 -0.573738 20 205 20
-0.260749 1.10734 -0.594568 20 205 20
-0.230922 1.14181 -0.542736 20 205 20
-0.251642 1.19108 -0.53652 20 205 20
-0.295816 1.21392 -0.515326 20 205 20
-0.337567 1.19693 -0.491568 20 205 20
-0.352439 1.15008 -0.479164 20 205 20
-0.331719 1.1008 -0.485379 20 205 20
-0.287545 1.07797 -0.506574 20 205 20
-0.245793 1.09495 -0.530332 20 205 20
-0.180027 1.16866 -0.479739 20 205 20
-0.200688 1.21697 -0.486788 20 205 20
-0.244005 1.23971 -0.479393 20 205 20
-0.284603 1.22354 -0.461887 20 205 20
-0.2987 1.17794 -0.444524 20 205 20
-0.278039 1.12963 -0.437475 20 205 20
-0.234723 1.1069 -0.44487 20 205 20
-0.194125 1.12306 -0.462376 20 205 20
-0.180094 1.18102 -0.409601 20 205 20
-0.200334 1.22944 -0.417528 20 205 20
-0.248566 1.24976 -0.419381 20 205 20
-0.296537 1.23007 -0.414076 20 205 20
-0.316146 1.18192 -0.40472 20 205 20
-0.295906 1.1335 -0.396793 20 205 20
-0.247674 1.11318 -0.39494 20 205 20
-0.199703 1.13287 -0.400245 20 205 20
-0.157865 1.20722 -0.315953 20 205 20
-0.175852 1.25461 -0.311509 20 205 20
-0.219016 1.27434 -0.293868 20 205 20
-0.262071 1.25487 -0.273362 20 205 20
-0.279796 1.20759 -0.262004 20 205 20
-0.261809 1.16021 -0.266448 20 205 20
-0.218645 1.14047 -0.284089 20 205 20
-0.17559 1.15995 -0.304595 20 205 20
-0.111568 1.19574 -0.252675 20 205 20
-0.133761 1.23666 -0.261309 20 205 20
-0.178389 1.25732 -0.245827 20 205 20
-0.21931 1.24561 -0.215298 20 205 20
-0.232552 1.2084 -0.187604 20 205 20
-0.21036 1.16747 -0.17897 20 205 20
-0.165732 1.14682 -0.194452 20 205 20
-0.124811 1.15852 -0.224981 20 205 20
-0.0863916 1.24246 -0.20453 20 205 20
-0.109627 1.28084 -0.216794 20 205 20
-0.15598 1.30078 -0.213074 20 205 20
-0.198297 1.29059 -0.19555 20 205 20
-0.21179 1.25624 -0.174488 20 205 20
-0.188554 1.21786 -0.162224 20 205 20
-0.142201 1.19793 -0.165944 20 205 20
-0.0998841 1.20812 -0.183468 20 205 20
-0.0872278 1.23316 -0.0849353 20 205 20
-0.103799 1.27325 -0.0810746 20 205 20
-0.143635 1.28992 -0.0750549 20 205 20
-0.183403 1.27341 -0.0704025 20 205 20
-0.199805 1.2334 -0.0698426 20 205 20
-0.183234 1.19331 -0.0737033 20 205 20
-0.143397 1.17663 -0.079723 20 205 20
-0.10363 1.19314 -0.0843754 20 205 20
-0.073597 1.23908 -0.0097776 20 205 20
-0.0887574 1.27644 -0.00766205 20 205 20
-0.124899 1.29211 0.00116643 20 205 20
-0.160851 1.2769 0.0115363 20 205 20
-0.175553 1.23973 0.0173729 20 205 20
-0.160393 1.20237 0.0152574 20 205 20
-0.124251 1.1867 0.00642888 20 205 20
-0.0882988 1.20191 -0.00394094 20 205 20
-0.049478 1.24179 0.0680669 20 205 20
-0.063975 1.27971 0.0740234 20 205 20
-0.0991431 1.29535 0.088018 20 205 20
-0.134381 1.27954 0.101853 20 205 20
-0.149048 1.24155 0.107424 20 205 20
-0.134551 1.20362 0.101468 20 205 20
-0.0993825 1.18798 0.0874729 20 205 20
-0.0641443 1.20379 0.0736379 20 205 20
-0.0220497 1.24002 0.126657 20 205 20
-0.0356003 1.27674 0.135071 20 205 20
-0.0692113 1.29158 0.150942 20 205 20
-0.103194 1.27584 0.164973 20 205 20
-0.117641 1.23875 0.168945 20 205 20
-0.104091 1.20203 0.160531 20 205 20
-0.0704798 1.18719 0.14466 20 205 20
-0.0364972 1.20292 0.130629 20 205 20
0.0100207 1.23202 0.211509 20 205 20
-0.00403468 1.26806 0.216879 20 205 20
-0.0383537 1.28283 0.228302 20 205 20
-0.0728328 1.26768 0.239086 20 205 20
-0.0872745 1.23147 0.242914 20 205 20
-0.0732192 1.19543 0.237544 20 205 20
-0.0389001 1.18066 0.226121 20 205 20
-0.00442102 1.19582 0.215337 20 205 20
0.0280654 1.23235 0.28532 20 205 20
0.0124436 1.26708 0.282448 20 205 20
-0.0215357 1.28301 0.291381 20 205 20
-0.053968 1.27082 0.306887 20 205 20
-0.0658548 1.23764 0.319881 20 205 20
-0.050233 1.20291 0.322753 20 205 20
-0.0162537 1.18698 0.31382 20 205 20
0.0161786 1.19917 0.298315 20 205 20
0.0656034 1.27147 0.362833 20 205 20
0.0511439 1.30148 0.366992 20 205 20
0.0192927 1.31518 0.375667 20 205 20
-0.0112922 1.30454 0.383776 20 205 20
-0.0226946 1.27579 0.386569 20 205 20
-0.00823507 1.24578 0.382409 20 205 20
0.0236161 1.23209 0.373735 20 205 20
0.054201 1.24273 0.365626 20 205 20
0.0759535 1.22736 0.453762 20 205 20
0.0619703 1.26003 0.464773 20 205 20
0.027485 1.27325 0.472555 20 205 20
-0.00730146 1.2593 0.47255 20 205 20
-0.0220116 1.22633 0.46476 20 205 20
-0.0080285 1.19367 0.453748 20 205 20
0.0264568 1.18044 0.445966 20 205 20
0.0612433 1.1944 0.445972 20 205 20
0.0861177 1.22134 0.515242 20 205 20
0.0724194 1.25669 0.521819 20 205 20
0.0387065 1.27107 0.532742 20 205 20
0.00472755 1.25605 0.541612 20 205 20
-0.00961302 1.22043 0.543234 20 205 20
0.00408529 1.18509 0.536657 20 205 20
0.0377982 1.17071 0.525735 20 205 20
0.0717771 1.18573 0.516864 20 205 20
0.116462 1.21655 0.58986 20 205 20
0.103651 1.24955 0.594365 20 205 20
0.0725153 1.26314 0.605017 20 205 20
0.041293 1.24934 0.615576 20 205 20
0.0282741 1.21626 0.619857 20 205 20
0.0410848 1.18325 0.615352 20 205 20
0.0722208 1.16967 0.6047 20 205 20
0.103443 1.18346 0.594141 20 205 20
0.126739 1.22023 0.643409 20 205 20
0.11531 1.25165 0.65043 20 205 20
0.0862624 1.26406 0.663107 20 205 20
0.0566123 1.2502 0.674014 20 205 20
0.0437281 1.21817 0.676761 20 205 20
0.0551571 1.18676 0.66974 20 205 20
0.0842045 1.17434 0.657063 20 205 20
0.113855 1.18821 0.646157 20 205 20
0.183706 1.20304 0.71736 20 205 20
0.17028 1.24095 0.728414 20 205 20
0.135701 1.25576 0.746279 20 205 20
0.100225 1.23878 0.760491 20 205 20
0.0846329 1.19997 0.762724 20 205 20
0.0980589 1.16206 0.75167 20 205 20
0.132638 1.14725 0.733805 20 205 20
0.168114 1.16422 0.719593 20 205 20
0.217747 1.19737 0.779895 20 205 20
0.199917 1.24293 0.786165 20 205 20
0.156785 1.26177 0.801147 20 205 20
0.113618 1.24285 0.816064 20 205 20
0.0957027 1.19724 0.822178 20 205 20
0.113533 1.15168 0.815908 20 205 20
0.156664 1.13284 0.800927 20 205 20
0.199831 1.15176 0.78601 20 205 20
0.242606 1.20212 0.857631 20 205 20
0.224506 1.24742 0.863541 20 205 20
0.18073 1.26616 0.876024 20 205 20
0.136921 1.24735 0.887766 20 205 20
0.118742 1.20201 0.891891 20 205 20
0.136842 1.1567 0.88598 20 205 20
0.180618 1.13797 0.873498 20 205 20
0.224427 1.15678 0.861755 20 205 20
0.25489 1.1966 0.915991 20 205 20
0.238216 1.24134 0.926858 20 205 20
0.196386 1.25921 0.9442 20 205 20
0.153903 1.23976 0.957859 20 205 20
0.135652 1.19437 0.959833 20 205 20
0.152326 1.14964 0.948967 20 205 20
0.194156 1.13176 0.931625 20 205 20
0.236639 1.15122 0.917966 20 205 20
0.284043 1.18814 0.995559 20 205 20
0.269764 1.22569 0.999557 20 205 20
0.234415 1.24088 1.01063 20 205 20
0.198701 1.22481 1.0223 20 205 20
0.183545 1.18689 1.02773 20 205 20
0.197824 1.14934 1.02373 20 205 20
0.233174 1.13415 1.01265 20 205 20
0.268887 1.15022 1.00098 20 205 20
0.289942 1.19905 1.05982 20 205 20
0.275039 1.23604 1.0641 20 205 20
0.238092 1.25097 1.07136 20 205 20
0.200745 1.23508 1.07734 20 205 20
0.184875 1.19768 1.07853 20 205 20
0.199778 1.16068 1.07425 20 205 20
0.236725 1.14576 1.06699 20 205 20
0.274072 1.16165 1.06101 20 205 20
0.314647 1.1864 1.11352 20 205 20
0.297397 1.23042 1.12292 20 205 20
0.25461 1.24818 1.13682 20 205 20
0.21135 1.22928 1.14708 20 205 20
0.192958 1.18479 1.14768 20 205 20
0.210208 1.14077 1.13828 20 205 20
0.252995 1.12301 1.12438 20 205 20
0.296256 1.14191 1.11412 20 205 20
0.336312 1.18549 1.18672 20 205 20
0.318416 1.23002 1.19063 20 205 20
0.275413 1.24854 1.20179 20 205 20
0.232494 1.23022 1.21367 20 205 20
0.2148 1.18578 1.21931 20 205 20
0.232696 1.14125 1.2154 20 205 20
0.275699 1.12273 1.20424 20 205 20
0.318618 1.14105 1.19236 20 205 20
0.341177 1.18806 1.24697 20 205 20
0.326181 1.22634 1.25157 20 205 20
0.28993 1.24218 1.26326 20 205 20
0.253659 1.2263 1.27519 20 205 20
0.238615 1.188 1.28037 20 205 20
0.253612 1.14972 1.27577 20 205 20
0.289863 1.13388 1.26408 20 205 20
0.326134 1.14976 1.25215 20 205 20
0.361062 1.1857 1.30547 20 205 20
0.348824 1.21919 1.31227 20 205 20
0.319111 1.23299 1.32784 20 205 20
0.289327 1.21902 1.34307 20 205 20
0.27692 1.18546 1.34902 20 205 20
0.289158 1.15197 1.34222 20 205 20
0.318871 1.13817 1.32665 20 205 20
0.348655 1.15214 1.31143 20 205 20
0.39355 1.18567 1.35929 20 205 20
0.380492 1.22023 1.36423 20 205 20
0.349568 1.2348 1.37903 20 205 20
0.318895 1.22083 1.39501 20 205 20
0.306439 1.18652 1.40281 20 205 20
0.319497 1.15195 1.39787 20 205 20
0.350421 1.13738 1.38307 20 205 20
0.381094 1.15135 1.36709 20 205 20
0.426162 1.19187 1.44108 20 205 20
0.412894 1.2251 1.44443 20 205 20
0.381274 1.23903 1.45393 20 205 20
0.349826 1.22551 1.46401 20 205 20
0.336971 1.19245 1.46877 20 205 20
0.350239 1.15923 1.46542 20 205 20
0.381859 1.14529 1.45592 20 205 20
0.413307 1.15881 1.44584 20 205 20
0.436746 1.19097 1.50926 20 205 20
0.425159 1.22073 1.51799 20 205 20
0.395489 1.23236 1.52786 20 205 20
0.365116 1.21903 1.53307 20 205 20
0.351833 1.18857 1.53059 20 205 20
0.363419 1.1588 1.52186 20 205 20
0.393089 1.14718 1.512 20 205 20
0.423462 1.1605 1.50678 20 205 20
0.470285 1.1615 1.58519 20 205 20
0.456804 1.19649 1.59643 20 205 20
0.42213 1.21009 1.60902 20 205 20
0.386574 1.19436 1.61558 20 205 20
0.370964 1.15849 1.61228 20 205 20
0.384445 1.12351 1.60104 20 205 20
0.419119 1.1099 1.58845 20 205 20
0.454675 1.12564 1.58189 20 205 20
0.499481 1.15085 1.67604 20 205 20
0.481679 1.19252 1.68622 20 205 20
0.439543 1.21012 1.6915 20 205 20
0.397755 1.19336 1.68878 20 205 20
0.380795 1.15204 1.67966 20 205 20
0.398597 1.11038 1.66948 20 205 20
0.440733 1.09277 1.66419 20 205 20
0.482521 1.10954 1.66691 20 205 20
0.490796 1.13265 1.73089 20 205 20
0.47255 1.17429 1.73794 20 205 20
0.429894 1.19212 1.73757 20 205 20
0.387816 1.17568 1.72999 20 205 20
0.370964 1.13462 1.71965 20 205 20
0.38921 1.09297 1.7126 20 205 20
0.431866 1.07515 1.71297 20 205 20
0.473944 1.09158 1.72055 20 205 20
0.480897 1.1288 1.77437 20 205 20
0.465233 1.16564 1.77423 20 205 20
0.429242 1.18166 1.7795 20 205 20
0.394006 1.16747 1.78708 20 205 20
0.380168 1.13139 1.79253 20 205 20
0.395832 1.09455 1.79267 20 205 20
0.431824 1.07853 1.78741 20 205 20
0.467059 1.09272 1.77983 20 205 20
0.509022 1.15178 1.85506 20 205 20
0.495782 1.18098 1.85898 20 205 20
0.466301 1.1941 1.86473 20 205 20
0.437849 1.18347 1.86893 20 205 20
0.427093 1.1553 1.86913 20 205 20
0.440333 1.1261 1.8652 20 205 20
0.469814 1.11298 1.85946 20 205 20
0.498266 1.12361 1.85526 20 205 20
0.504549 1.12669 1.91652 20 205 20
0.491331 1.15707 1.9226 20 205 20
0.460428 1.17007 1.92772 20 205 20
0.429944 1.15808 1.9289 20 205 20
0.417734 1.12812 1.92544 20 205 20
0.430953 1.09775 1.91936 20 205 20
0.461855 1.08475 1.91424 20 205 20
0.49234 1.09674 1.91306 20 205 20
0.529307 1.13227 1.97862 20 205 20
0.515055 1.16711 1.98241 20 205 20
0.480777 1.1816 1.98927 20 205 20
0.446554 1.16724 1.99519 20 205 20
0.432432 1.13245 1.9967 20 205 20
0.446684 1.09761 1.99292 20 205 20
0.480962 1.08312 1.98605 20 205 20
0.515185 1.09747 1.98013 20 205 20
0.5399 1.12458 2.04052 20 205 20
0.52461 1.16285 2.04719 20 205 20
0.487128 1.17847 2.05625 20 205 20
0.44941 1.16228 2.06241 20 205 20
0.433551 1.12378 2.06205 20 205 20
0.448841 1.08551 2.05538 20 205 20
0.486323 1.0699 2.04632 20 205 20
0.524041 1.08608 2.04017 20 205 20
0.565196 1.121 2.10064 20 205 20
0.54796 1.16362 2.11018 20 205 20
0.505643 1.18098 2.12031 20 205 20
0.463034 1.16291 2.12509 20 205 20
0.445092 1.12001 2.12173 20 205 20
0.462329 1.07739 2.11219 20 205 20
0.504646 1.06003 2.10206 20 205 20
0.547255 1.07809 2.09727 20 205 20
0.575414 1.1022 2.18824 20 205 20
0.556569 1.14708 2.19848 20 205 20
0.510721 1.16552 2.20399 20 205 20
0.464726 1.14672 2.20155 20 205 20
0.445527 1.1017 2.19259 20 205 20
0.464372 1.05683 2.18235 20 205 20
0.51022 1.03839 2.17683 20 205 20
0.556215 1.05718 2.17927 20 205 20
0.569318 1.08873 2.25502 20 205 20
0.552081 1.13003 2.25999 20 205 20
0.510517 1.14716 2.26413 20 205 20
0.468973 1.13008 2.26502 20 205 20
0.451785 1.0888 2.26213 20 205 20
0.469022 1.04749 2.25716 20 205 20
0.510586 1.03036 2.25302 20 205 20
0.55213 1.04744 2.25213 20 205 20
0.578687 1.09094 2.34924 20 205 20
0.562643 1.13039 2.35196 20 205 20
0.523946 1.14674 2.3592 20 205 20
0.485264 1.13042 2.36672 20 205 20
0.469257 1.09099 2.37012 20 205 20
0.485301 1.05154 2.3674 20 205 20
0.523998 1.03519 2.36016 20 205 20
0.56268 1.0515 2.35264 20 205 20
0.595279 1.0909 2.40917 20 205 20
0.578767 1.1316 2.41386 20 205 20
0.538706 1.14837 2.42167 20 205 20
0.498561 1.1314 2.42802 20 205 20
0.48185 1.09061 2.4292 20 205 20
0.498362 1.04991 2.42451 20 205 20
0.538423 1.03314 2.4167 20 205 20
0.578568 1.05011 2.41034 20 205 20
0.601523 1.08362 2.49487 20 205 20
0.58584 1.1222 2.49895 20 205 20
0.547914 1.13815 2.50635 20 205 20
0.509962 1.12213 2.51272 20 205 20
0.494215 1.08353 2.51434 20 205 20
0.509897 1.04495 2.51026 20 205 20
0.547823 1.029 2.50287 20 205 20
0.585776 1.04502 2.49649 20 205 20
0.621642 1.08579 2.56921 20 205 20
0.606298 1.12448 2.57437 20 205 20
0.569 1.1404 2.58516 20 205 20
0.531596 1.12422 2.59525 20 205 20
0.515997 1.08543 2.59873 20 205 20
0.531341 1.04675 2.59357 20 205 20
0.568639 1.03083 2.58278 20 205 20
0.606043 1.047 2.57269 20 205 20
0.639768 1.08204 2.62374 20 205 20
0.624664 1.12247 2.63215 20 205 20
0.587457 1.1389 2.64838 20 205 20
0.549943 1.12172 2.66294 20 205 20
0.534096 1.08099 2.66729 20 205 20
0.5492 1.04056 2.65888 20 205 20
0.586407 1.02412 2.64265 20 205 20
0.623922 1.0413 2.62809 20 205 20
0.671326 1.07903 2.69994 20 205 20
0.657589 1.11463 2.701 20 205 20
0.624015 1.12921 2.7093 20 205 20
0.590272 1.11422 2.71995 20 205 20
0.576125 1.07845 2.72673 20 205 20
0.589862 1.04285 2.72567 20 205 20
0.623436 1.02828 2.71738 20 205 20
0.657179 1.04326 2.70672 20 205 20
0.670435 1.09976 2.80141 20 205 20
0.656419 1.13323 2.79778 20 205 20
0.622633 1.14712 2.79781 20 205 20
0.588868 1.13329 2.80149 20 205 20
0.574904 1.09983 2.80666 20 205 20
0.58892 1.06636 2.81029 20 205 20
0.622706 1.05247 2.81026 20 205 20
0.656471 1.06631 2.80658 20 205 20
0.677937 1.10406 2.86005 20 205 20
0.664837 1.1393 2.86657 20 205 20
0.631784 1.15331 2.87822 20 205 20
0.598138 1.13787 2.88818 20 205 20
0.583609 1.10204 2.89061 20 205 20
0.596708 1.0668 2.8841 20 205 20
0.629762 1.0528 2.87245 20 205 20
0.663408 1.06823 2.86249 20 205 20
0.710641 1.0936 2.91769 20 205 20
0.697621 1.12869 2.92671 20 205 20
0.664536 1.14255 2.93866 20 205 20
0.630765 1.12704 2.94656 20 205 20
0.616092 1.09126 2.94576 20 205 20
0.629112 1.05617 2.93675 20 205 20
0.662197 1.04232 2.92479 20 205 20
0.695967 1.05782 2.9169 20 205 20
0.71769 1.08439 2.99208 20 205 20
0.703035 1.12036 2.996 20 205 20
0.66777 1.13531 3.00299 20 205 20
0.632554 1.12048 3.00896 20 205 20
0.618015 1.08455 3.01042 20 205 20
0.63267 1.04858 3.00651 20 205 20
0.667935 1.03363 2.99951 20 205 20
0.703151 1.04846 2.99354 20 205 20
0.735406 1.08867 3.04955 20 205 20
0.722523 1.12424 3.05754 20 205 20
0.690133 1.13845 3.073 20 205 20
0.65721 1.12296 3.08687 20 205 20
0.643039 1.08685 3.09103 20 205 20
0.655921 1.05128 3.08304 20 205 20
0.688311 1.03708 3.06758 20 205 20
0.721235 1.05257 3.05371 20 205 20
0.777019 1.07626 3.1178 20 205 20
0.76385 1.11176 3.12382 20 205 20
0.731187 1.1261 3.13792 20 205 20
0.698165 1.11089 3.15184 20 205 20
0.684127 1.07503 3.15743 20 205 20
0.697296 1.03953 3.15141 20 205 20
0.729959 1.02519 3.13731 20 205 20
0.762981 1.0404 3.12339 20 205 20
0.799526 1.08639 3.21529 20 205 20
0.785003 1.11973 3.21886 20 205 20
0.751432 1.13416 3.22217 20 205 20
0.718479 1.12122 3.22328 20 205 20
0.705446 1.0885 3.22154 20 205 20
0.719969 1.05515 3.21797 20 205 20
0.75354 1.04072 3.21466 20 205 20
0.786493 1.05366 3.21355 20 205 20
0.777055 1.04739 3.33331 20 205 20
0.764038 1.07768 3.34005 20 205 20
0.733181 1.09047 3.34278 20 205 20
0.702558 1.07825 3.33989 20 205 20
0.690109 1.04819 3.33308 20 205 20
0.703126 1.0179 3.32634 20 205 20
0.733983 1.00511 3.32361 20 205 20
0.764606 1.01733 3.3265 20 205 20
0.786036 1.04095 3.39443 20 205 20
0.774043 1.07031 3.40014 20 205 20
0.74461 1.08228 3.40551 20 205 20
0.714979 1.06983 3.4074 20 205 20
0.702507 1.04028 3.4047 20 205 20
0.714501 1.01092 3.399 20 205 20
0.743934 0.998957 3.39363 20 205 20
0.773565 1.0114 3.39174 20 205 20
0.786654 1.02836 3.47011 20 205 20
0.776184 1.054 3.47156 20 205 20
0.750533 1.06447 3.47146 20 205 20
0.724728 1.05363 3.46986 20 205 20
0.713885 1.02783 3.46771 20 205 20
0.724356 1.00219 3.46626 20 205 20
0.750006 0.991728 3.46637 20 205 20
0.775811 1.00257 3.46796 20 205 20
0.773906 1.03244 3.52559 20 205 20
0.763118 1.06021 3.52601 20 205 20
0.737579 1.07192 3.53112 20 205 20
0.712249 1.06072 3.53793 20 205 20
0.701965 1.03316 3.54245 20 205 20
0.712752 1.00539 3.54203 20 205 20
0.738292 0.993678 3.53691 20 205 20
0.763622 1.00489 3.5301 20 205 20
0.81352 1.03734 3.57576 20 205 20
0.800611 1.07019 3.57882 20 205 20
0.770216 1.08411 3.58974 20 205 20
0.740138 1.07096 3.60211 20 205 20
0.727998 1.03842 3.6087 20 205 20
0.740907 1.00558 3.60564 20 205 20
0.771302 0.991652 3.59472 20 205 20
0.80138 1.00481 3.58235 20 205 20
0.826464 1.03952 3.63537 20 205 20
0.81389 1.07204 3.63915 20 205 20
0.783945 1.08568 3.65042 20 205 20
0.754172 1.07245 3.66256 20 205 20
0.742011 1.04011 3.66848 20 205 20
0.754586 1.00759 3.6647 20 205 20
0.784531 0.993952 3.65344 20 205 20
0.814303 1.00718 3.64129 20 205 20
0.849012 1.04177 3.68648 20 205 20
0.838834 1.0692 3.69141 20 205 20
0.814423 1.08063 3.70371 20 205 20
0.790079 1.06936 3.71619 20 205 20
0.780062 1.042 3.72153 20 205 20
0.790241 1.01457 3.7166 20 205 20
0.814652 1.00314 3.7043 20 205 20
0.838996 1.01441 3.69182 20 205 20
0.863111 1.04035 3.73829 20 205 20
0.854637 1.06293 3.74239 20 205 20
0.8341 1.07224 3.75183 20 205 20
0.813531 1.06285 3.76109 20 205 20
0.804978 1.04024 3.76474 20 205 20
0.813452 1.01767 3.76064 20 205 20
0.833989 1.00835 3.7512 20 205 20
0.854558 1.01775 3.74194 20 205 20
0.890906 1.04087 3.79862 20 205 20
0.882068 1.06327 3.80147 20 205 20
0.860833 1.07258 3.80647 20 205 20
0.839642 1.06337 3.81069 20 205 20
0.830907 1.04102 3.81166 20 205 20
0.839745 1.01863 3.8088 20 205 20
0.860979 1.00931 3.8038 20 205 20
0.882171 1.01852 3.79958 20 205 20
0.88822 1.0352 3.85943 20 205 20
0.87952 1.05721 3.86248 20 205 20
0.858426 1.06629 3.86708 20 205 20
0.837296 1.05712 3.87055 20 205 20
0.828507 1.03508 3.87084 20 205 20
0.837208 1.01307 3.86779 20 205 20
0.858301 1.00399 3.86318 20 205 20
0.879431 1.01316 3.85972 20 205 20
0.91299 1.03362 3.91299 20 205 20
0.904437 1.05541 3.9173 20 205 20
0.8835 1.06432 3.92362 20 205 20
0.862445 1.05513 3.92823 20 205 20
0.853604 1.03321 3.92845 20 205 20
0.862158 1.01141 3.92413 20 205 20
0.883094 1.0025 3.91782 20 205 20
0.90415 1.0117 3.9132 20 205 20
0.919626 1.02397 3.97738 20 205 20
0.910675 1.04578 3.98085 20 205 20
0.888817 1.05471 3.98417 20 205 20
0.866856 1.04553 3.98539 20 205 20
0.857657 1.02362 3.9838 20 205 20
0.866609 1.0018 3.98033 20 205 20
0.888466 0.992873 3.97701 20 205 20
0.910427 1.00205 3.97579 20 205 20
0.924827 1.01852 4.03023 20 205 20
0.915571 1.04038 4.03074 20 205 20
0.894659 1.05003 4.03634 20 205 20
0.874341 1.04181 4.04375 20 205 20
0.866519 1.02054 4.04863 20 205 20
0.875775 0.998682 4.04811 20 205 20
0.896687 0.989033 4.04251 20 205 20
0.917005 0.997249 4.0351 20 205 20
0.955783 1.03681 4.08831 20 205 20
0.946826 1.05782 4.08794 20 205 20
0.926719 1.06716 4.09254 20 205 20
0.90724 1.05934 4.09941 20 205 20
0.899799 1.03895 4.10453 20 205 20
0.908756 1.01793 4.1049 20 205 20
0.928863 1.0086 4.1003 20 205 20
0.948342 1.01641 4.09343 20 205 20
0.955881 1.04019 4.13021 20 205 20
0.950919 1.06333 4.14012 20 205 20
0.934011 1.07088 4.15496 20 205 20
0.915062 1.0584 4.16604 20 205 20
0.905171 1.03322 4.16687 20 205 20
0.910133 1.01008 4.15695 20 205 20
0.927041 1.00253 4.14211 20 205 20
0.945991 1.01501 4.13103 20 205 20
0.9942 1.026 4.14132 20 205 20
0.987308 1.05248 4.14924 20 205 20
0.968176 1.06241 4.1685 20 205 20
0.948013 1.04998 4.18782 20 205 20
0.938629 1.02248 4.19587 20 205 20
0.945521 0.996002 4.18795 20 205 20
0.964653 0.986068 4.1687 20 205 20
0.984816 0.998494 4.14938 20 205 20
1.04298 1.04869 4.20807 20 205 20
1.03214 1.07505 4.22062 20 205 20
1.00378 1.08506 4.23658 20 205 20
0.974526 1.07287 4.24659 20 205 20
0.961507 1.04562 4.2448 20 205 20
0.972351 1.01926 4.23225 20 205 20
1.00071 1.00925 4.21629 20 205 20
1.02996 1.02144 4.20628 20 205 20
1.0757 0.999793 4.26324 20 205 20
1.06222 1.02742 4.26866 20 205 20
1.02855 1.0384 4.28013 20 205 20
0.994423 1.0263 4.29094 20 205 20
0.979825 0.998217 4.29475 20 205 20
0.993308 0.970595 4.28933 20 205 20
1.02697 0.959616 4.27786 20 205 20
1.0611 0.97171 4.26705 20 205 20
1.1006 1.05827 4.33747 20 205 20
1.08605 1.08886 4.33224 20 205 20
1.05417 1.10288 4.34007 20 205 20
1.02364 1.09211 4.35639 20 205 20
1.01234 1.06286 4.37164 20 205 20
1.02689 1.03226 4.37687 20 205 20
1.05876 1.01824 4.36904 20 205 20
1.08929 1.02902 4.35272 20 205 20
1.1332 1.05478 4.40328 20 205 20
1.11799 1.08357 4.39607 20 205 20
1.08606 1.09746 4.40351 20 205 20
1.0561 1.08833 4.42125 20 205 20
1.04566 1.06152 4.43889 20 205 20
1.06086 1.03274 4.4461 20 205 20
1.0928 1.01884 4.43866 20 205 20
1.12276 1.02797 4.42092 20 205 20
1.15649 1.10795 4.44785 20 205 20
1.14206 1.1354 4.44603 20 205 20
1.10968 1.1478 4.45484 20 205 20
1.07834 1.13788 4.46913 20 205 20
1.06638 1.11146 4.48052 20 205 20
1.08082 1.08401 4.48234 20 205 20
1.11319 1.07161 4.47353 20 205 20
1.14454 1.08153 4.45924 20 205 20
1.19703 1.06925 4.54418 20 205 20
1.18562 1.10001 4.55864 20 205 20
1.15463 1.11133 4.57266 20 205 20
1.12221 1.09657 4.57803 20 205 20
1.10736 1.06439 4.5716 20 205 20
1.11877 1.03362 4.55714 20 205 20
1.14976 1.02231 4.54312 20 205 20
1.18218 1.03707 4.53775 20 205 20
1.2083 1.05015 4.61832 20 205 20
1.19729 1.0781 4.6279 20 205 20
1.16916 1.08904 4.63702 20 205 20
1.1404 1.07657 4.64036 20 205 20
1.12785 1.04798 4.63594 20 205 20
1.13886 1.02003 4.62637 20 205 20
1.16699 1.00909 4.61725 20 205 20
1.19575 1.02157 4.61391 20 205 20
1.22274 1.02891 4.68386 20 205 20
1.20876 1.0518 4.67627 20 205 20
1.1797 1.06321 4.67947 20 205 20
1.15258 1.05647 4.69157 20 205 20
1.14328 1.03552 4.7055 20 205 20
1.15725 1.01264 4.71309 20 205 20
1.18631 1.00122 4.7099 20 205 20
1.21344 1.00796 4.69779 20 205 20
1.23941 1.07692 4.71494 20 205 20
1.22547 1.09953 4.7043 20 205 20
1.19728 1.11116 4.70698 20 205 20
1.17135 1.10499 4.7214 20 205 20
1.16288 1.08464 4.73913 20 205 20
1.17682 1.06203 4.74977 20 205 20
1.205 1.0504 4.74709 20 205 20
1.23093 1.05657 4.73266 20 205 20
1.25632 1.08378 4.80917 20 205 20
1.24808 1.10609 4.81144 20 205 20
1.23091 1.11646 4.82264 20 205 20
1.21488 1.10883 4.8362 20 205 20
1.20938 1.08765 4.84418 20 205 20
1.21762 1.06534 4.8419 20 205 20
1.23479 1.05496 4.83071 20 205 20
1.25082 1.0626 4.81715 20 205 20
1.2714 1.08931 4.81962 20 205 20
1.26472 1.10906 4.82418 20 205 20
1.25047 1.11801 4.8369 20 205 20
1.23699 1.11092 4.85032 20 205 20
1.23218 1.09195 4.85659 20 205 20
1.23886 1.0722 4.85203 20 205 20
1.25311 1.06324 4.83932 20 205 20
1.26659 1.07033 4.82589 20 205 20
1.33154 1.07114 4.93879 20 205 20
1.32543 1.08821 4.94383 20 205 20
1.30976 1.0949 4.95179 20 205 20
1.29369 1.08727 4.95802 20 205 20
1.28665 1.06981 4.95886 20 205 20
1.29275 1.05273 4.95382 20 205 20
1.30843 1.04605 4.94586 20 205 20
1.32449 1.05368 4.93963 20 205 20
1.35546 1.06533 5.00713 20 205 20
1.34945 1.08111 5.01053 20 205 20
1.3345 1.08747 5.01624 20 205 20
1.31939 1.08069 5.02091 20 205 20
1.31295 1.06474 5.02181 20 205 20
1.31897 1.04896 5.01841 20 205 20
1.33391 1.0426 5.0127 20 205 20
1.34903 1.04938 5.00803 20 205 20
1.3736 1.06009 5.07295 20 205 20
1.36838 1.07421 5.07708 20 205 20
1.35499 1.07973 5.08292 20 205 20
1.34126 1.07341 5.08704 20 205 20
1.33525 1.05896 5.08703 20 205 20
1.34046 1.04484 5.0829 20 205 20
1.35386 1.03932 5.07707 20 205 20
1.36758 1.04564 5.07295 20 205 20
1.40575 1.04091 5.15446 20 205 20
1.40121 1.05043 5.15304 20 205 20
1.38997 1.05425 5.15497 20 205 20
1.3786 1.05013 5.15912 20 205 20
1.37378 1.0405 5.16306 20 205 20
1.37831 1.03098 5.16448 20 205 20
1.38955 1.02716 5.16255 20 205 20
1.40092 1.03127 5.1584 20 205 20
1.40653 1.07351 5.18116 20 205 20
1.40203 1.07946 5.17314 20 205 20
1.3918 1.08219 5.17034 20 205 20
1.38184 1.0801 5.17438 20 205 20
1.37798 1.07442 5.18292 20 205 20
1.38248 1.06847 5.19093 20 205 20
1.39271 1.06574 5.19374 20 205 20
1.40267 1.06783 5.18969 20 205 20
1.39226 1.07396 5.18204 20 205 20
1.25179 1.09063 4.83811 20 205 20
1.27492 1.09 4.86352 20 205 20
1.26771 1.11447 4.85707 20 205 20
1.25117 1.12497 4.83951 20 205 20
1.23499 1.11535 4.82113 20 205 20
1.22866 1.09125 4.81269 20 205 20
1.23587 1.06679 4.81914 20 205 20
1.25241 1.05629 4.8367 20 205 20
1.26859 1.06591 4.85508 20 205 20
1.16485 1.08445 4.94419 20 205 20
1.15874 1.10349 4.94241 20 205 20
1.1443 1.11152 4.93663 20 205 20
1.13 1.10382 4.93024 20 205 20
1.12421 1.08492 4.92697 20 205 20
1.13033 1.06588 4.92875 20 205 20
1.14477 1.05786 4.93453 20 205 20
1.15907 1.06555 4.94092 20 205 20
1.18918 1.08241 4.99081 20 205 20
1.18432 1.09479 4.99337 20 205 20
1.17248 1.09986 4.99688 20 205 20
1.16059 1.09467 4.99928 20 205 20
1.15561 1.08224 4.99916 20 205 20
1.16047 1.06986 4.9966 20 205 20
1.17231 1.06478 4.99309 20 205 20
1.1842 1.06998 4.99069 20 205 20
1.18905 1.07011 5.05707 20 205 20
1.18436 1.08125 5.05931 20 205 20
1.173 1.08586 5.06032 20 205 20
1.16164 1.08123 5.05952 20 205 20
1.15692 1.07008 5.05737 20 205 20
1.16162 1.05893 5.05514 20 205 20
1.17297 1.05433 5.05413 20 205 20
1.18434 1.05895 5.05493 20 205 20
1.17299 1.07009 5.05722 20 205 20
0.752486 1.08744 3.21841 20 205 20
0.778439 1.08279 3.19826 20 205 20
0.767549 1.10551 3.195 20 205 20
0.747835 1.11764 3.20546 20 205 20
0.730845 1.11209 3.2235 20 205 20
0.726533 1.09209 3.23857 20 205 20
0.737423 1.06938 3.24183 20 205 20
0.757137 1.05724 3.23137 20 205 20
0.774126 1.0628 3.21332 20 205 20
0.871691 1.141 3.29769 20 205 20
0.860718 1.16762 3.30032 20 205 20
0.83681 1.17971 3.31246 20 205 20
0.813972 1.1702 3.32701 20 205 20
0.805581 1.14465 3.33543 20 205 20
0.816554 1.11803 3.3328 20 205 20
0.840462 1.10593 3.32066 20 205 20
0.8633 1.11545 3.30611 20 205 20
0.907192 1.136 3.36339 20 205 20
0.895944 1.16663 3.37118 20 205 20
0.867651 1.17885 3.38446 20 205 20
0.838887 1.16549 3.39544 20 205 20
0.826501 1.13439 3.39769 20 205 20
0.837749 1.10375 3.38989 20 205 20
0.866041 1.09153 3.37662 20 205 20
0.894805 1.10489 3.36564 20 205 20
0.9288 1.13106 3.41948 20 205 20
0.916753 1.16089 3.42082 20 205 20
0.887957 1.17336 3.42874 20 205 20
0.859278 1.16118 3.43862 20 205 20
0.847518 1.13147 3.44467 20 205 20
0.859565 1.10164 3.44333 20 205 20
0.888361 1.08916 3.43541 20 205 20
0.917039 1.10135 3.42553 20 205 20
0.942901 1.14811 3.49305 20 205 20
0.930661 1.17692 3.49099 20 205 20
0.902657 1.18949 3.49711 20 205 20
0.875294 1.17846 3.50781 20 205 20
0.864601 1.1503 3.51684 20 205 20
0.876841 1.12149 3.5189 20 205 20
0.904845 1.10891 3.51279 20 205 20
0.932208 1.11994 3.50208 20 205 20
0.972044 1.15974 3.56142 20 205 20
0.960031 1.18926 3.56282 20 205 20
0.931994 1.20189 3.57136 20 205 20
0.904356 1.19023 3.58203 20 205 20
0.893307 1.1611 3.58859 20 205 20
0.90532 1.13157 3.58719 20 205 20
0.933357 1.11894 3.57865 20 205 20
0.960995 1.13061 3.56798 20 205 20
0.982007 1.16154 3.61887 20 205 20
0.971761 1.18666 3.62003 20 205 20
0.948059 1.19749 3.62761 20 205 20
0.924785 1.18769 3.63718 20 205 20
0.915572 1.163 3.64312 20 205 20
0.925817 1.13788 3.64196 20 205 20
0.949519 1.12705 3.63437 20 205 20
0.972793 1.13685 3.62481 20 205 20
1.00344 1.17405 3.67837 20 205 20
0.99533 1.19363 3.6784 20 205 20
0.977052 1.20229 3.68469 20 205 20
0.959317 1.19494 3.69357 20 205 20
0.952514 1.1759 3.69983 20 205 20
0.960629 1.15632 3.6998 20 205 20
0.978907 1.14767 3.69351 20 205 20
0.996642 1.15501 3.68464 20 205 20
1.02449 1.18266 3.74038 20 205 20
1.01686 1.2016 3.74127 20 205 20
0.999199 1.20977 3.7475 20 205 20
0.981861 1.20237 3.7554 20 205 20
0.974999 1.18376 3.76035 20 205 20
0.982634 1.16482 3.75946 20 205 20
1.00029 1.15665 3.75323 20 205 20
1.01763 1.16404 3.74533 20 205 20
1.06165 1.18914 3.82444 20 205 20
1.0533 1.20526 3.82078 20 205 20
1.03638 1.21328 3.82533 20 205 20
1.02082 1.20851 3.83543 20 205 20
1.01572 1.19375 3.84516 20 205 20
1.02408 1.17764 3.84881 20 205 20
1.04099 1.16961 3.84426 20 205 20
1.05655 1.17438 3.83416 20 205 20
1.09419 1.2453 3.87864 20 205 20
1.08524 1.25804 3.86954 20 205 20
1.06887 1.26549 3.87082 20 205 20
1.05467 1.26329 3.88174 20 205 20
1.05096 1.25272 3.89589 20 205 20
1.05992 1.23998 3.90499 20 205 20
1.07629 1.23253 3.90371 20 205 20
1.09049 1.23473 3.89279 20 205 20
1.10654 1.28039 3.91561 20 205 20
1.1009 1.29199 3.90516 20 205 20
1.08705 1.29671 3.89983 20 205 20
1.07312 1.29178 3.90275 20 205 20
1.06727 1.2801 3.91219 20 205 20
1.07292 1.2685 3.92264 20 205 20
1.08676 1.26378 3.92797 20 205 20
1.10069 1.26871 3.92505 20 205 20
1.0807 1.30789 3.945 20 205 20
1.07681 1.32063 3.94063 20 205 20
1.06493 1.32489 3.93877 20 205 20
1.05204 1.31816 3.9405 20 205 20
1.04567 1.30439 3.94481 20 205 20
1.04956 1.29164 3.94918 20 205 20
1.06143 1.28739 3.95104 20 205 20
1.07433 1.29412 3.94931 20 205 20
1.15833 1.30893 4.05772 20 205 20
1.15331 1.32309 4.06057 20 205 20
1.14134 1.32902 4.06801 20 205 20
1.12945 1.32325 4.07569 20 205 20
1.12459 1.30916 4.0791 20 205 20
1.12961 1.29501 4.07625 20 205 20
1.14157 1.28908 4.06881 20 205 20
1.15347 1.29485 4.06113 20 205 20
1.14146 1.30905 4.06841 20 205 20
-0.0188947 1.23499 0.302601 20 205 20
0.000546353 1.23524 0.301204 20 205 20
-0.00497522 1.24814 0.30628 20 205 20
-0.0186506 1.25333 0.309201 20 205 20
-0.032469 1.24779 0.308256 20 205 20
-0.0383358 1.23475 0.303998 20 205 20
-0.0328142 1.22185 0.298922 20 205 20
-0.0191388 1.21666 0.296001 20 205 20
-0.00532039 1.2222 0.296946 20 205 20
0.00367661 1.21282 0.363979 20 205 20
-0.00108726 1.22288 0.371152 20 205 20
-0.0134564 1.22669 0.375161 20 205 20
-0.0261851 1.22201 0.373658 20 205 20
-0.0318171 1.21159 0.367524 20 205 20
-0.0270532 1.20153 0.360351 20 205 20
-0.0146841 1.19772 0.356341 20 205 20
-0.00195537 1.2024 0.357844 20 205 20
0.0107023 1.16357 0.406057 20 205 20
0.00669617 1.1708 0.415327 20 205 20
-0.00436664 1.17322 0.420425 20 205 20
-0.0160056 1.16941 0.418364 20 205 20
-0.0214028 1.1616 0.410352 20 205 20
-0.0173967 1.15438 0.401083 20 205 20
-0.00633387 1.15196 0.395985 20 205 20
0.00530513 1.15577 0.398045 20 205 20
-0.00535025 1.16259 0.408205 20 205 20
3 0 1 2
3 0 2 3
3 0 3 4
3 0 4 5
3 0 5 6
3 0 6 7
3 0 7 8
3 0 8 1

3 1 2 10
3 10 9 1
3 2 3 11
3 11 10 2
3 3 4 12
3 12 11 3
3 4 5 13
3 13 12 4
3 5 6 14
3 14 13 5
3 6 7 15
3 15 14 6
3 7 8 16
3 16 15 7
3 8 1 9
3 9 16 8
3 9 10 18
3 18 17 9
3 10 11 19
3 19 18 10
3 11 12 20
3 20 19 11
3 12 13 21
3 21 20 12
3 13 14 22
3 22 21 13
3 14 15 23
3 23 22 14
3 15 16 24
3 24 23 15
3 16 9 17
3 17 24 16
3 17 18 26
3 26 25 17
3 18 19 27
3 27 26 18
3 19 20 28
3 28 27 19
3 20 21 29
3 29 28 20
3 21 22 30
3 30 29 21
3 22 23 31
3 31 30 22
3 23 24 32
3 32 31 23
3 24 17 25
3 25 32 24
3 25 26 34
3 34 33 25
3 26 27 35
3 35 34 26
3 27 28 36
3 36 35 27
3 28 29 37
3 37 36 28
3 29 30 38
3 38 37 29
3 30 31 39
3 39 38 30
3 31 32 40
3 40 39 31
3 32 25 33
3 33 40 32
3 33 34 42
3 42 41 33
3 34 35 43
3 43 42 34
3 35 36 44
3 44 43 35
3 36 37 45
3 45 44 36
3 37 38 46
3 46 45 37
3 38 39 47
3 47 46 38
3 39 40 48
3 48 47 39
3 40 33 41
3 41 48 40
3 41 42 50
3 50 49 41
3 42 43 51
3 51 50 42
3 43 44 52
3 52 51 43
3 44 45 53
3 53 52 44
3 45 46 54
3 54 53 45
3 46 47 55
3 55 54 46
3 47 48 56
3 56 55 47
3 48 41 49
3 49 56 48
3 49 50 58
3 58 57 49
3 50 51 59
3 59 58 50
3 51 52 60
3 60 59 51
3 52 53 61
3 61 60 52
3 53 54 62
3 62 61 53
3 54 55 63
3 63 62 54
3 55 56 64
3 64 63 55
3 56 49 57
3 57 64 56
3 57 58 66
3 66 65 57
3 58 59 67
3 67 66 58
3 59 60 68
3 68 67 59
3 60 61 69
3 69 68 60
3 61 62 70
3 70 69 61
3 62 63 71
3 71 70 62
3 63 64 72
3 72 71 63
3 64 57 65
3 65 72 64
3 65 66 74
3 74 73 65
3 66 67 75
3 75 74 66
3 67 68 76
3 76 75 67
3 68 69 77
3 77 76 68
3 69 70 78
3 78 77 69
3 70 71 79
3 79 78 70
3 71 72 80
3 80 79 71
3 72 65 73
3 73 80 72
3 73 74 82
3 82 81 73
3 74 75 83
3 83 82 74
3 75 76 84
3 84 83 75
3 76 77 85
3 85 84 76
3 77 78 86
3 86 85 77
3 78 79 87
3 87 86 78
3 79 80 88
3 88 87 79
3 80 73 81
3 81 88 80
3 81 82 90
3 90 89 81
3 82 83 91
3 91 90 82
3 83 84 92
3 92 91 83
3 84 85 93
3 93 92 84
3 85 86 94
3 94 93 85
3 86 87 95
3 95 94 86
3 87 88 96
3 96 95 87
3 88 81 89
3 89 96 88
3 89 90 98
3 98 97 89
3 90 91 99
3 99 98 90
3 91 92 100
3 100 99 91
3 92 93 101
3 101 100 92
3 93 94 102
3 102 101 93
3 94 95 103
3 103 102 94
3 95 96 104
3 104 103 95
3 96 89 97
3 97 104 96
3 97 98 106
3 106 105 97
3 98 99 107
3 107 106 98
3 99 100 108
3 108 107 99
3 100 101 109
3 109 108 100
3 101 102 110
3 110 109 101
3 102 103 111
3 111 110 102
3 103 104 112
3 112 111 103
3 104 97 105
3 105 112 104
3 105 106 114
3 114 113 105
3 106 107 115
3 115 114 106
3 107 108 116
3 116 115 107
3 108 109 117
3 117 116 108
3 109 110 118
3 118 117 109
3 110 111 119
3 119 118 110
3 111 112 120
3 120 119 111
3 112 105 113
3 113 120 112
3 113 114 122
3 122 121 113
3 114 115 123
3 123 122 114
3 115 116 124
3 124 123 115
3 116 117 125
3 125 124 116
3 117 118 126
3 126 125 117
3 118 119 127
3 127 126 118
3 119 120 128
3 128 127 119
3 120 113 121
3 121 128 120
3 121 122 130
3 130 129 121
3 122 123 131
3 131 130 122
3 123 124 132
3 132 131 123
3 124 125 133
3 133 132 124
3 125 126 134
3 134 133 125
3 126 127 135
3 135 134 126
3 127 128 136
3 136 135 127
3 128 121 129
3 129 136 128
3 129 130 138
3 138 137 129
3 130 131 139
3 139 138 130
3 131 132 140
3 140 139 131
3 132 133 141
3 141 140 132
3 133 134 142
3 142 141 133
3 134 135 143
3 143 142 134
3 135 136 144
3 144 143 135
3 136 129 137
3 137 144 136
3 137 138 146
3 146 145 137
3 138 139 147
3 147 146 138
3 139 140 148
3 148 147 139
3 140 141 149
3 149 148 140
3 141 142 150
3 150 149 141
3 142 143 151
3 151 150 142
3 143 144 152
3 152 151 143
3 144 137 145
3 145 152 144
3 145 146 154
3 154 153 145
3 146 147 155
3 155 154 146
3 147 148 156
3 156 155 147
3 148 149 157
3 157 156 148
3 149 150 158
3 158 157 149
3 150 151 159
3 159 158 150
3 151 152 160
3 160 159 151
3 152 145 153
3 153 160 152
3 153 154 162
3 162 161 153
3 154 155 163
3 163 162 154
3 155 156 164
3 164 163 155
3 156 157 165
3 165 164 156
3 157 158 166
3 166 165 157
3 158 159 167
3 167 166 158
3 159 160 168
3 168 167 159
3 160 153 161
3 161 168 160
3 161 162 170
3 170 169 161
3 162 163 171
3 171 170 162
3 163 164 172
3 172 171 163
3 164 165 173
3 173 172 164
3 165 166 174
3 174 173 165
3 166 167 175
3 175 174 166
3 167 168 176
3 176 175 167
3 168 161 169
3 169 176 168
3 169 170 178
3 178 177 169
3 170 171 179
3 179 178 170
3 171 172 180
3 180 179 171
3 172 173 181
3 181 180 172
3 173 174 182
3 182 181 173
3 174 175 183
3 183 182 174
3 175 176 184
3 184 183 175
3 176 169 177
3 177 184 176
3 177 178 186
3 186 185 177
3 178 179 187
3 187 186 178
3 179 180 188
3 188 187 179
3 180 181 189
3 189 188 180
3 181 182 190
3 190 189 181
3 182 183 191
3 191 190 182
3 183 184 192
3 192 191 183
3 184 177 185
3 185 192 184
3 185 186 194
3 194 193 185
3 186 187 195
3 195 194 186
3 187 188 196
3 196 195 187
3 188 189 197
3 197 196 188
3 189 190 198
3 198 197 189
3 190 191 199
3 199 198 190
3 191 192 200
3 200 199 191
3 192 185 193
3 193 200 192
3 193 194 202
3 202 201 193
3 194 195 203
3 203 202 194
3 195 196 204
3 204 203 195
3 196 197 205
3 205 204 196
3 197 198 206
3 206 205 197
3 198 199 207
3 207 206 198
3 199 200 208
3 208 207 199
3 200 193 201
3 201 208 200
3 201 202 210
3 210 209 201
3 202 203 211
3 211 210 202
3 203 204 212
3 212 211 203
3 204 205 213
3 213 212 204
3 205 206 214
3 214 213 205
3 206 207 215
3 215 214 206
3 207 208 216
3 216 215 207
3 208 201 209
3 209 216 208
3 209 210 218
3 218 217 209
3 210 211 219
3 219 218 210
3 211 212 220
3 220 219 211
3 212 213 221
3 221 220 212
3 213 214 222
3 222 221 213
3 214 215 223
3 223 222 214
3 215 216 224
3 224 223 215
3 216 209 217
3 217 224 216
3 217 218 226
3 226 225 217
3 218 219 227
3 227 226 218
3 219 220 228
3 228 227 219
3 220 221 229
3 229 228 220
3 221 222 230
3 230 229 221
3 222 223 231
3 231 230 222
3 223 224 232
3 232 231 223
3 224 217 225
3 225 232 224
3 225 226 234
3 234 233 225
3 226 227 235
3 235 234 226
3 227 228 236
3 236 235 227
3 228 229 237
3 237 236 228
3 229 230 238
3 238 237 229
3 230 231 239
3 239 238 230
3 231 232 240
3 240 239 231
3 232 225 233
3 233 240 232
3 233 234 242
3 242 241 233
3 234 235 243
3 243 242 234
3 235 236 244
3 244 243 235
3 236 237 245
3 245 244 236
3 237 238 246
3 246 245 237
3 238 239 247
3 247 246 238
3 239 240 248
3 248 247 239
3 240 233 241
3 241 248 240
3 241 242 250
3 250 249 241
3 242 243 251
3 251 250 242
3 243 244 252
3 252 251 243
3 244 245 253
3 253 252 244
3 245 246 254
3 254 253 245
3 246 247 255
3 255 254 246
3 247 248 256
3 256 255 247
3 248 241 249
3 249 256 248
3 249 250 258
3 258 257 249
3 250 251 259
3 259 258 250
3 251 252 260
3 260 259 251
3 252 253 261
3 261 260 252
3 253 254 262
3 262 261 253
3 254 255 263
3 263 262 254
3 255 256 264
3 264 263 255
3 256 249 257
3 257 264 256
3 257 258 266
3 266 265 257
3 258 259 267
3 267 266 258
3 259 260 268
3 268 267 259
3 260 261 269
3 269 268 260
3 261 262 270
3 270 269 261
3 262 263 271
3 271 270 262
3 263 264 272
3 272 271 263
3 264 257 265
3 265 272 264
3 265 266 274
3 274 273 265
3 266 267 275
3 275 274 266
3 267 268 276
3 276 275 267
3 268 269 277
3 277 276 268
3 269 270 278
3 278 277 269
3 270 271 279
3 279 278 270
3 271 272 280
3 280 279 271
3 272 265 273
3 273 280 272
3 273 274 282
3 282 281 273
3 274 275 283
3 283 282 274
3 275 276 284
3 284 283 275
3 276 277 285
3 285 284 276
3 277 278 286
3 286 285 277
3 278 279 287
3 287 286 278
3 279 280 288
3 288 287 279
3 280 273 281
3 281 288 280
3 281 282 290
3 290 289 281
3 282 283 291
3 291 290 282
3 283 284 292
3 292 291 283
3 284 285 293
3 293 292 284
3 285 286 294
3 294 293 285
3 286 287 295
3 295 294 286
3 287 288 296
3 296 295 287
3 288 281 289
3 289 296 288
3 289 290 298
3 298 297 289
3 290 291 299
3 299 298 290
3 291 292 300
3 300 299 291
3 292 293 301
3 301 300 292
3 293 294 302
3 302 301 293
3 294 295 303
3 303 302 294
3 295 296 304
3 304 303 295
3 296 289 297
3 297 304 296
3 297 298 306
3 306 305 297
3 298 299 307
3 307 306 298
3 299 300 308
3 308 307 299
3 300 301 309
3 309 308 300
3 301 302 310
3 310 309 301
3 302 303 311
3 311 310 302
3 303 304 312
3 312 311 303
3 304 297 305
3 305 312 304
3 305 306 314
3 314 313 305
3 306 307 315
3 315 314 306
3 307 308 316
3 316 315 307
3 308 309 317
3 317 316 308
3 309 310 318
3 318 317 309
3 310 311 319
3 319 318 310
3 311 312 320
3 320 319 311
3 312 305 313
3 313 320 312
3 313 314 322
3 322 321 313
3 314 315 323
3 323 322 314
3 315 316 324
3 324 323 315
3 316 317 325
3 325 324 316
3 317 318 326
3 326 325 317
3 318 319 327
3 327 326 318
3 319 320 328
3 328 327 319
3 320 313 321
3 321 328 320
3 321 322 330
3 330 329 321
3 322 323 331
3 331 330 322
3 323 324 332
3 332 331 323
3 324 325 333
3 333 332 324
3 325 326 334
3 334 333 325
3 326 327 335
3 335 334 326
3 327 328 336
3 336 335 327
3 328 321 329
3 329 336 328
3 329 330 338
3 338 337 329
3 330 331 339
3 339 338 330
3 331 332 340
3 340 339 331
3 332 333 341
3 341 340 332
3 333 334 342
3 342 341 333
3 334 335 343
3 343 342 334
3 335 336 344
3 344 343 335
3 336 329 337
3 337 344 336
3 337 338 346
3 346 345 337
3 338 339 347
3 347 346 338
3 339 340 348
3 348 347 339
3 340 341 349
3 349 348 340
3 341 342 350
3 350 349 341
3 342 343 351
3 351 350 342
3 343 344 352
3 352 351 343
3 344 337 345
3 345 352 344
3 345 346 354
3 354 353 345
3 346 347 355
3 355 354 346
3 347 348 356
3 356 355 347
3 348 349 357
3 357 356 348
3 349 350 358
3 358 357 349
3 350 351 359
3 359 358 350
3 351 352 360
3 360 359 351
3 352 345 353
3 353 360 352
3 353 354 362
3 362 361 353
3 354 355 363
3 363 362 354
3 355 356 364
3 364 363 355
3 356 357 365
3 365 364 356
3 357 358 366
3 366 365 357
3 358 359 367
3 367 366 358
3 359 360 368
3 368 367 359
3 360 353 361
3 361 368 360
3 361 362 370
3 370 369 361
3 362 363 371
3 371 370 362
3 363 364 372
3 372 371 363
3 364 365 373
3 373 372 364
3 365 366 374
3 374 373 365
3 366 367 375
3 375 374 366
3 367 368 376
3 376 375 367
3 368 361 369
3 369 376 368
3 369 370 378
3 378 377 369
3 370 371 379
3 379 378 370
3 371 372 380
3 380 379 371
3 372 373 381
3 381 380 372
3 373 374 382
3 382 381 373
3 374 375 383
3 383 382 374
3 375 376 384
3 384 383 375
3 376 369 377
3 377 384 376
3 377 378 386
3 386 385 377
3 378 379 387
3 387 386 378
3 379 380 388
3 388 387 379
3 380 381 389
3 389 388 380
3 381 382 390
3 390 389 381
3 382 383 391
3 391 390 382
3 383 384 392
3 392 391 383
3 384 377 385
3 385 392 384
3 385 386 394
3 394 393 385
3 386 387 395
3 395 394 386
3 387 388 396
3 396 395 387
3 388 389 397
3 397 396 388
3 389 390 398
3 398 397 389
3 390 391 399
3 399 398 390
3 391 392 400
3 400 399 391
3 392 385 393
3 393 400 392
3 393 394 402
3 402 401 393
3 394 395 403
3 403 402 394
3 395 396 404
3 404 403 395
3 396 397 405
3 405 404 396
3 397 398 406
3 406 405 397
3 398 399 407
3 407 406 398
3 399 400 408
3 408 407 399
3 400 393 401
3 401 408 400
3 401 402 410
3 410 409 401
3 402 403 411
3 411 410 402
3 403 404 412
3 412 411 403
3 404 405 413
3 413 412 404
3 405 406 414
3 414 413 405
3 406 407 415
3 415 414 406
3 407 408 416
3 416 415 407
3 408 401 409
3 409 416 408
3 409 410 418
3 418 417 409
3 410 411 419
3 419 418 410
3 411 412 420
3 420 419 411
3 412 413 421
3 421 420 412
3 413 414 422
3 422 421 413
3 414 415 423
3 423 422 414
3 415 416 424
3 424 423 415
3 416 409 417
3 417 424 416
3 417 418 426
3 426 425 417
3 418 419 427
3 427 426 418
3 419 420 428
3 428 427 419
3 420 421 429
3 429 428 420
3 421 422 430
3 430 429 421
3 422 423 431
3 431 430 422
3 423 424 432
3 432 431 423
3 424 417 425
3 425 432 424
3 425 426 434
3 434 433 425
3 426 427 435
3 435 434 426
3 427 428 436
3 436 435 427
3 428 429 437
3 437 436 428
3 429 430 438
3 438 437 429
3 430 431 439
3 439 438 430
3 431 432 440
3 440 439 431
3 432 425 433
3 433 440 432
3 433 434 442
3 442 441 433
3 434 435 443
3 443 442 434
3 435 436 444
3 444 443 435
3 436 437 445
3 445 444 436
3 437 438 446
3 446 445 437
3 438 439 447
3 447 446 438
3 439 440 448
3 448 447 439
3 440 433 441
3 441 448 440
3 441 442 450
3 450 449 441
3 442 443 451
3 451 450 442
3 443 444 452
3 452 451 443
3 444 445 453
3 453 452 444
3 445 446 454
3 454 453 445
3 446 447 455
3 455 454 446
3 447 448 456
3 456 455 447
3 448 441 449
3 449 456 448
3 449 450 458
3 458 457 449
3 450 451 459
3 459 458 450
3 451 452 460
3 460 459 451
3 452 453 461
3 461 460 452
3 453 454 462
3 462 461 453
3 454 455 463
3 463 462 454
3 455 456 464
3 464 463 455
3 456 449 457
3 457 464 456
3 457 458 466
3 466 465 457
3 458 459 467
3 467 466 458
3 459 460 468
3 468 467 459
3 460 461 469
3 469 468 460
3 461 462 470
3 470 469 461
3 462 463 471
3 471 470 462
3 463 464 472
3 472 471 463
3 464 457 465
3 465 472 464
3 465 466 474
3 474 473 465
3 466 467 475
3 475 474 466
3 467 468 476
3 476 475 467
3 468 469 477
3 477 476 468
3 469 470 478
3 478 477 469
3 470 471 479
3 479 478 470
3 471 472 480
3 480 479 471
3 472 465 473
3 473 480 472
3 473 474 482
3 482 481 473
3 474 475 483
3 483 482 474
3 475 476 484
3 484 483 475
3 476 477 485
3 485 484 476
3 477 478 486
3 486 485 477
3 478 479 487
3 487 486 478
3 479 480 488
3 488 487 479
3 480 473 481
3 481 488 480
3 481 482 490
3 490 489 481
3 482 483 491
3 491 490 482
3 483 484 492
3 492 491 483
3 484 485 493
3 493 492 484
3 485 486 494
3 494 493 485
3 486 487 495
3 495 494 486
3 487 488 496
3 496 495 487
3 488 481 489
3 489 496 488
3 489 490 498
3 498 497 489
3 490 491 499
3 499 498 490
3 491 492 500
3 500 499 491
3 492 493 501
3 501 500 492
3 493 494 502
3 502 501 493
3 494 495 503
3 503 502 494
3 495 496 504
3 504 503 495
3 496 489 497
3 497 504 496
3 497 498 506
3 506 505 497
3 498 499 507
3 507 506 498
3 499 500 508
3 508 507 499
3 500 501 509
3 509 508 500
3 501 502 510
3 510 509 501
3 502 503 511
3 511 510 502
3 503 504 512
3 512 511 503
3 504 497 505
3 505 512 504
3 505 506 514
3 514 513 505
3 506 507 515
3 515 514 506
3 507 508 516
3 516 515 507
3 508 509 517
3 517 516 508
3 509 510 518
3 518 517 509
3 510 511 519
3 519 518 510
3 511 512 520
3 520 519 511
3 512 505 513
3 513 520 512
3 513 514 522
3 522 521 513
3 514 515 523
3 523 522 514
3 515 516 524
3 524 523 515
3 516 517 525
3 525 524 516
3 517 518 526
3 526 525 517
3 518 519 527
3 527 526 518
3 519 520 528
3 528 527 519
3 520 513 521
3 521 528 520
3 521 522 530
3 530 529 521
3 522 523 531
3 531 530 522
3 523 524 532
3 532 531 523
3 524 525 533
3 533 532 524
3 525 526 534
3 534 533 525
3 526 527 535
3 535 534 526
3 527 528 536
3 536 535 527
3 528 521 529
3 529 536 528
3 529 530 538
3 538 537 529
3 530 531 539
3 539 538 530
3 531 532 540
3 540 539 531
3 532 533 541
3 541 540 532
3 533 534 542
3 542 541 533
3 534 535 543
3 543 542 534
3 535 536 544
3 544 543 535
3 536 529 537
3 537 544 536
3 537 538 546
3 546 545 537
3 538 539 547
3 547 546 538
3 539 540 548
3 548 547 539
3 540 541 549
3 549 548 540
3 541 542 550
3 550 549 541
3 542 543 551
3 551 550 542
3 543 544 552
3 552 551 543
3 544 537 545
3 545 552 544
3 545 546 554
3 554 553 545
3 546 547 555
3 555 554 546
3 547 548 556
3 556 555 547
3 548 549 557
3 557 556 548
3 549 550 558
3 558 557 549
3 550 551 559
3 559 558 550
3 551 552 560
3 560 559 551
3 552 545 553
3 553 560 552
3 553 554 562
3 562 561 553
3 554 555 563
3 563 562 554
3 555 556 564
3 564 563 555
3 556 557 565
3 565 564 556
3 557 558 566
3 566 565 557
3 558 559 567
3 567 566 558
3 559 560 568
3 568 567 559
3 560 553 561
3 561 568 560
3 561 562 570
3 570 569 561
3 562 563 571
3 571 570 562
3 563 564 572
3 572 571 563
3 564 565 573
3 573 572 564
3 565 566 574
3 574 573 565
3 566 567 575
3 575 574 566
3 567 568 576
3 576 575 567
3 568 561 569
3 569 576 568
3 569 570 578
3 578 577 569
3 570 571 579
3 579 578 570
3 571 572 580
3 580 579 571
3 572 573 581
3 581 580 572
3 573 574 582
3 582 581 573
3 574 575 583
3 583 582 574
3 575 576 584
3 584 583 575
3 576 569 577
3 577 584 576
3 577 578 586
3 586 585 577
3 578 579 587
3 587 586 578
3 579 580 588
3 588 587 579
3 580 581 589
3 589 588 580
3 581 582 590
3 590 589 581
3 582 583 591
3 591 590 582
3 583 584 592
3 592 591 583
3 584 577 585
3 585 592 584
3 585 586 594
3 594 593 585
3 586 587 595
3 595 594 586
3 587 588 596
3 596 595 587
3 588 589 597
3 597 596 588
3 589 590 598
3 598 597 589
3 590 591 599
3 599 598 590
3 591 592 600
3 600 599 591
3 592 585 593
3 593 600 592
3 593 594 602
3 602 601 593
3 594 595 603
3 603 602 594
3 595 596 604
3 604 603 595
3 596 597 605
3 605 604 596
3 597 598 606
3 606 605 597
3 598 599 607
3 607 606 598
3 599 600 608
3 608 607 599
3 600 593 601
3 601 608 600
3 601 602 610
3 610 609 601
3 602 603 611
3 611 610 602
3 603 604 612
3 612 611 603
3 604 605 613
3 613 612 604
3 605 606 614
3 614 613 605
3 606 607 615
3 615 614 606
3 607 608 616
3 616 615 607
3 608 601 609
3 609 616 608
3 609 610 618
3 618 617 609
3 610 611 619
3 619 618 610
3 611 612 620
3 620 619 611
3 612 613 621
3 621 620 612
3 613 614 622
3 622 621 613
3 614 615 623
3 623 622 614
3 615 616 624
3 624 623 615
3 616 609 617
3 617 624 616
3 617 618 626
3 626 625 617
3 618 619 627
3 627 626 618
3 619 620 628
3 628 627 619
3 620 621 629
3 629 628 620
3 621 622 630
3 630 629 621
3 622 623 631
3 631 630 622
3 623 624 632
3 632 631 623
3 624 617 625
3 625 632 624
3 625 626 634
3 634 633 625
3 626 627 635
3 635 634 626
3 627 628 636
3 636 635 627
3 628 629 637
3 637 636 628
3 629 630 638
3 638 637 629
3 630 631 639
3 639 638 630
3 631 632 640
3 640 639 631
3 632 625 633
3 633 640 632
3 633 634 642
3 642 641 633
3 634 635 643
3 643 642 634
3 635 636 644
3 644 643 635
3 636 637 645
3 645 644 636
3 637 638 646
3 646 645 637
3 638 639 647
3 647 646 638
3 639 640 648
3 648 647 639
3 640 633 641
3 641 648 640
3 641 642 650
3 650 649 641
3 642 643 651
3 651 650 642
3 643 644 652
3 652 651 643
3 644 645 653
3 653 652 644
3 645 646 654
3 654 653 645
3 646 647 655
3 655 654 646
3 647 648 656
3 656 655 647
3 648 641 649
3 649 656 648
3 649 650 658
3 658 657 649
3 650 651 659
3 659 658 650
3 651 652 660
3 660 659 651
3 652 653 661
3 661 660 652
3 653 654 662
3 662 661 653
3 654 655 663
3 663 662 654
3 655 656 664
3 664 663 655
3 656 649 657
3 657 664 656
3 657 658 666
3 666 665 657
3 658 659 667
3 667 666 658
3 659 660 668
3 668 667 659
3 660 661 669
3 669 668 660
3 661 662 670
3 670 669 661
3 662 663 671
3 671 670 662
3 663 664 672
3 672 671 663
3 664 657 665
3 665 672 664
3 665 666 674
3 674 673 665
3 666 667 675
3 675 674 666
3 667 668 676
3 676 675 667
3 668 669 677
3 677 676 668
3 669 670 678
3 678 677 669
3 670 671 679
3 679 678 670
3 671 672 680
3 680 679 671
3 672 665 673
3 673 680 672
3 673 674 682
3 682 681 673
3 674 675 683
3 683 682 674
3 675 676 684
3 684 683 675
3 676 677 685
3 685 684 676
3 677 678 686
3 686 685 677
3 678 679 687
3 687 686 678
3 679 680 688
3 688 687 679
3 680 673 681
3 681 688 680
3 681 682 690
3 690 689 681
3 682 683 691
3 691 690 682
3 683 684 692
3 692 691 683
3 684 685 693
3 693 692 684
3 685 686 694
3 694 693 685
3 686 687 695
3 695 694 686
3 687 688 696
3 696 695 687
3 688 681 689
3 689 696 688
3 689 690 698
3 698 697 689
3 690 691 699
3 699 698 690
3 691 692 700
3 700 699 691
3 692 693 701
3 701 700 692
3 693 694 702
3 702 701 693
3 694 695 703
3 703 702 694
3 695 696 704
3 704 703 695
3 696 689 697
3 697 704 696
3 697 698 706
3 706 705 697
3 698 699 707
3 707 706 698
3 699 700 708
3 708 707 699
3 700 701 709
3 709 708 700
3 701 702 710
3 710 709 701
3 702 703 711
3 711 710 702
3 703 704 712
3 712 711 703
3 704 697 705
3 705 712 704
3 705 706 714
3 714 713 705
3 706 707 715
3 715 714 706
3 707 708 716
3 716 715 707
3 708 709 717
3 717 716 708
3 709 710 718
3 718 717 709
3 710 711 719
3 719 718 710
3 711 712 720
3 720 719 711
3 712 705 713
3 713 720 712
3 713 714 722
3 722 721 713
3 714 715 723
3 723 722 714
3 715 716 724
3 724 723 715
3 716 717 725
3 725 724 716
3 717 718 726
3 726 725 717
3 718 719 727
3 727 726 718
3 719 720 728
3 728 727 719
3 720 713 721
3 721 728 720
3 721 722 730
3 730 729 721
3 722 723 731
3 731 730 722
3 723 724 732
3 732 731 723
3 724 725 733
3 733 732 724
3 725 726 734
3 734 733 725
3 726 727 735
3 735 734 726
3 727 728 736
3 736 735 727
3 728 721 729
3 729 736 728
3 729 730 738
3 738 737 729
3 730 731 739
3 739 738 730
3 731 732 740
3 740 739 731
3 732 733 741
3 741 740 732
3 733 734 742
3 742 741 733
3 734 735 743
3 743 742 734
3 735 736 744
3 744 743 735
3 736 729 737
3 737 744 736
3 737 738 746
3 746 745 737
3 738 739 747
3 747 746 738
3 739 740 748
3 748 747 739
3 740 741 749
3 749 748 740
3 741 742 750
3 750 749 741
3 742 743 751
3 751 750 742
3 743 744 752
3 752 751 743
3 744 737 745
3 745 752 744
3 745 746 754
3 754 753 745
3 746 747 755
3 755 754 746
3 747 748 756
3 756 755 747
3 748 749 757
3 757 756 748
3 749 750 758
3 758 757 749
3 750 751 759
3 759 758 750
3 751 752 760
3 760 759 751
3 752 745 753
3 753 760 752
3 753 754 762
3 762 761 753
3 754 755 763
3 763 762 754
3 755 756 764
3 764 763 755
3 756 757 765
3 765 764 756
3 757 758 766
3 766 765 757
3 758 759 767
3 767 766 758
3 759 760 768
3 768 767 759
3 760 753 761
3 761 768 760
3 761 762 770
3 770 769 761
3 762 763 771
3 771 770 762
3 763 764 772
3 772 771 763
3 764 765 773
3 773 772 764
3 765 766 774
3 774 773 765
3 766 767 775
3 775 774 766
3 767 768 776
3 776 775 767
3 768 761 769
3 769 776 768
3 769 770 778
3 778 777 769
3 770 771 779
3 779 778 770
3 771 772 780
3 780 779 771
3 772 773 781
3 781 780 772
3 773 774 782
3 782 781 773
3 774 775 783
3 783 782 774
3 775 776 784
3 784 783 775
3 776 769 777
3 777 784 776
3 777 778 786
3 786 785 777
3 778 779 787
3 787 786 778
3 779 780 788
3 788 787 779
3 780 781 789
3 789 788 780
3 781 782 790
3 790 789 781
3 782 783 791
3 791 790 782
3 783 784 792
3 792 791 783
3 784 777 785
3 785 792 784
3 785 786 794
3 794 793 785
3 786 787 795
3 795 794 786
3 787 788 796
3 796 795 787
3 788 789 797
3 797 796 788
3 789 790 798
3 798 797 789
3 790 791 799
3 799 798 790
3 791 792 800
3 800 799 791
3 792 785 793
3 793 800 792
3 793 794 802
3 802 801 793
3 794 795 803
3 803 802 794
3 795 796 804
3 804 803 795
3 796 797 805
3 805 804 796
3 797 798 806
3 806 805 797
3 798 799 807
3 807 806 798
3 799 800 808
3 808 807 799
3 800 793 801
3 801 808 800
3 801 802 810
3 810 809 801
3 802 803 811
3 811 810 802
3 803 804 812
3 812 811 803
3 804 805 813
3 813 812 804
3 805 806 814
3 814 813 805
3 806 807 815
3 815 814 806
3 807 808 816
3 816 815 807
3 808 801 809
3 809 816 808
3 809 810 818
3 818 817 809
3 810 811 819
3 819 818 810
3 811 812 820
3 820 819 811
3 812 813 821
3 821 820 812
3 813 814 822
3 822 821 813
3 814 815 823
3 823 822 814
3 815 816 824
3 824 823 815
3 816 809 817
3 817 824 816
3 817 818 826
3 826 825 817
3 818 819 827
3 827 826 818
3 819 820 828
3 828 827 819
3 820 821 829
3 829 828 820
3 821 822 830
3 830 829 821
3 822 823 831
3 831 830 822
3 823 824 832
3 832 831 823
3 824 817 825
3 825 832 824
3 825 826 834
3 834 833 825
3 826 827 835
3 835 834 826
3 827 828 836
3 836 835 827
3 828 829 837
3 837 836 828
3 829 830 838
3 838 837 829
3 830 831 839
3 839 838 830
3 831 832 840
3 840 839 831
3 832 825 833
3 833 840 832
3 833 834 842
3 842 841 833
3 834 835 843
3 843 842 834
3 835 836 844
3 844 843 835
3 836 837 845
3 845 844 836
3 837 838 846
3 846 845 837
3 838 839 847
3 847 846 838
3 839 840 848
3 848 847 839
3 840 833 841
3 841 848 840
3 841 842 850
3 850 849 841
3 842 843 851
3 851 850 842
3 843 844 852
3 852 851 843
3 844 845 853
3 853 852 844
3 845 846 854
3 854 853 845
3 846 847 855
3 855 854 846
3 847 848 856
3 856 855 847
3 848 841 849
3 849 856 848
3 849 850 858
3 858 857 849
3 850 851 859
3 859 858 850
3 851 852 860
3 860 859 851
3 852 853 861
3 861 860 852
3 853 854 862
3 862 861 853
3 854 855 863
3 863 862 854
3 855 856 864
3 864 863 855
3 856 849 857
3 857 864 856
3 857 858 866
3 866 865 857
3 858 859 867
3 867 866 858
3 859 860 868
3 868 867 859
3 860 861 869
3 869 868 860
3 861 862 870
3 870 869 861
3 862 863 871
3 871 870 862
3 863 864 872
3 872 871 863
3 864 857 865
3 865 872 864
3 865 866 874
3 874 873 865
3 866 867 875
3 875 874 866
3 867 868 876
3 876 875 867
3 868 869 877
3 877 876 868
3 869 870 878
3 878 877 869
3 870 871 879
3 879 878 870
3 871 872 880
3 880 879 871
3 872 865 873
3 873 880 872
3 873 874 882
3 882 881 873
3 874 875 883
3 883 882 874
3 875 876 884
3 884 883 875
3 876 877 885
3 885 884 876
3 877 878 886
3 886 885 877
3 878 879 887
3 887 886 878
3 879 880 888
3 888 887 879
3 880 873 881
3 881 888 880
3 881 882 890
3 890 889 881
3 882 883 891
3 891 890 882
3 883 884 892
3 892 891 883
3 884 885 893
3 893 892 884
3 885 886 894
3 894 893 885
3 886 887 895
3 895 894 886
3 887 888 896
3 896 895 887
3 888 881 889
3 889 896 888
3 889 890 898
3 898 897 889
3 890 891 899
3 899 898 890
3 891 892 900
3 900 899 891
3 892 893 901
3 901 900 892
3 893 894 902
3 902 901 893
3 894 895 903
3 903 902 894
3 895 896 904
3 904 903 895
3 896 889 897
3 897 904 896
3 897 898 906
3 906 905 897
3 898 899 907
3 907 906 898
3 899 900 908
3 908 907 899
3 900 901 909
3 909 908 900
3 901 902 910
3 910 909 901
3 902 903 911
3 911 910 902
3 903 904 912
3 912 911 903
3 904 897 905
3 905 912 904
3 905 906 914
3 914 913 905
3 906 907 915
3 915 914 906
3 907 908 916
3 916 915 907
3 908 909 917
3 917 916 908
3 909 910 918
3 918 917 909
3 910 911 919
3 919 918 910
3 911 912 920
3 920 919 911
3 912 905 913
3 913 920 912
3 913 914 922
3 922 921 913
3 914 915 923
3 923 922 914
3 915 916 924
3 924 923 915
3 916 917 925
3 925 924 916
3 917 918 926
3 926 925 917
3 918 919 927
3 927 926 918
3 919 920 928
3 928 927 919
3 920 913 921
3 921 928 920
3 921 922 930
3 930 929 921
3 922 923 931
3 931 930 922
3 923 924 932
3 932 931 923
3 924 925 933
3 933 932 924
3 925 926 934
3 934 933 925
3 926 927 935
3 935 934 926
3 927 928 936
3 936 935 927
3 928 921 929
3 929 936 928
3 929 930 938
3 938 937 929
3 930 931 939
3 939 938 930
3 931 932 940
3 940 939 931
3 932 933 941
3 941 940 932
3 933 934 942
3 942 941 933
3 934 935 943
3 943 942 934
3 935 936 944
3 944 943 935
3 936 929 937
3 937 944 936
3 937 938 946
3 946 945 937
3 938 939 947
3 947 946 938
3 939 940 948
3 948 947 939
3 940 941 949
3 949 948 940
3 941 942 950
3 950 949 941
3 942 943 951
3 951 950 942
3 943 944 952
3 952 951 943
3 944 937 945
3 945 952 944
3 945 946 954
3 954 953 945
3 946 947 955
3 955 954 946
3 947 948 956
3 956 955 947
3 948 949 957
3 957 956 948
3 949 950 958
3 958 957 949
3 950 951 959
3 959 958 950
3 951 952 960
3 960 959 951
3 952 945 953
3 953 960 952
3 953 954 962
3 962 961 953
3 954 955 963
3 963 962 954
3 955 956 964
3 964 963 955
3 956 957 965
3 965 964 956
3 957 958 966
3 966 965 957
3 958 959 967
3 967 966 958
3 959 960 968
3 968 967 959
3 960 953 961
3 961 968 960
3 961 962 970
3 970 969 961
3 962 963 971
3 971 970 962
3 963 964 972
3 972 971 963
3 964 965 973
3 973 972 964
3 965 966 974
3 974 973 965
3 966 967 975
3 975 974 966
3 967 968 976
3 976 975 967
3 968 961 969
3 969 976 968
3 969 970 978
3 978 977 969
3 970 971 979
3 979 978 970
3 971 972 980
3 980 979 971
3 972 973 981
3 981 980 972
3 973 974 982
3 982 981 973
3 974 975 983
3 983 982 974
3 975 976 984
3 984 983 975
3 976 969 977
3 977 984 976
3 977 978 986
3 986 985 977
3 978 979 987
3 987 986 978
3 979 980 988
3 988 987 979
3 980 981 989
3 989 988 980
3 981 982 990
3 990 989 981
3 982 983 991
3 991 990 982
3 983 984 992
3 992 991 983
3 984 977 985
3 985 992 984
3 985 986 994
3 994 993 985
3 986 987 995
3 995 994 986
3 987 988 996
3 996 995 987
3 988 989 997
3 997 996 988
3 989 990 998
3 998 997 989
3 990 991 999
3 999 998 990
3 991 992 1000
3 1000 999 991
3 992 985 993
3 993 1000 992
3 993 994 1002
3 1002 1001 993
3 994 995 1003
3 1003 1002 994
3 995 996 1004
3 1004 1003 995
3 996 997 1005
3 1005 1004 996
3 997 998 1006
3 1006 1005 997
3 998 999 1007
3 1007 1006 998
3 999 1000 1008
3 1008 1007 999
3 1000 993 1001
3 1001 1008 1000
3 1001 1002 1010
3 1010 1009 1001
3 1002 1003 1011
3 1011 1010 1002
3 1003 1004 1012
3 1012 1011 1003
3 1004 1005 1013
3 1013 1012 1004
3 1005 1006 1014
3 1014 1013 1005
3 1006 1007 1015
3 1015 1014 1006
3 1007 1008 1016
3 1016 1015 1007
3 1008 1001 1009
3 1009 1016 1008
3 1009 1010 1018
3 1018 1017 1009
3 1010 1011 1019
3 1019 1018 1010
3 1011 1012 1020
3 1020 1019 1011
3 1012 1013 1021
3 1021 1020 1012
3 1013 1014 1022
3 1022 1021 1013
3 1014 1015 1023
3 1023 1022 1014
3 1015 1016 1024
3 1024 1023 1015
3 1016 1009 1017
3 1017 1024 1016
3 1017 1018 1026
3 1026 1025 1017
3 1018 1019 1027
3 1027 1026 1018
3 1019 1020 1028
3 1028 1027 1019
3 1020 1021 1029
3 1029 1028 1020
3 1021 1022 1030
3 1030 1029 1021
3 1022 1023 1031
3 1031 1030 1022
3 1023 1024 1032
3 1032 1031 1023
3 1024 1017 1025
3 1025 1032 1024
3 1025 1026 1034
3 1034 1033 1025
3 1026 1027 1035
3 1035 1034 1026
3 1027 1028 1036
3 1036 1035 1027
3 1028 1029 1037
3 1037 1036 1028
3 1029 1030 1038
3 1038 1037 1029
3 1030 1031 1039
3 1039 1038 1030
3 1031 1032 1040
3 1040 1039 1031
3 1032 1025 1033
3 1033 1040 1032
3 1033 1034 1042
3 1042 1041 1033
3 1034 1035 1043
3 1043 1042 1034
3 1035 1036 1044
3 1044 1043 1035
3 1036 1037 1045
3 1045 1044 1036
3 1037 1038 1046
3 1046 1045 1037
3 1038 1039 1047
3 1047 1046 1038
3 1039 1040 1048
3 1048 1047 1039
3 1040 1033 1041
3 1041 1048 1040
3 1041 1042 1050
3 1050 1049 1041
3 1042 1043 1051
3 1051 1050 1042
3 1043 1044 1052
3 1052 1051 1043
3 1044 1045 1053
3 1053 1052 1044
3 1045 1046 1054
3 1054 1053 1045
3 1046 1047 1055
3 1055 1054 1046
3 1047 1048 1056
3 1056 1055 1047
3 1048 1041 1049
3 1049 1056 1048
3 1049 1050 1058
3 1058 1057 1049
3 1050 1051 1059
3 1059 1058 1050
3 1051 1052 1060
3 1060 1059 1051
3 1052 1053 1061
3 1061 1060 1052
3 1053 1054 1062
3 1062 1061 1053
3 1054 1055 1063
3 1063 1062 1054
3 1055 1056 1064
3 1064 1063 1055
3 1056 1049 1057
3 1057 1064 1056
3 1057 1058 1066
3 1066 1065 1057
3 1058 1059 1067
3 1067 1066 1058
3 1059 1060 1068
3 1068 1067 1059
3 1060 1061 1069
3 1069 1068 1060
3 1061 1062 1070
3 1070 1069 1061
3 1062 1063 1071
3 1071 1070 1062
3 1063 1064 1072
3 1072 1071 1063
3 1064 1057 1065
3 1065 1072 1064
3 1065 1066 1074
3 1074 1073 1065
3 1066 1067 1075
3 1075 1074 1066
3 1067 1068 1076
3 1076 1075 1067
3 1068 1069 1077
3 1077 1076 1068
3 1069 1070 1078
3 1078 1077 1069
3 1070 1071 1079
3 1079 1078 1070
3 1071 1072 1080
3 1080 1079 1071
3 1072 1065 1073
3 1073 1080 1072
3 1073 1074 1082
3 1082 1081 1073
3 1074 1075 1083
3 1083 1082 1074
3 1075 1076 1084
3 1084 1083 1075
3 1076 1077 1085
3 1085 1084 1076
3 1077 1078 1086
3 1086 1085 1077
3 1078 1079 1087
3 1087 1086 1078
3 1079 1080 1088
3 1088 1087 1079
3 1080 1073 1081
3 1081 1088 1080
3 1081 1082 1090
3 1090 1089 1081
3 1082 1083 1091
3 1091 1090 1082
3 1083 1084 1092
3 1092 1091 1083
3 1084 1085 1093
3 1093 1092 1084
3 1085 1086 1094
3 1094 1093 1085
3 1086 1087 1095
3 1095 1094 1086
3 1087 1088 1096
3 1096 1095 1087
3 1088 1081 1089
3 1089 1096 1088
3 1089 1090 1098
3 1098 1097 1089
3 1090 1091 1099
3 1099 1098 1090
3 1091 1092 1100
3 1100 1099 1091
3 1092 1093 1101
3 1101 1100 1092
3 1093 1094 1102
3 1102 1101 1093
3 1094 1095 1103
3 1103 1102 1094
3 1095 1096 1104
3 1104 1103 1095
3 1096 1089 1097
3 1097 1104 1096
3 1097 1098 1106
3 1106 1105 1097
3 1098 1099 1107
3 1107 1106 1098
3 1099 1100 1108
3 1108 1107 1099
3 1100 1101 1109
3 1109 1108 1100
3 1101 1102 1110
3 1110 1109 1101
3 1102 1103 1111
3 1111 1110 1102
3 1103 1104 1112
3 1112 1111 1103
3 1104 1097 1105
3 1105 1112 1104
3 1105 1106 1114
3 1114 1113 1105
3 1106 1107 1115
3 1115 1114 1106
3 1107 1108 1116
3 1116 1115 1107
3 1108 1109 1117
3 1117 1116 1108
3 1109 1110 1118
3 1118 1117 1109
3 1110 1111 1119
3 1119 1118 1110
3 1111 1112 1120
3 1120 1119 1111
3 1112 1105 1113
3 1113 1120 1112
3 1113 1114 1122
3 1122 1121 1113
3 1114 1115 1123
3 1123 1122 1114
3 1115 1116 1124
3 1124 1123 1115
3 1116 1117 1125
3 1125 1124 1116
3 1117 1118 1126
3 1126 1125 1117
3 1118 1119 1127
3 1127 1126 1118
3 1119 1120 1128
3 1128 1127 1119
3 1120 1113 1121
3 1121 1128 1120
3 1121 1122 1130
3 1130 1129 1121
3 1122 1123 1131
3 1131 1130 1122
3 1123 1124 1132
3 1132 1131 1123
3 1124 1125 1133
3 1133 1132 1124
3 1125 1126 1134
3 1134 1133 1125
3 1126 1127 1135
3 1135 1134 1126
3 1127 1128 1136
3 1136 1135 1127
3 1128 1121 1129
3 1129 1136 1128
3 1129 1130 1138
3 1138 1137 1129
3 1130 1131 1139
3 1139 1138 1130
3 1131 1132 1140
3 1140 1139 1131
3 1132 1133 1141
3 1141 1140 1132
3 1133 1134 1142
3 1142 1141 1133
3 1134 1135 1143
3 1143 1142 1134
3 1135 1136 1144
3 1144 1143 1135
3 1136 1129 1137
3 1137 1144 1136
3 1137 1138 1146
3 1146 1145 1137
3 1138 1139 1147
3 1147 1146 1138
3 1139 1140 1148
3 1148 1147 1139
3 1140 1141 1149
3 1149 1148 1140
3 1141 1142 1150
3 1150 1149 1141
3 1142 1143 1151
3 1151 1150 1142
3 1143 1144 1152
3 1152 1151 1143
3 1144 1137 1145
3 1145 1152 1144
3 1145 1146 1154
3 1154 1153 1145
3 1146 1147 1155
3 1155 1154 1146
3 1147 1148 1156
3 1156 1155 1147
3 1148 1149 1157
3 1157 1156 1148
3 1149 1150 1158
3 1158 1157 1149
3 1150 1151 1159
3 1159 1158 1150
3 1151 1152 1160
3 1160 1159 1151
3 1152 1145 1153
3 1153 1160 1152
3 1153 1154 1162
3 1162 1161 1153
3 1154 1155 1163
3 1163 1162 1154
3 1155 1156 1164
3 1164 1163 1155
3 1156 1157 1165
3 1165 1164 1156
3 1157 1158 1166
3 1166 1165 1157
3 1158 1159 1167
3 1167 1166 1158
3 1159 1160 1168
3 1168 1167 1159
3 1160 1153 1161
3 1161 1168 1160
3 1161 1162 1170
3 1170 1169 1161
3 1162 1163 1171
3 1171 1170 1162
3 1163 1164 1172
3 1172 1171 1163
3 1164 1165 1173
3 1173 1172 1164
3 1165 1166 1174
3 1174 1173 1165
3 1166 1167 1175
3 1175 1174 1166
3 1167 1168 1176
3 1176 1175 1167
3 1168 1161 1169
3 1169 1176 1168
3 1169 1170 1178
3 1178 1177 1169
3 1170 1171 1179
3 1179 1178 1170
3 1171 1172 1180
3 1180 1179 1171
3 1172 1173 1181
3 1181 1180 1172
3 1173 1174 1182
3 1182 1181 1173
3 1174 1175 1183
3 1183 1182 1174
3 1175 1176 1184
3 1184 1183 1175
3 1176 1169 1177
3 1177 1184 1176
3 1177 1178 1186
3 1186 1185 1177
3 1178 1179 1187
3 1187 1186 1178
3 1179 1180 1188
3 1188 1187 1179
3 1180 1181 1189
3 1189 1188 1180
3 1181 1182 1190
3 1190 1189 1181
3 1182 1183 1191
3 1191 1190 1182
3 1183 1184 1192
3 1192 1191 1183
3 1184 1177 1185
3 1185 1192 1184
3 1185 1186 1194
3 1194 1193 1185
3 1186 1187 1195
3 1195 1194 1186
3 1187 1188 1196
3 1196 1195 1187
3 1188 1189 1197
3 1197 1196 1188
3 1189 1190 1198
3 1198 1197 1189
3 1190 1191 1199
3 1199 1198 1190
3 1191 1192 1200
3 1200 1199 1191
3 1192 1185 1193
3 1193 1200 1192
3 1193 1194 1202
3 1202 1201 1193
3 1194 1195 1203
3 1203 1202 1194
3 1195 1196 1204
3 1204 1203 1195
3 1196 1197 1205
3 1205 1204 1196
3 1197 1198 1206
3 1206 1205 1197
3 1198 1199 1207
3 1207 1206 1198
3 1199 1200 1208
3 1208 1207 1199
3 1200 1193 1201
3 1201 1208 1200
3 1201 1202 1210
3 1210 1209 1201
3 1202 1203 1211
3 1211 1210 1202
3 1203 1204 1212
3 1212 1211 1203
3 1204 1205 1213
3 1213 1212 1204
3 1205 1206 1214
3 1214 1213 1205
3 1206 1207 1215
3 1215 1214 1206
3 1207 1208 1216
3 1216 1215 1207
3 1208 1201 1209
3 1209 1216 1208
3 1209 1210 1218
3 1218 1217 1209
3 1210 1211 1219
3 1219 1218 1210
3 1211 1212 1220
3 1220 1219 1211
3 1212 1213 1221
3 1221 1220 1212
3 1213 1214 1222
3 1222 1221 1213
3 1214 1215 1223
3 1223 1222 1214
3 1215 1216 1224
3 1224 1223 1215
3 1216 1209 1217
3 1217 1224 1216
3 1217 1218 1226
3 1226 1225 1217
3 1218 1219 1227
3 1227 1226 1218
3 1219 1220 1228
3 1228 1227 1219
3 1220 1221 1229
3 1229 1228 1220
3 1221 1222 1230
3 1230 1229 1221
3 1222 1223 1231
3 1231 1230 1222
3 1223 1224 1232
3 1232 1231 1223
3 1224 1217 1225
3 1225 1232 1224
3 1225 1226 1234
3 1234 1233 1225
3 1226 1227 1235
3 1235 1234 1226
3 1227 1228 1236
3 1236 1235 1227
3 1228 1229 1237
3 1237 1236 1228
3 1229 1230 1238
3 1238 1237 1229
3 1230 1231 1239
3 1239 1238 1230
3 1231 1232 1240
3 1240 1239 1231
3 1232 1225 1233
3 1233 1240 1232
3 1233 1234 1242
3 1242 1241 1233
3 1234 1235 1243
3 1243 1242 1234
3 1235 1236 1244
3 1244 1243 1235
3 1236 1237 1245
3 1245 1244 1236
3 1237 1238 1246
3 1246 1245 1237
3 1238 1239 1247
3 1247 1246 1238
3 1239 1240 1248
3 1248 1247 1239
3 1240 1233 1241
3 1241 1248 1240
3 1241 1242 1250
3 1250 1249 1241
3 1242 1243 1251
3 1251 1250 1242
3 1243 1244 1252
3 1252 1251 1243
3 1244 1245 1253
3 1253 1252 1244
3 1245 1246 1254
3 1254 1253 1245
3 1246 1247 1255
3 1255 1254 1246
3 1247 1248 1256
3 1256 1255 1247
3 1248 1241 1249
3 1249 1256 1248
3 1249 1250 1258
3 1258 1257 1249
3 1250 1251 1259
3 1259 1258 1250
3 1251 1252 1260
3 1260 1259 1251
3 1252 1253 1261
3 1261 1260 1252
3 1253 1254 1262
3 1262 1261 1253
3 1254 1255 1263
3 1263 1262 1254
3 1255 1256 1264
3 1264 1263 1255
3 1256 1249 1257
3 1257 1264 1256
3 1257 1258 1266
3 1266 1265 1257
3 1258 1259 1267
3 1267 1266 1258
3 1259 1260 1268
3 1268 1267 1259
3 1260 1261 1269
3 1269 1268 1260
3 1261 1262 1270
3 1270 1269 1261
3 1262 1263 1271
3 1271 1270 1262
3 1263 1264 1272
3 1272 1271 1263
3 1264 1257 1265
3 1265 1272 1264
3 1265 1266 1274
3 1274 1273 1265
3 1266 1267 1275
3 1275 1274 1266
3 1267 1268 1276
3 1276 1275 1267
3 1268 1269 1277
3 1277 1276 1268
3 1269 1270 1278
3 1278 1277 1269
3 1270 1271 1279
3 1279 1278 1270
3 1271 1272 1280
3 1280 1279 1271
3 1272 1265 1273
3 1273 1280 1272
3 1273 1274 1282
3 1282 1281 1273
3 1274 1275 1283
3 1283 1282 1274
3 1275 1276 1284
3 1284 1283 1275
3 1276 1277 1285
3 1285 1284 1276
3 1277 1278 1286
3 1286 1285 1277
3 1278 1279 1287
3 1287 1286 1278
3 1279 1280 1288
3 1288 1287 1279
3 1280 1273 1281
3 1281 1288 1280
3 1281 1282 1290
3 1290 1289 1281
3 1282 1283 1291
3 1291 1290 1282
3 1283 1284 1292
3 1292 1291 1283
3 1284 1285 1293
3 1293 1292 1284
3 1285 1286 1294
3 1294 1293 1285
3 1286 1287 1295
3 1295 1294 1286
3 1287 1288 1296
3 1296 1295 1287
3 1288 1281 1289
3 1289 1296 1288
3 1289 1290 1298
3 1298 1297 1289
3 1290 1291 1299
3 1299 1298 1290
3 1291 1292 1300
3 1300 1299 1291
3 1292 1293 1301
3 1301 1300 1292
3 1293 1294 1302
3 1302 1301 1293
3 1294 1295 1303
3 1303 1302 1294
3 1295 1296 1304
3 1304 1303 1295
3 1296 1289 1297
3 1297 1304 1296
3 1297 1298 1306
3 1306 1305 1297
3 1298 1299 1307
3 1307 1306 1298
3 1299 1300 1308
3 1308 1307 1299
3 1300 1301 1309
3 1309 1308 1300
3 1301 1302 1310
3 1310 1309 1301
3 1302 1303 1311
3 1311 1310 1302
3 1303 1304 1312
3 1312 1311 1303
3 1304 1297 1305
3 1305 1312 1304
3 1305 1306 1314
3 1314 1313 1305
3 1306 1307 1315
3 1315 1314 1306
3 1307 1308 1316
3 1316 1315 1307
3 1308 1309 1317
3 1317 1316 1308
3 1309 1310 1318
3 1318 1317 1309
3 1310 1311 1319
3 1319 1318 1310
3 1311 1312 1320
3 1320 1319 1311
3 1312 1305 1313
3 1313 1320 1312
3 1313 1314 1322
3 1322 1321 1313
3 1314 1315 1323
3 1323 1322 1314
3 1315 1316 1324
3 1324 1323 1315
3 1316 1317 1325
3 1325 1324 1316
3 1317 1318 1326
3 1326 1325 1317
3 1318 1319 1327
3 1327 1326 1318
3 1319 1320 1328
3 1328 1327 1319
3 1320 1313 1321
3 1321 1328 1320
3 1321 1322 1330
3 1330 1329 1321
3 1322 1323 1331
3 1331 1330 1322
3 1323 1324 1332
3 1332 1331 1323
3 1324 1325 1333
3 1333 1332 1324
3 1325 1326 1334
3 1334 1333 1325
3 1326 1327 1335
3 1335 1334 1326
3 1327 1328 1336
3 1336 1335 1327
3 1328 1321 1329
3 1329 1336 1328
3 1329 1330 1338
3 1338 1337 1329
3 1330 1331 1339
3 1339 1338 1330
3 1331 1332 1340
3 1340 1339 1331
3 1332 1333 1341
3 1341 1340 1332
3 1333 1334 1342
3 1342 1341 1333
3 1334 1335 1343
3 1343 1342 1334
3 1335 1336 1344
3 1344 1343 1335
3 1336 1329 1337
3 1337 1344 1336
3 1337 1338 1346
3 1346 1345 1337
3 1338 1339 1347
3 1347 1346 1338
3 1339 1340 1348
3 1348 1347 1339
3 1340 1341 1349
3 1349 1348 1340
3 1341 1342 1350
3 1350 1349 1341
3 1342 1343 1351
3 1351 1350 1342
3 1343 1344 1352
3 1352 1351 1343
3 1344 1337 1345
3 1345 1352 1344
3 1345 1346 1354
3 1354 1353 1345
3 1346 1347 1355
3 1355 1354 1346
3 1347 1348 1356
3 1356 1355 1347
3 1348 1349 1357
3 1357 1356 1348
3 1349 1350 1358
3 1358 1357 1349
3 1350 1351 1359
3 1359 1358 1350
3 1351 1352 1360
3 1360 1359 1351
3 1352 1345 1353
3 1353 1360 1352
3 1353 1354 1362
3 1362 1361 1353
3 1354 1355 1363
3 1363 1362 1354
3 1355 1356 1364
3 1364 1363 1355
3 1356 1357 1365
3 1365 1364 1356
3 1357 1358 1366
3 1366 1365 1357
3 1358 1359 1367
3 1367 1366 1358
3 1359 1360 1368
3 1368 1367 1359
3 1360 1353 1361
3 1361 1368 1360
3 1361 1362 1370
3 1370 1369 1361
3 1362 1363 1371
3 1371 1370 1362
3 1363 1364 1372
3 1372 1371 1363
3 1364 1365 1373
3 1373 1372 1364
3 1365 1366 1374
3 1374 1373 1365
3 1366 1367 1375
3 1375 1374 1366
3 1367 1368 1376
3 1376 1375 1367
3 1368 1361 1369
3 1369 1376 1368
3 1369 1370 1378
3 1378 1377 1369
3 1370 1371 1379
3 1379 1378 1370
3 1371 1372 1380
3 1380 1379 1371
3 1372 1373 1381
3 1381 1380 1372
3 1373 1374 1382
3 1382 1381 1373
3 1374 1375 1383
3 1383 1382 1374
3 1375 1376 1384
3 1384 1383 1375
3 1376 1369 1377
3 1377 1384 1376
3 1377 1378 1386
3 1386 1385 1377
3 1378 1379 1387
3 1387 1386 1378
3 1379 1380 1388
3 1388 1387 1379
3 1380 1381 1389
3 1389 1388 1380
3 1381 1382 1390
3 1390 1389 1381
3 1382 1383 1391
3 1391 1390 1382
3 1383 1384 1392
3 1392 1391 1383
3 1384 1377 1385
3 1385 1392 1384
3 1385 1386 1394
3 1394 1393 1385
3 1386 1387 1395
3 1395 1394 1386
3 1387 1388 1396
3 1396 1395 1387
3 1388 1389 1397
3 1397 1396 1388
3 1389 1390 1398
3 1398 1397 1389
3 1390 1391 1399
3 1399 1398 1390
3 1391 1392 1400
3 1400 1399 1391
3 1392 1385 1393
3 1393 1400 1392
3 1393 1394 1402
3 1402 1401 1393
3 1394 1395 1403
3 1403 1402 1394
3 1395 1396 1404
3 1404 1403 1395
3 1396 1397 1405
3 1405 1404 1396
3 1397 1398 1406
3 1406 1405 1397
3 1398 1399 1407
3 1407 1406 1398
3 1399 1400 1408
3 1408 1407 1399
3 1400 1393 1401
3 1401 1408 1400
3 1401 1402 1410
3 1410 1409 1401
3 1402 1403 1411
3 1411 1410 1402
3 1403 1404 1412
3 1412 1411 1403
3 1404 1405 1413
3 1413 1412 1404
3 1405 1406 1414
3 1414 1413 1405
3 1406 1407 1415
3 1415 1414 1406
3 1407 1408 1416
3 1416 1415 1407
3 1408 1401 1409
3 1409 1416 1408
3 1409 1410 1418
3 1418 1417 1409
3 1410 1411 1419
3 1419 1418 1410
3 1411 1412 1420
3 1420 1419 1411
3 1412 1413 1421
3 1421 1420 1412
3 1413 1414 1422
3 1422 1421 1413
3 1414 1415 1423
3 1423 1422 1414
3 1415 1416 1424
3 1424 1423 1415
3 1416 1409 1417
3 1417 1424 1416
3 1417 1418 1426
3 1426 1425 1417
3 1418 1419 1427
3 1427 1426 1418
3 1419 1420 1428
3 1428 1427 1419
3 1420 1421 1429
3 1429 1428 1420
3 1421 1422 1430
3 1430 1429 1421
3 1422 1423 1431
3 1431 1430 1422
3 1423 1424 1432
3 1432 1431 1423
3 1424 1417 1425
3 1425 1432 1424
3 1425 1426 1434
3 1434 1433 1425
3 1426 1427 1435
3 1435 1434 1426
3 1427 1428 1436
3 1436 1435 1427
3 1428 1429 1437
3 1437 1436 1428
3 1429 1430 1438
3 1438 1437 1429
3 1430 1431 1439
3 1439 1438 1430
3 1431 1432 1440
3 1440 1439 1431
3 1432 1425 1433
3 1433 1440 1432
3 1441 1434 1433
3 1441 1435 1434
3 1441 1436 1435
3 1441 1437 1436
3 1441 1438 1437
3 1441 1439 1438
3 1441 1440 1439
3 1441 1433 1440

3 1442 1443 1444
3 1442 1444 1445
3 1442 1445 1446
3 1442 1446 1447
3 1442 1447 1448
3 1442 1448 1449
3 1442 1449 1450
3 1442 1450 1443

3 1443 1444 1452
3 1452 1451 1443
3 1444 1445 1453
3 1453 1452 1444
3 1445 1446 1454
3 1454 1453 1445
3 1446 1447 1455
3 1455 1454 1446
3 1447 1448 1456
3 1456 1455 1447
3 1448 1449 1457
3 1457 1456 1448
3 1449 1450 1458
3 1458 1457 1449
3 1450 1443 1451
3 1451 1458 1450
3 1451 1452 1460
3 1460 1459 1451
3 1452 1453 1461
3 1461 1460 1452
3 1453 1454 1462
3 1462 1461 1453
3 1454 1455 1463
3 1463 1462 1454
3 1455 1456 1464
3 1464 1463 1455
3 1456 1457 1465
3 1465 1464 1456
3 1457 1458 1466
3 1466 1465 1457
3 1458 1451 1459
3 1459 1466 1458
3 1467 1460 1459
3 1467 1461 1460
3 1467 1462 1461
3 1467 1463 1462
3 1467 1464 1463
3 1467 1465 1464
3 1467 1466 1465
3 1467 1459 1466

3 1468 1469 1470
3 1468 1470 1471
3 1468 1471 1472
3 1468 1472 1473
3 1468 1473 1474
3 1468 1474 1475
3 1468 1475 1476
3 1468 1476 1469

3 1469 1470 1478
3 1478 1477 1469
3 1470 1471 1479
3 1479 1478 1470
3 1471 1472 1480
3 1480 1479 1471
3 1472 1473 1481
3 1481 1480 1472
3 1473 1474 1482
3 1482 1481 1473
3 1474 1475 1483
3 1483 1482 1474
3 1475 1476 1484
3 1484 1483 1475
3 1476 1469 1477
3 1477 1484 1476
3 1477 1478 1486
3 1486 1485 1477
3 1478 1479 1487
3 1487 1486 1478
3 1479 1480 1488
3 1488 1487 1479
3 1480 1481 1489
3 1489 1488 1480
3 1481 1482 1490
3 1490 1489 1481
3 1482 1483 1491
3 1491 1490 1482
3 1483 1484 1492
3 1492 1491 1483
3 1484 1477 1485
3 1485 1492 1484
3 1485 1486 1494
3 1494 1493 1485
3 1486 1487 1495
3 1495 1494 1486
3 1487 1488 1496
3 1496 1495 1487
3 1488 1489 1497
3 1497 1496 1488
3 1489 1490 1498
3 1498 1497 1489
3 1490 1491 1499
3 1499 1498 1490
3 1491 1492 1500
3 1500 1499 1491
3 1492 1485 1493
3 1493 1500 1492
3 1493 1494 1502
3 1502 1501 1493
3 1494 1495 1503
3 1503 1502 1494
3 1495 1496 1504
3 1504 1503 1495
3 1496 1497 1505
3 1505 1504 1496
3 1497 1498 1506
3 1506 1505 1497
3 1498 1499 1507
3 1507 1506 1498
3 1499 1500 1508
3 1508 1507 1499
3 1500 1493 1501
3 1501 1508 1500
3 1501 1502 1510
3 1510 1509 1501
3 1502 1503 1511
3 1511 1510 1502
3 1503 1504 1512
3 1512 1511 1503
3 1504 1505 1513
3 1513 1512 1504
3 1505 1506 1514
3 1514 1513 1505
3 1506 1507 1515
3 1515 1514 1506
3 1507 1508 1516
3 1516 1515 1507
3 1508 1501 1509
3 1509 1516 1508
3 1509 1510 1518
3 1518 1517 1509
3 1510 1511 1519
3 1519 1518 1510
3 1511 1512 1520
3 1520 1519 1511
3 1512 1513 1521
3 1521 1520 1512
3 1513 1514 1522
3 1522 1521 1513
3 1514 1515 1523
3 1523 1522 1514
3 1515 1516 1524
3 1524 1523 1515
3 1516 1509 1517
3 1517 1524 1516
3 1517 1518 1526
3 1526 1525 1517
3 1518 1519 1527
3 1527 1526 1518
3 1519 1520 1528
3 1528 1527 1519
3 1520 1521 1529
3 1529 1528 1520
3 1521 1522 1530
3 1530 1529 1521
3 1522 1523 1531
3 1531 1530 1522
3 1523 1524 1532
3 1532 1531 1523
3 1524 1517 1525
3 1525 1532 1524
3 1525 1526 1534
3 1534 1533 1525
3 1526 1527 1535
3 1535 1534 1526
3 1527 1528 1536
3 1536 1535 1527
3 1528 1529 1537
3 1537 1536 1528
3 1529 1530 1538
3 1538 1537 1529
3 1530 1531 1539
3 1539 1538 1530
3 1531 1532 1540
3 1540 1539 1531
3 1532 1525 1533
3 1533 1540 1532
3 1533 1534 1542
3 1542 1541 1533
3 1534 1535 1543
3 1543 1542 1534
3 1535 1536 1544
3 1544 1543 1535
3 1536 1537 1545
3 1545 1544 1536
3 1537 1538 1546
3 1546 1545 1537
3 1538 1539 1547
3 1547 1546 1538
3 1539 1540 1548
3 1548 1547 1539
3 1540 1533 1541
3 1541 1548 1540
3 1541 1542 1550
3 1550 1549 1541
3 1542 1543 1551
3 1551 1550 1542
3 1543 1544 1552
3 1552 1551 1543
3 1544 1545 1553
3 1553 1552 1544
3 1545 1546 1554
3 1554 1553 1545
3 1546 1547 1555
3 1555 1554 1546
3 1547 1548 1556
3 1556 1555 1547
3 1548 1541 1549
3 1549 1556 1548
3 1549 1550 1558
3 1558 1557 1549
3 1550 1551 1559
3 1559 1558 1550
3 1551 1552 1560
3 1560 1559 1551
3 1552 1553 1561
3 1561 1560 1552
3 1553 1554 1562
3 1562 1561 1553
3 1554 1555 1563
3 1563 1562 1554
3 1555 1556 1564
3 1564 1563 1555
3 1556 1549 1557
3 1557 1564 1556
3 1557 1558 1566
3 1566 1565 1557
3 1558 1559 1567
3 1567 1566 1558
3 1559 1560 1568
3 1568 1567 1559
3 1560 1561 1569
3 1569 1568 1560
3 1561 1562 1570
3 1570 1569 1561
3 1562 1563 1571
3 1571 1570 1562
3 1563 1564 1572
3 1572 1571 1563
3 1564 1557 1565
3 1565 1572 1564
3 1565 1566 1574
3 1574 1573 1565
3 1566 1567 1575
3 1575 1574 1566
3 1567 1568 1576
3 1576 1575 1567
3 1568 1569 1577
3 1577 1576 1568
3 1569 1570 1578
3 1578 1577 1569
3 1570 1571 1579
3 1579 1578 1570
3 1571 1572 1580
3 1580 1579 1571
3 1572 1565 1573
3 1573 1580 1572
3 1573 1574 1582
3 1582 1581 1573
3 1574 1575 1583
3 1583 1582 1574
3 1575 1576 1584
3 1584 1583 1575
3 1576 1577 1585
3 1585 1584 1576
3 1577 1578 1586
3 1586 1585 1577
3 1578 1579 1587
3 1587 1586 1578
3 1579 1580 1588
3 1588 1587 1579
3 1580 1573 1581
3 1581 1588 1580
3 1581 1582 1590
3 1590 1589 1581
3 1582 1583 1591
3 1591 1590 1582
3 1583 1584 1592
3 1592 1591 1583
3 1584 1585 1593
3 1593 1592 1584
3 1585 1586 1594
3 1594 1593 1585
3 1586 1587 1595
3 1595 1594 1586
3 1587 1588 1596
3 1596 1595 1587
3 1588 1581 1589
3 1589 1596 1588
3 1589 1590 1598
3 1598 1597 1589
3 1590 1591 1599
3 1599 1598 1590
3 1591 1592 1600
3 1600 1599 1591
3 1592 1593 1601
3 1601 1600 1592
3 1593 1594 1602
3 1602 1601 1593
3 1594 1595 1603
3 1603 1602 1594
3 1595 1596 1604
3 1604 1603 1595
3 1596 1589 1597
3 1597 1604 1596
3 1605 1598 1597
3 1605 1599 1598
3 1605 1600 1599
3 1605 1601 1600
3 1605 1602 1601
3 1605 1603 1602
3 1605 1604 1603
3 1605 1597 1604

3 1606 1607 1608
3 1606 1608 1609
3 1606 1609 1610
3 1606 1610 1611
3 1606 1611 1612
3 1606 1612 1613
3 1606 1613 1614
3 1606 1614 1607

3 1607 1608 1616
3 1616 1615 1607
3 1608 1609 1617
3 1617 1616 1608
3 1609 1610 1618
3 1618 1617 1609
3 1610 1611 1619
3 1619 1618 1610
3 1611 1612 1620
3 1620 1619 1611
3 1612 1613 1621
3 1621 1620 1612
3 1613 1614 1622
3 1622 1621 1613
3 1614 1607 1615
3 1615 1622 1614
3 1615 1616 1624
3 1624 1623 1615
3 1616 1617 1625
3 1625 1624 1616
3 1617 1618 1626
3 1626 1625 1617
3 1618 1619 1627
3 1627 1626 1618
3 1619 1620 1628
3 1628 1627 1619
3 1620 1621 1629
3 1629 1628 1620
3 1621 1622 1630
3 1630 1629 1621
3 1622 1615 1623
3 1623 1630 1622
3 1623 1624 1632
3 1632 1631 1623
3 1624 1625 1633
3 1633 1632 1624
3 1625 1626 1634
3 1634 1633 1625
3 1626 1627 1635
3 1635 1634 1626
3 1627 1628 1636
3 1636 1635 1627
3 1628 1629 1637
3 1637 1636 1628
3 1629 1630 1638
3 1638 1637 1629
3 1630 1623 1631
3 1631 1638 1630
3 1631 1632 1640
3 1640 1639 1631
3 1632 1633 1641
3 1641 1640 1632
3 1633 1634 1642
3 1642 1641 1633
3 1634 1635 1643
3 1643 1642 1634
3 1635 1636 1644
3 1644 1643 1635
3 1636 1637 1645
3 1645 1644 1636
3 1637 1638 1646
3 1646 1645 1637
3 1638 1631 1639
3 1639 1646 1638
3 1639 1640 1648
3 1648 1647 1639
3 1640 1641 1649
3 1649 1648 1640
3 1641 1642 1650
3 1650 1649 1641
3 1642 1643 1651
3 1651 1650 1642
3 1643 1644 1652
3 1652 1651 1643
3 1644 1645 1653
3 1653 1652 1644
3 1645 1646 1654
3 1654 1653 1645
3 1646 1639 1647
3 1647 1654 1646
3 1655 1648 1647
3 1655 1649 1648
3 1655 1650 1649
3 1655 1651 1650
3 1655 1652 1651
3 1655 1653 1652
3 1655 1654 1653
3 1655 1647 1654

3 1656 1657 1658
3 1656 1658 1659
3 1656 1659 1660
3 1656 1660 1661
3 1656 1661 1662
3 1656 1662 1663
3 1656 1663 1664
3 1656 1664 1657

3 1657 1658 1666
3 1666 1665 1657
3 1658 1659 1667
3 1667 1666 1658
3 1659 1660 1668
3 1668 1667 1659
3 1660 1661 1669
3 1669 1668 1660
3 1661 1662 1670
3 1670 1669 1661
3 1662 1663 1671
3 1671 1670 1662
3 1663 1664 1672
3 1672 1671 1663
3 1664 1657 1665
3 1665 1672 1664
3 1665 1666 1674
3 1674 1673 1665
3 1666 1667 1675
3 1675 1674 1666
3 1667 1668 1676
3 1676 1675 1667
3 1668 1669 1677
3 1677 1676 1668
3 1669 1670 1678
3 1678 1677 1669
3 1670 1671 1679
3 1679 1678 1670
3 1671 1672 1680
3 1680 1679 1671
3 1672 1665 1673
3 1673 1680 1672
3 1673 1674 1682
3 1682 1681 1673
3 1674 1675 1683
3 1683 1682 1674
3 1675 1676 1684
3 1684 1683 1675
3 1676 1677 1685
3 1685 1684 1676
3 1677 1678 1686
3 1686 1685 1677
3 1678 1679 1687
3 1687 1686 1678
3 1679 1680 1688
3 1688 1687 1679
3 1680 1673 1681
3 1681 1688 1680
3 1681 1682 1690
3 1690 1689 1681
3 1682 1683 1691
3 1691 1690 1682
3 1683 1684 1692
3 1692 1691 1683
3 1684 1685 1693
3 1693 1692 1684
3 1685 1686 1694
3 1694 1693 1685
3 1686 1687 1695
3 1695 1694 1686
3 1687 1688 1696
3 1696 1695 1687
3 1688 1681 1689
3 1689 1696 1688
3 1689 1690 1698
3 1698 1697 1689
3 1690 1691 1699
3 1699 1698 1690
3 1691 1692 1700
3 1700 1699 1691
3 1692 1693 1701
3 1701 1700 1692
3 1693 1694 1702
3 1702 1701 1693
3 1694 1695 1703
3 1703 1702 1694
3 1695 1696 1704
3 1704 1703 1695
3 1696 1689 1697
3 1697 1704 1696
3 1697 1698 1706
3 1706 1705 1697
3 1698 1699 1707
3 1707 1706 1698
3 1699 1700 1708
3 1708 1707 1699
3 1700 1701 1709
3 1709 1708 1700
3 1701 1702 1710
3 1710 1709 1701
3 1702 1703 1711
3 1711 1710 1702
3 1703 1704 1712
3 1712 1711 1703
3 1704 1697 1705
3 1705 1712 1704
3 1705 1706 1714
3 1714 1713 1705
3 1706 1707 1715
3 1715 1714 1706
3 1707 1708 1716
3 1716 1715 1707
3 1708 1709 1717
3 1717 1716 1708
3 1709 1710 1718
3 1718 1717 1709
3 1710 1711 1719
3 1719 1718 1710
3 1711 1712 1720
3 1720 1719 1711
3 1712 1705 1713
3 1713 1720 1712
3 1713 1714 1722
3 1722 1721 1713
3 1714 1715 1723
3 1723 1722 1714
3 1715 1716 1724
3 1724 1723 1715
3 1716 1717 1725
3 1725 1724 1716
3 1717 1718 1726
3 1726 1725 1717
3 1718 1719 1727
3 1727 1726 1718
3 1719 1720 1728
3 1728 1727 1719
3 1720 1713 1721
3 1721 1728 1720
3 1721 1722 1730
3 1730 1729 1721
3 1722 1723 1731
3 1731 1730 1722
3 1723 1724 1732
3 1732 1731 1723
3 1724 1725 1733
3 1733 1732 1724
3 1725 1726 1734
3 1734 1733 1725
3 1726 1727 1735
3 1735 1734 1726
3 1727 1728 1736
3 1736 1735 1727
3 1728 1721 1729
3 1729 1736 1728
3 1729 1730 1738
3 1738 1737 1729
3 1730 1731 1739
3 1739 1738 1730
3 1731 1732 1740
3 1740 1739 1731
3 1732 1733 1741
3 1741 1740 1732
3 1733 1734 1742
3 1742 1741 1733
3 1734 1735 1743
3 1743 1742 1734
3 1735 1736 1744
3 1744 1743 1735
3 1736 1729 1737
3 1737 1744 1736
3 1737 1738 1746
3 1746 1745 1737
3 1738 1739 1747
3 1747 1746 1738
3 1739 1740 1748
3 1748 1747 1739
3 1740 1741 1749
3 1749 1748 1740
3 1741 1742 1750
3 1750 1749 1741
3 1742 1743 1751
3 1751 1750 1742
3 1743 1744 1752
3 1752 1751 1743
3 1744 1737 1745
3 1745 1752 1744
3 1745 1746 1754
3 1754 1753 1745
3 1746 1747 1755
3 1755 1754 1746
3 1747 1748 1756
3 1756 1755 1747
3 1748 1749 1757
3 1757 1756 1748
3 1749 1750 1758
3 1758 1757 1749
3 1750 1751 1759
3 1759 1758 1750
3 1751 1752 1760
3 1760 1759 1751
3 1752 1745 1753
3 1753 1760 1752
3 1753 1754 1762
3 1762 1761 1753
3 1754 1755 1763
3 1763 1762 1754
3 1755 1756 1764
3 1764 1763 1755
3 1756 1757 1765
3 1765 1764 1756
3 1757 1758 1766
3 1766 1765 1757
3 1758 1759 1767
3 1767 1766 1758
3 1759 1760 1768
3 1768 1767 1759
3 1760 1753 1761
3 1761 1768 1760
3 1761 1762 1770
3 1770 1769 1761
3 1762 1763 1771
3 1771 1770 1762
3 1763 1764 1772
3 1772 1771 1763
3 1764 1765 1773
3 1773 1772 1764
3 1765 1766 1774
3 1774 1773 1765
3 1766 1767 1775
3 1775 1774 1766
3 1767 1768 1776
3 1776 1775 1767
3 1768 1761 1769
3 1769 1776 1768
3 1769 1770 1778
3 1778 1777 1769
3 1770 1771 1779
3 1779 1778 1770
3 1771 1772 1780
3 1780 1779 1771
3 1772 1773 1781
3 1781 1780 1772
3 1773 1774 1782
3 1782 1781 1773
3 1774 1775 1783
3 1783 1782 1774
3 1775 1776 1784
3 1784 1783 1775
3 1776 1769 1777
3 1777 1784 1776
3 1777 1778 1786
3 1786 1785 1777
3 1778 1779 1787
3 1787 1786 1778
3 1779 1780 1788
3 1788 1787 1779
3 1780 1781 1789
3 1789 1788 1780
3 1781 1782 1790
3 1790 1789 1781
3 1782 1783 1791
3 1791 1790 1782
3 1783 1784 1792
3 1792 1791 1783
3 1784 1777 1785
3 1785 1792 1784
3 1785 1786 1794
3 1794 1793 1785
3 1786 1787 1795
3 1795 1794 1786
3 1787 1788 1796
3 1796 1795 1787
3 1788 1789 1797
3 1797 1796 1788
3 1789 1790 1798
3 1798 1797 1789
3 1790 1791 1799
3 1799 1798 1790
3 1791 1792 1800
3 1800 1799 1791
3 1792 1785 1793
3 1793 1800 1792
3 1793 1794 1802
3 1802 1801 1793
3 1794 1795 1803
3 1803 1802 1794
3 1795 1796 1804
3 1804 1803 1795
3 1796 1797 1805
3 1805 1804 1796
3 1797 1798 1806
3 1806 1805 1797
3 1798 1799 1807
3 1807 1806 1798
3 1799 1800 1808
3 1808 1807 1799
3 1800 1793 1801
3 1801 1808 1800
3 1801 1802 1810
3 1810 1809 1801
3 1802 1803 1811
3 1811 1810 1802
3 1803 1804 1812
3 1812 1811 1803
3 1804 1805 1813
3 1813 1812 1804
3 1805 1806 1814
3 1814 1813 1805
3 1806 1807 1815
3 1815 1814 1806
3 1807 1808 1816
3 1816 1815 1807
3 1808 1801 1809
3 1809 1816 1808
3 1809 1810 1818
3 1818 1817 1809
3 1810 1811 1819
3 1819 1818 1810
3 1811 1812 1820
3 1820 1819 1811
3 1812 1813 1821
3 1821 1820 1812
3 1813 1814 1822
3 1822 1821 1813
3 1814 1815 1823
3 1823 1822 1814
3 1815 1816 1824
3 1824 1823 1815
3 1816 1809 1817
3 1817 1824 1816
3 1817 1818 1826
3 1826 1825 1817
3 1818 1819 1827
3 1827 1826 1818
3 1819 1820 1828
3 1828 1827 1819
3 1820 1821 1829
3 1829 1828 1820
3 1821 1822 1830
3 1830 1829 1821
3 1822 1823 1831
3 1831 1830 1822
3 1823 1824 1832
3 1832 1831 1823
3 1824 1817 1825
3 1825 1832 1824
3 1825 1826 1834
3 1834 1833 1825
3 1826 1827 1835
3 1835 1834 1826
3 1827 1828 1836
3 1836 1835 1827
3 1828 1829 1837
3 1837 1836 1828
3 1829 1830 1838
3 1838 1837 1829
3 1830 1831 1839
3 1839 1838 1830
3 1831 1832 1840
3 1840 1839 1831
3 1832 1825 1833
3 1833 1840 1832
3 1833 1834 1842
3 1842 1841 1833
3 1834 1835 1843
3 1843 1842 1834
3 1835 1836 1844
3 1844 1843 1835
3 1836 1837 1845
3 1845 1844 1836
3 1837 1838 1846
3 1846 1845 1837
3 1838 1839 1847
3 1847 1846 1838
3 1839 1840 1848
3 1848 1847 1839
3 1840 1833 1841
3 1841 1848 1840
3 1841 1842 1850
3 1850 1849 1841
3 1842 1843 1851
3 1851 1850 1842
3 1843 1844 1852
3 1852 1851 1843
3 1844 1845 1853
3 1853 1852 1844
3 1845 1846 1854
3 1854 1853 1845
3 1846 1847 1855
3 1855 1854 1846
3 1847 1848 1856
3 1856 1855 1847
3 1848 1841 1849
3 1849 1856 1848
3 1849 1850 1858
3 1858 1857 1849
3 1850 1851 1859
3 1859 1858 1850
3 1851 1852 1860
3 1860 1859 1851
3 1852 1853 1861
3 1861 1860 1852
3 1853 1854 1862
3 1862 1861 1853
3 1854 1855 1863
3 1863 1862 1854
3 1855 1856 1864
3 1864 1863 1855
3 1856 1849 1857
3 1857 1864 1856
3 1857 1858 1866
3 1866 1865 1857
3 1858 1859 1867
3 1867 1866 1858
3 1859 1860 1868
3 1868 1867 1859
3 1860 1861 1869
3 1869 1868 1860
3 1861 1862 1870
3 1870 1869 1861
3 1862 1863 1871
3 1871 1870 1862
3 1863 1864 1872
3 1872 1871 1863
3 1864 1857 1865
3 1865 1872 1864
3 1865 1866 1874
3 1874 1873 1865
3 1866 1867 1875
3 1875 1874 1866
3 1867 1868 1876
3 1876 1875 1867
3 1868 1869 1877
3 1877 1876 1868
3 1869 1870 1878
3 1878 1877 1869
3 1870 1871 1879
3 1879 1878 1870
3 1871 1872 1880
3 1880 1879 1871
3 1872 1865 1873
3 1873 1880 1872
3 1873 1874 1882
3 1882 1881 1873
3 1874 1875 1883
3 1883 1882 1874
3 1875 1876 1884
3 1884 1883 1875
3 1876 1877 1885
3 1885 1884 1876
3 1877 1878 1886
3 1886 1885 1877
3 1878 1879 1887
3 1887 1886 1878
3 1879 1880 1888
3 1888 1887 1879
3 1880 1873 1881
3 1881 1888 1880
3 1881 1882 1890
3 1890 1889 1881
3 1882 1883 1891
3 1891 1890 1882
3 1883 1884 1892
3 1892 1891 1883
3 1884 1885 1893
3 1893 1892 1884
3 1885 1886 1894
3 1894 1893 1885
3 1886 1887 1895
3 1895 1894 1886
3 1887 1888 1896
3 1896 1895 1887
3 1888 1881 1889
3 1889 1896 1888
3 1889 1890 1898
3 1898 1897 1889
3 1890 1891 1899
3 1899 1898 1890
3 1891 1892 1900
3 1900 1899 1891
3 1892 1893 1901
3 1901 1900 1892
3 1893 1894 1902
3 1902 1901 1893
3 1894 1895 1903
3 1903 1902 1894
3 1895 1896 1904
3 1904 1903 1895
3 1896 1889 1897
3 1897 1904 1896
3 1897 1898 1906
3 1906 1905 1897
3 1898 1899 1907
3 1907 1906 1898
3 1899 1900 1908
3 1908 1907 1899
3 1900 1901 1909
3 1909 1908 1900
3 1901 1902 1910
3 1910 1909 1901
3 1902 1903 1911
3 1911 1910 1902
3 1903 1904 1912
3 1912 1911 1903
3 1904 1897 1905
3 1905 1912 1904
3 1905 1906 1914
3 1914 1913 1905
3 1906 1907 1915
3 1915 1914 1906
3 1907 1908 1916
3 1916 1915 1907
3 1908 1909 1917
3 1917 1916 1908
3 1909 1910 1918
3 1918 1917 1909
3 1910 1911 1919
3 1919 1918 1910
3 1911 1912 1920
3 1920 1919 1911
3 1912 1905 1913
3 1913 1920 1912
3 1913 1914 1922
3 1922 1921 1913
3 1914 1915 1923
3 1923 1922 1914
3 1915 1916 1924
3 1924 1923 1915
3 1916 1917 1925
3 1925 1924 1916
3 1917 1918 1926
3 1926 1925 1917
3 1918 1919 1927
3 1927 1926 1918
3 1919 1920 1928
3 1928 1927 1919
3 1920 1913 1921
3 1921 1928 1920
3 1921 1922 1930
3 1930 1929 1921
3 1922 1923 1931
3 1931 1930 1922
3 1923 1924 1932
3 1932 1931 1923
3 1924 1925 1933
3 1933 1932 1924
3 1925 1926 1934
3 1934 1933 1925
3 1926 1927 1935
3 1935 1934 1926
3 1927 1928 1936
3 1936 1935 1927
3 1928 1921 1929
3 1929 1936 1928
3 1929 1930 1938
3 1938 1937 1929
3 1930 1931 1939
3 1939 1938 1930
3 1931 1932 1940
3 1940 1939 1931
3 1932 1933 1941
3 1941 1940 1932
3 1933 1934 1942
3 1942 1941 1933
3 1934 1935 1943
3 1943 1942 1934
3 1935 1936 1944
3 1944 1943 1935
3 1936 1929 1937
3 1937 1944 1936
3 1937 1938 1946
3 1946 1945 1937
3 1938 1939 1947
3 1947 1946 1938
3 1939 1940 1948
3 1948 1947 1939
3 1940 1941 1949
3 1949 1948 1940
3 1941 1942 1950
3 1950 1949 1941
3 1942 1943 1951
3 1951 1950 1942
3 1943 1944 1952
3 1952 1951 1943
3 1944 1937 1945
3 1945 1952 1944
3 1945 1946 1954
3 1954 1953 1945
3 1946 1947 1955
3 1955 1954 1946
3 1947 1948 1956
3 1956 1955 1947
3 1948 1949 1957
3 1957 1956 1948
3 1949 1950 1958
3 1958 1957 1949
3 1950 1951 1959
3 1959 1958 1950
3 1951 1952 1960
3 1960 1959 1951
3 1952 1945 1953
3 1953 1960 1952
3 1953 1954 1962
3 1962 1961 1953
3 1954 1955 1963
3 1963 1962 1954
3 1955 1956 1964
3 1964 1963 1955
3 1956 1957 1965
3 1965 1964 1956
3 1957 1958 1966
3 1966 1965 1957
3 1958 1959 1967
3 1967 1966 1958
3 1959 1960 1968
3 1968 1967 1959
3 1960 1953 1961
3 1961 1968 1960
3 1961 1962 1970
3 1970 1969 1961
3 1962 1963 1971
3 1971 1970 1962
3 1963 1964 1972
3 1972 1971 1963
3 1964 1965 1973
3 1973 1972 1964
3 1965 1966 1974
3 1974 1973 1965
3 1966 1967 1975
3 1975 1974 1966
3 1967 1968 1976
3 1976 1975 1967
3 1968 1961 1969
3 1969 1976 1968
3 1969 1970 1978
3 1978 1977 1969
3 1970 1971 1979
3 1979 1978 1970
3 1971 1972 1980
3 1980 1979 1971
3 1972 1973 1981
3 1981 1980 1972
3 1973 1974 1982
3 1982 1981 1973
3 1974 1975 1983
3 1983 1982 1974
3 1975 1976 1984
3 1984 1983 1975
3 1976 1969 1977
3 1977 1984 1976
3 1977 1978 1986
3 1986 1985 1977
3 1978 1979 1987
3 1987 1986 1978
3 1979 1980 1988
3 1988 1987 1979
3 1980 1981 1989
3 1989 1988 1980
3 1981 1982 1990
3 1990 1989 1981
3 1982 1983 1991
3 1991 1990 1982
3 1983 1984 1992
3 1992 1991 1983
3 1984 1977 1985
3 1985 1992 1984
3 1985 1986 1994
3 1994 1993 1985
3 1986 1987 1995
3 1995 1994 1986
3 1987 1988 1996
3 1996 1995 1987
3 1988 1989 1997
3 1997 1996 1988
3 1989 1990 1998
3 1998 1997 1989
3 1990 1991 1999
3 1999 1998 1990
3 1991 1992 2000
3 2000 1999 1991
3 1992 1985 1993
3 1993 2000 1992
3 1993 1994 2002
3 2002 2001 1993
3 1994 1995 2003
3 2003 2002 1994
3 1995 1996 2004
3 2004 2003 1995
3 1996 1997 2005
3 2005 2004 1996
3 1997 1998 2006
3 2006 2005 1997
3 1998 1999 2007
3 2007 2006 1998
3 1999 2000 2008
3 2008 2007 1999
3 2000 1993 2001
3 2001 2008 2000
3 2009 2002 2001
3 2009 2003 2002
3 2009 2004 2003
3 2009 2005 2004
3 2009 2006 2005
3 2009 2007 2006
3 2009 2008 2007
3 2009 2001 2008

3 2010 2011 2012
3 2010 2012 2013
3 2010 2013 2014
3 2010 2014 2015
3 2010 2015 2016
3 2010 2016 2017
3 2010 2017 2018
3 2010 2018 2011

3 2011 2012 2020
3 2020 2019 2011
3 2012 2013 2021
3 2021 2020 2012
3 2013 2014 2022
3 2022 2021 2013
3 2014 2015 2023
3 2023 2022 2014
3 2015 2016 2024
3 2024 2023 2015
3 2016 2017 2025
3 2025 2024 2016
3 2017 2018 2026
3 2026 2025 2017
3 2018 2011 2019
3 2019 2026 2018
3 2019 2020 2028
3 2028 2027 2019
3 2020 2021 2029
3 2029 2028 2020
3 2021 2022 2030
3 2030 2029 2021
3 2022 2023 2031
3 2031 2030 2022
3 2023 2024 2032
3 2032 2031 2023
3 2024 2025 2033
3 2033 2032 2024
3 2025 2026 2034
3 2034 2033 2025
3 2026 2019 2027
3 2027 2034 2026
3 2027 2028 2036
3 2036 2035 2027
3 2028 2029 2037
3 2037 2036 2028
3 2029 2030 2038
3 2038 2037 2029
3 2030 2031 2039
3 2039 2038 2030
3 2031 2032 2040
3 2040 2039 2031
3 2032 2033 2041
3 2041 2040 2032
3 2033 2034 2042
3 2042 2041 2033
3 2034 2027 2035
3 2035 2042 2034
3 2035 2036 2044
3 2044 2043 2035
3 2036 2037 2045
3 2045 2044 2036
3 2037 2038 2046
3 2046 2045 2037
3 2038 2039 2047
3 2047 2046 2038
3 2039 2040 2048
3 2048 2047 2039
3 2040 2041 2049
3 2049 2048 2040
3 2041 2042 2050
3 2050 2049 2041
3 2042 2035 2043
3 2043 2050 2042
3 2043 2044 2052
3 2052 2051 2043
3 2044 2045 2053
3 2053 2052 2044
3 2045 2046 2054
3 2054 2053 2045
3 2046 2047 2055
3 2055 2054 2046
3 2047 2048 2056
3 2056 2055 2047
3 2048 2049 2057
3 2057 2056 2048
3 2049 2050 2058
3 2058 2057 2049
3 2050 2043 2051
3 2051 2058 2050
3 2051 2052 2060
3 2060 2059 2051
3 2052 2053 2061
3 2061 2060 2052
3 2053 2054 2062
3 2062 2061 2053
3 2054 2055 2063
3 2063 2062 2054
3 2055 2056 2064
3 2064 2063 2055
3 2056 2057 2065
3 2065 2064 2056
3 2057 2058 2066
3 2066 2065 2057
3 2058 2051 2059
3 2059 2066 2058
3 2059 2060 2068
3 2068 2067 2059
3 2060 2061 2069
3 2069 2068 2060
3 2061 2062 2070
3 2070 2069 2061
3 2062 2063 2071
3 2071 2070 2062
3 2063 2064 2072
3 2072 2071 2063
3 2064 2065 2073
3 2073 2072 2064
3 2065 2066 2074
3 2074 2073 2065
3 2066 2059 2067
3 2067 2074 2066
3 2075 2068 2067
3 2075 2069 2068
3 2075 2070 2069
3 2075 2071 2070
3 2075 2072 2071
3 2075 2073 2072
3 2075 2074 2073
3 2075 2067 2074

3 2076 2077 2078
3 2076 2078 2079
3 2076 2079 2080
3 2076 2080 2081
3 2076 2081 2082
3 2076 2082 2083
3 2076 2083 2084
3 2076 2084 2077

3 2077 2078 2086
3 2086 2085 2077
3 2078 2079 2087
3 2087 2086 2078
3 2079 2080 2088
3 2088 2087 2079
3 2080 2081 2089
3 2089 2088 2080
3 2081 2082 2090
3 2090 2089 2081
3 2082 2083 2091
3 2091 2090 2082
3 2083 2084 2092
3 2092 2091 2083
3 2084 2077 2085
3 2085 2092 2084
3 2085 2086 2094
3 2094 2093 2085
3 2086 2087 2095
3 2095 2094 2086
3 2087 2088 2096
3 2096 2095 2087
3 2088 2089 2097
3 2097 2096 2088
3 2089 2090 2098
3 2098 2097 2089
3 2090 2091 2099
3 2099 2098 2090
3 2091 2092 2100
3 2100 2099 2091
3 2092 2085 2093
3 2093 2100 2092
3 2093 2094 2102
3 2102 2101 2093
3 2094 2095 2103
3 2103 2102 2094
3 2095 2096 2104
3 2104 2103 2095
3 2096 2097 2105
3 2105 2104 2096
3 2097 2098 2106
3 2106 2105 2097
3 2098 2099 2107
3 2107 2106 2098
3 2099 2100 2108
3 2108 2107 2099
3 2100 2093 2101
3 2101 2108 2100
3 2101 2102 2110
3 2110 2109 2101
3 2102 2103 2111
3 2111 2110 2102
3 2103 2104 2112
3 2112 2111 2103
3 2104 2105 2113
3 2113 2112 2104
3 2105 2106 2114
3 2114 2113 2105
3 2106 2107 2115
3 2115 2114 2106
3 2107 2108 2116
3 2116 2115 2107
3 2108 2101 2109
3 2109 2116 2108
3 2109 2110 2118
3 2118 2117 2109
3 2110 2111 2119
3 2119 2118 2110
3 2111 2112 2120
3 2120 2119 2111
3 2112 2113 2121
3 2121 2120 2112
3 2113 2114 2122
3 2122 2121 2113
3 2114 2115 2123
3 2123 2122 2114
3 2115 2116 2124
3 2124 2123 2115
3 2116 2109 2117
3 2117 2124 2116
3 2117 2118 2126
3 2126 2125 2117
3 2118 2119 2127
3 2127 2126 2118
3 2119 2120 2128
3 2128 2127 2119
3 2120 2121 2129
3 2129 2128 2120
3 2121 2122 2130
3 2130 2129 2121
3 2122 2123 2131
3 2131 2130 2122
3 2123 2124 2132
3 2132 2131 2123
3 2124 2117 2125
3 2125 2132 2124
3 2125 2126 2134
3 2134 2133 2125
3 2126 2127 2135
3 2135 2134 2126
3 2127 2128 2136
3 2136 2135 2127
3 2128 2129 2137
3 2137 2136 2128
3 2129 2130 2138
3 2138 2137 2129
3 2130 2131 2139
3 2139 2138 2130
3 2131 2132 2140
3 2140 2139 2131
3 2132 2125 2133
3 2133 2140 2132
3 2133 2134 2142
3 2142 2141 2133
3 2134 2135 2143
3 2143 2142 2134
3 2135 2136 2144
3 2144 2143 2135
3 2136 2137 2145
3 2145 2144 2136
3 2137 2138 2146
3 2146 2145 2137
3 2138 2139 2147
3 2147 2146 2138
3 2139 2140 2148
3 2148 2147 2139
3 2140 2133 2141
3 2141 2148 2140
3 2141 2142 2150
3 2150 2149 2141
3 2142 2143 2151
3 2151 2150 2142
3 2143 2144 2152
3 2152 2151 2143
3 2144 2145 2153
3 2153 2152 2144
3 2145 2146 2154
3 2154 2153 2145
3 2146 2147 2155
3 2155 2154 2146
3 2147 2148 2156
3 2156 2155 2147
3 2148 2141 2149
3 2149 2156 2148
3 2149 2150 2158
3 2158 2157 2149
3 2150 2151 2159
3 2159 2158 2150
3 2151 2152 2160
3 2160 2159 2151
3 2152 2153 2161
3 2161 2160 2152
3 2153 2154 2162
3 2162 2161 2153
3 2154 2155 2163
3 2163 2162 2154
3 2155 2156 2164
3 2164 2163 2155
3 2156 2149 2157
3 2157 2164 2156
3 2157 2158 2166
3 2166 2165 2157
3 2158 2159 2167
3 2167 2166 2158
3 2159 2160 2168
3 2168 2167 2159
3 2160 2161 2169
3 2169 2168 2160
3 2161 2162 2170
3 2170 2169 2161
3 2162 2163 2171
3 2171 2170 2162
3 2163 2164 2172
3 2172 2171 2163
3 2164 2157 2165
3 2165 2172 2164
3 2165 2166 2174
3 2174 2173 2165
3 2166 2167 2175
3 2175 2174 2166
3 2167 2168 2176
3 2176 2175 2167
3 2168 2169 2177
3 2177 2176 2168
3 2169 2170 2178
3 2178 2177 2169
3 2170 2171 2179
3 2179 2178 2170
3 2171 2172 2180
3 2180 2179 2171
3 2172 2165 2173
3 2173 2180 2172
3 2173 2174 2182
3 2182 2181 2173
3 2174 2175 2183
3 2183 2182 2174
3 2175 2176 2184
3 2184 2183 2175
3 2176 2177 2185
3 2185 2184 2176
3 2177 2178 2186
3 2186 2185 2177
3 2178 2179 2187
3 2187 2186 2178
3 2179 2180 2188
3 2188 2187 2179
3 2180 2173 2181
3 2181 2188 2180
3 2181 2182 2190
3 2190 2189 2181
3 2182 2183 2191
3 2191 2190 2182
3 2183 2184 2192
3 2192 2191 2183
3 2184 2185 2193
3 2193 2192 2184
3 2185 2186 2194
3 2194 2193 2185
3 2186 2187 2195
3 2195 2194 2186
3 2187 2188 2196
3 2196 2195 2187
3 2188 2181 2189
3 2189 2196 2188
3 2197 2190 2189
3 2197 2191 2190
3 2197 2192 2191
3 2197 2193 2192
3 2197 2194 2193
3 2197 2195 2194
3 2197 2196 2195
3 2197 2189 2196

3 2198 2199 2200
3 2198 2200 2201
3 2198 2201 2202
3 2198 2202 2203
3 2198 2203 2204
3 2198 2204 2205
3 2198 2205 2206
3 2198 2206 2199

3 2199 2200 2208
3 2208 2207 2199
3 2200 2201 2209
3 2209 2208 2200
3 2201 2202 2210
3 2210 2209 2201
3 2202 2203 2211
3 2211 2210 2202
3 2203 2204 2212
3 2212 2211 2203
3 2204 2205 2213
3 2213 2212 2204
3 2205 2206 2214
3 2214 2213 2205
3 2206 2199 2207
3 2207 2214 2206
3 2207 2208 2216
3 2216 2215 2207
3 2208 2209 2217
3 2217 2216 2208
3 2209 2210 2218
3 2218 2217 2209
3 2210 2211 2219
3 2219 2218 2210
3 2211 2212 2220
3 2220 2219 2211
3 2212 2213 2221
3 2221 2220 2212
3 2213 2214 2222
3 2222 2221 2213
3 2214 2207 2215
3 2215 2222 2214
3 2215 2216 2224
3 2224 2223 2215
3 2216 2217 2225
3 2225 2224 2216
3 2217 2218 2226
3 2226 2225 2217
3 2218 2219 2227
3 2227 2226 2218
3 2219 2220 2228
3 2228 2227 2219
3 2220 2221 2229
3 2229 2228 2220
3 2221 2222 2230
3 2230 2229 2221
3 2222 2215 2223
3 2223 2230 2222
3 2223 2224 2232
3 2232 2231 2223
3 2224 2225 2233
3 2233 2232 2224
3 2225 2226 2234
3 2234 2233 2225
3 2226 2227 2235
3 2235 2234 2226
3 2227 2228 2236
3 2236 2235 2227
3 2228 2229 2237
3 2237 2236 2228
3 2229 2230 2238
3 2238 2237 2229
3 2230 2223 2231
3 2231 2238 2230
3 2231 2232 2240
3 2240 2239 2231
3 2232 2233 2241
3 2241 2240 2232
3 2233 2234 2242
3 2242 2241 2233
3 2234 2235 2243
3 2243 2242 2234
3 2235 2236 2244
3 2244 2243 2235
3 2236 2237 2245
3 2245 2244 2236
3 2237 2238 2246
3 2246 2245 2237
3 2238 2231 2239
3 2239 2246 2238
3 2239 2240 2248
3 2248 2247 2239
3 2240 2241 2249
3 2249 2248 2240
3 2241 2242 2250
3 2250 2249 2241
3 2242 2243 2251
3 2251 2250 2242
3 2243 2244 2252
3 2252 2251 2243
3 2244 2245 2253
3 2253 2252 2244
3 2245 2246 2254
3 2254 2253 2245
3 2246 2239 2247
3 2247 2254 2246
3 2255 2248 2247
3 2255 2249 2248
3 2255 2250 2249
3 2255 2251 2250
3 2255 2252 2251
3 2255 2253 2252
3 2255 2254 2253
3 2255 2247 2254

3 2256 2257 2258
3 2256 2258 2259
3 2256 2259 2260
3 2256 2260 2261
3 2256 2261 2262
3 2256 2262 2263
3 2256 2263 2264
3 2256 2264 2257

3 2257 2258 2266
3 2266 2265 2257
3 2258 2259 2267
3 2267 2266 2258
3 2259 2260 2268
3 2268 2267 2259
3 2260 2261 2269
3 2269 2268 2260
3 2261 2262 2270
3 2270 2269 2261
3 2262 2263 2271
3 2271 2270 2262
3 2263 2264 2272
3 2272 2271 2263
3 2264 2257 2265
3 2265 2272 2264
3 2265 2266 2274
3 2274 2273 2265
3 2266 2267 2275
3 2275 2274 2266
3 2267 2268 2276
3 2276 2275 2267
3 2268 2269 2277
3 2277 2276 2268
3 2269 2270 2278
3 2278 2277 2269
3 2270 2271 2279
3 2279 2278 2270
3 2271 2272 2280
3 2280 2279 2271
3 2272 2265 2273
3 2273 2280 2272
3 2273 2274 2282
3 2282 2281 2273
3 2274 2275 2283
3 2283 2282 2274
3 2275 2276 2284
3 2284 2283 2275
3 2276 2277 2285
3 2285 2284 2276
3 2277 2278 2286
3 2286 2285 2277
3 2278 2279 2287
3 2287 2286 2278
3 2279 2280 2288
3 2288 2287 2279
3 2280 2273 2281
3 2281 2288 2280
3 2281 2282 2290
3 2290 2289 2281
3 2282 2283 2291
3 2291 2290 2282
3 2283 2284 2292
3 2292 2291 2283
3 2284 2285 2293
3 2293 2292 2284
3 2285 2286 2294
3 2294 2293 2285
3 2286 2287 2295
3 2295 2294 2286
3 2287 2288 2296
3 2296 2295 2287
3 2288 2281 2289
3 2289 2296 2288
3 2289 2290 2298
3 2298 2297 2289
3 2290 2291 2299
3 2299 2298 2290
3 2291 2292 2300
3 2300 2299 2291
3 2292 2293 2301
3 2301 2300 2292
3 2293 2294 2302
3 2302 2301 2293
3 2294 2295 2303
3 2303 2302 2294
3 2295 2296 2304
3 2304 2303 2295
3 2296 2289 2297
3 2297 2304 2296
3 2297 2298 2306
3 2306 2305 2297
3 2298 2299 2307
3 2307 2306 2298
3 2299 2300 2308
3 2308 2307 2299
3 2300 2301 2309
3 2309 2308 2300
3 2301 2302 2310
3 2310 2309 2301
3 2302 2303 2311
3 2311 2310 2302
3 2303 2304 2312
3 2312 2311 2303
3 2304 2297 2305
3 2305 2312 2304
3 2305 2306 2314
3 2314 2313 2305
3 2306 2307 2315
3 2315 2314 2306
3 2307 2308 2316
3 2316 2315 2307
3 2308 2309 2317
3 2317 2316 2308
3 2309 2310 2318
3 2318 2317 2309
3 2310 2311 2319
3 2319 2318 2310
3 2311 2312 2320
3 2320 2319 2311
3 2312 2305 2313
3 2313 2320 2312
3 2313 2314 2322
3 2322 2321 2313
3 2314 2315 2323
3 2323 2322 2314
3 2315 2316 2324
3 2324 2323 2315
3 2316 2317 2325
3 2325 2324 2316
3 2317 2318 2326
3 2326 2325 2317
3 2318 2319 2327
3 2327 2326 2318
3 2319 2320 2328
3 2328 2327 2319
3 2320 2313 2321
3 2321 2328 2320
3 2321 2322 2330
3 2330 2329 2321
3 2322 2323 2331
3 2331 2330 2322
3 2323 2324 2332
3 2332 2331 2323
3 2324 2325 2333
3 2333 2332 2324
3 2325 2326 2334
3 2334 2333 2325
3 2326 2327 2335
3 2335 2334 2326
3 2327 2328 2336
3 2336 2335 2327
3 2328 2321 2329
3 2329 2336 2328
3 2329 2330 2338
3 2338 2337 2329
3 2330 2331 2339
3 2339 2338 2330
3 2331 2332 2340
3 2340 2339 2331
3 2332 2333 2341
3 2341 2340 2332
3 2333 2334 2342
3 2342 2341 2333
3 2334 2335 2343
3 2343 2342 2334
3 2335 2336 2344
3 2344 2343 2335
3 2336 2329 2337
3 2337 2344 2336
3 2337 2338 2346
3 2346 2345 2337
3 2338 2339 2347
3 2347 2346 2338
3 2339 2340 2348
3 2348 2347 2339
3 2340 2341 2349
3 2349 2348 2340
3 2341 2342 2350
3 2350 2349 2341
3 2342 2343 2351
3 2351 2350 2342
3 2343 2344 2352
3 2352 2351 2343
3 2344 2337 2345
3 2345 2352 2344
3 2345 2346 2354
3 2354 2353 2345
3 2346 2347 2355
3 2355 2354 2346
3 2347 2348 2356
3 2356 2355 2347
3 2348 2349 2357
3 2357 2356 2348
3 2349 2350 2358
3 2358 2357 2349
3 2350 2351 2359
3 2359 2358 2350
3 2351 2352 2360
3 2360 2359 2351
3 2352 2345 2353
3 2353 2360 2352
3 2353 2354 2362
3 2362 2361 2353
3 2354 2355 2363
3 2363 2362 2354
3 2355 2356 2364
3 2364 2363 2355
3 2356 2357 2365
3 2365 2364 2356
3 2357 2358 2366
3 2366 2365 2357
3 2358 2359 2367
3 2367 2366 2358
3 2359 2360 2368
3 2368 2367 2359
3 2360 2353 2361
3 2361 2368 2360
3 2361 2362 2370
3 2370 2369 2361
3 2362 2363 2371
3 2371 2370 2362
3 2363 2364 2372
3 2372 2371 2363
3 2364 2365 2373
3 2373 2372 2364
3 2365 2366 2374
3 2374 2373 2365
3 2366 2367 2375
3 2375 2374 2366
3 2367 2368 2376
3 2376 2375 2367
3 2368 2361 2369
3 2369 2376 2368
3 2369 2370 2378
3 2378 2377 2369
3 2370 2371 2379
3 2379 2378 2370
3 2371 2372 2380
3 2380 2379 2371
3 2372 2373 2381
3 2381 2380 2372
3 2373 2374 2382
3 2382 2381 2373
3 2374 2375 2383
3 2383 2382 2374
3 2375 2376 2384
3 2384 2383 2375
3 2376 2369 2377
3 2377 2384 2376
3 2377 2378 2386
3 2386 2385 2377
3 2378 2379 2387
3 2387 2386 2378
3 2379 2380 2388
3 2388 2387 2379
3 2380 2381 2389
3 2389 2388 2380
3 2381 2382 2390
3 2390 2389 2381
3 2382 2383 2391
3 2391 2390 2382
3 2383 2384 2392
3 2392 2391 2383
3 2384 2377 2385
3 2385 2392 2384
3 2385 2386 2394
3 2394 2393 2385
3 2386 2387 2395
3 2395 2394 2386
3 2387 2388 2396
3 2396 2395 2387
3 2388 2389 2397
3 2397 2396 2388
3 2389 2390 2398
3 2398 2397 2389
3 2390 2391 2399
3 2399 2398 2390
3 2391 2392 2400
3 2400 2399 2391
3 2392 2385 2393
3 2393 2400 2392
3 2393 2394 2402
3 2402 2401 2393
3 2394 2395 2403
3 2403 2402 2394
3 2395 2396 2404
3 2404 2403 2395
3 2396 2397 2405
3 2405 2404 2396
3 2397 2398 2406
3 2406 2405 2397
3 2398 2399 2407
3 2407 2406 2398
3 2399 2400 2408
3 2408 2407 2399
3 2400 2393 2401
3 2401 2408 2400
3 2401 2402 2410
3 2410 2409 2401
3 2402 2403 2411
3 2411 2410 2402
3 2403 2404 2412
3 2412 2411 2403
3 2404 2405 2413
3 2413 2412 2404
3 2405 2406 2414
3 2414 2413 2405
3 2406 2407 2415
3 2415 2414 2406
3 2407 2408 2416
3 2416 2415 2407
3 2408 2401 2409
3 2409 2416 2408
3 2409 2410 2418
3 2418 2417 2409
3 2410 2411 2419
3 2419 2418 2410
3 2411 2412 2420
3 2420 2419 2411
3 2412 2413 2421
3 2421 2420 2412
3 2413 2414 2422
3 2422 2421 2413
3 2414 2415 2423
3 2423 2422 2414
3 2415 2416 2424
3 2424 2423 2415
3 2416 2409 2417
3 2417 2424 2416
3 2417 2418 2426
3 2426 2425 2417
3 2418 2419 2427
3 2427 2426 2418
3 2419 2420 2428
3 2428 2427 2419
3 2420 2421 2429
3 2429 2428 2420
3 2421 2422 2430
3 2430 2429 2421
3 2422 2423 2431
3 2431 2430 2422
3 2423 2424 2432
3 2432 2431 2423
3 2424 2417 2425
3 2425 2432 2424
3 2425 2426 2434
3 2434 2433 2425
3 2426 2427 2435
3 2435 2434 2426
3 2427 2428 2436
3 2436 2435 2427
3 2428 2429 2437
3 2437 2436 2428
3 2429 2430 2438
3 2438 2437 2429
3 2430 2431 2439
3 2439 2438 2430
3 2431 2432 2440
3 2440 2439 2431
3 2432 2425 2433
3 2433 2440 2432
3 2433 2434 2442
3 2442 2441 2433
3 2434 2435 2443
3 2443 2442 2434
3 2435 2436 2444
3 2444 2443 2435
3 2436 2437 2445
3 2445 2444 2436
3 2437 2438 2446
3 2446 2445 2437
3 2438 2439 2447
3 2447 2446 2438
3 2439 2440 2448
3 2448 2447 2439
3 2440 2433 2441
3 2441 2448 2440
3 2441 2442 2450
3 2450 2449 2441
3 2442 2443 2451
3 2451 2450 2442
3 2443 2444 2452
3 2452 2451 2443
3 2444 2445 2453
3 2453 2452 2444
3 2445 2446 2454
3 2454 2453 2445
3 2446 2447 2455
3 2455 2454 2446
3 2447 2448 2456
3 2456 2455 2447
3 2448 2441 2449
3 2449 2456 2448
3 2449 2450 2458
3 2458 2457 2449
3 2450 2451 2459
3 2459 2458 2450
3 2451 2452 2460
3 2460 2459 2451
3 2452 2453 2461
3 2461 2460 2452
3 2453 2454 2462
3 2462 2461 2453
3 2454 2455 2463
3 2463 2462 2454
3 2455 2456 2464
3 2464 2463 2455
3 2456 2449 2457
3 2457 2464 2456
3 2457 2458 2466
3 2466 2465 2457
3 2458 2459 2467
3 2467 2466 2458
3 2459 2460 2468
3 2468 2467 2459
3 2460 2461 2469
3 2469 2468 2460
3 2461 2462 2470
3 2470 2469 2461
3 2462 2463 2471
3 2471 2470 2462
3 2463 2464 2472
3 2472 2471 2463
3 2464 2457 2465
3 2465 2472 2464
3 2465 2466 2474
3 2474 2473 2465
3 2466 2467 2475
3 2475 2474 2466
3 2467 2468 2476
3 2476 2475 2467
3 2468 2469 2477
3 2477 2476 2468
3 2469 2470 2478
3 2478 2477 2469
3 2470 2471 2479
3 2479 2478 2470
3 2471 2472 2480
3 2480 2479 2471
3 2472 2465 2473
3 2473 2480 2472
3 2473 2474 2482
3 2482 2481 2473
3 2474 2475 2483
3 2483 2482 2474
3 2475 2476 2484
3 2484 2483 2475
3 2476 2477 2485
3 2485 2484 2476
3 2477 2478 2486
3 2486 2485 2477
3 2478 2479 2487
3 2487 2486 2478
3 2479 2480 2488
3 2488 2487 2479
3 2480 2473 2481
3 2481 2488 2480
3 2481 2482 2490
3 2490 2489 2481
3 2482 2483 2491
3 2491 2490 2482
3 2483 2484 2492
3 2492 2491 2483
3 2484 2485 2493
3 2493 2492 2484
3 2485 2486 2494
3 2494 2493 2485
3 2486 2487 2495
3 2495 2494 2486
3 2487 2488 2496
3 2496 2495 2487
3 2488 2481 2489
3 2489 2496 2488
3 2489 2490 2498
3 2498 2497 2489
3 2490 2491 2499
3 2499 2498 2490
3 2491 2492 2500
3 2500 2499 2491
3 2492 2493 2501
3 2501 2500 2492
3 2493 2494 2502
3 2502 2501 2493
3 2494 2495 2503
3 2503 2502 2494
3 2495 2496 2504
3 2504 2503 2495
3 2496 2489 2497
3 2497 2504 2496
3 2497 2498 2506
3 2506 2505 2497
3 2498 2499 2507
3 2507 2506 2498
3 2499 2500 2508
3 2508 2507 2499
3 2500 2501 2509
3 2509 2508 2500
3 2501 2502 2510
3 2510 2509 2501
3 2502 2503 2511
3 2511 2510 2502
3 2503 2504 2512
3 2512 2511 2503
3 2504 2497 2505
3 2505 2512 2504
3 2505 2506 2514
3 2514 2513 2505
3 2506 2507 2515
3 2515 2514 2506
3 2507 2508 2516
3 2516 2515 2507
3 2508 2509 2517
3 2517 2516 2508
3 2509 2510 2518
3 2518 2517 2509
3 2510 2511 2519
3 2519 2518 2510
3 2511 2512 2520
3 2520 2519 2511
3 2512 2505 2513
3 2513 2520 2512
3 2513 2514 2522
3 2522 2521 2513
3 2514 2515 2523
3 2523 2522 2514
3 2515 2516 2524
3 2524 2523 2515
3 2516 2517 2525
3 2525 2524 2516
3 2517 2518 2526
3 2526 2525 2517
3 2518 2519 2527
3 2527 2526 2518
3 2519 2520 2528
3 2528 2527 2519
3 2520 2513 2521
3 2521 2528 2520
3 2521 2522 2530
3 2530 2529 2521
3 2522 2523 2531
3 2531 2530 2522
3 2523 2524 2532
3 2532 2531 2523
3 2524 2525 2533
3 2533 2532 2524
3 2525 2526 2534
3 2534 2533 2525
3 2526 2527 2535
3 2535 2534 2526
3 2527 2528 2536
3 2536 2535 2527
3 2528 2521 2529
3 2529 2536 2528
3 2529 2530 2538
3 2538 2537 2529
3 2530 2531 2539
3 2539 2538 2530
3 2531 2532 2540
3 2540 2539 2531
3 2532 2533 2541
3 2541 2540 2532
3 2533 2534 2542
3 2542 2541 2533
3 2534 2535 2543
3 2543 2542 2534
3 2535 2536 2544
3 2544 2543 2535
3 2536 2529 2537
3 2537 2544 2536
3 2537 2538 2546
3 2546 2545 2537
3 2538 2539 2547
3 2547 2546 2538
3 2539 2540 2548
3 2548 2547 2539
3 2540 2541 2549
3 2549 2548 2540
3 2541 2542 2550
3 2550 2549 2541
3 2542 2543 2551
3 2551 2550 2542
3 2543 2544 2552
3 2552 2551 2543
3 2544 2537 2545
3 2545 2552 2544
3 2545 2546 2554
3 2554 2553 2545
3 2546 2547 2555
3 2555 2554 2546
3 2547 2548 2556
3 2556 2555 2547
3 2548 2549 2557
3 2557 2556 2548
3 2549 2550 2558
3 2558 2557 2549
3 2550 2551 2559
3 2559 2558 2550
3 2551 2552 2560
3 2560 2559 2551
3 2552 2545 2553
3 2553 2560 2552
3 2553 2554 2562
3 2562 2561 2553
3 2554 2555 2563
3 2563 2562 2554
3 2555 2556 2564
3 2564 2563 2555
3 2556 2557 2565
3 2565 2564 2556
3 2557 2558 2566
3 2566 2565 2557
3 2558 2559 2567
3 2567 2566 2558
3 2559 2560 2568
3 2568 2567 2559
3 2560 2553 2561
3 2561 2568 2560
3 2561 2562 2570
3 2570 2569 2561
3 2562 2563 2571
3 2571 2570 2562
3 2563 2564 2572
3 2572 2571 2563
3 2564 2565 2573
3 2573 2572 2564
3 2565 2566 2574
3 2574 2573 2565
3 2566 2567 2575
3 2575 2574 2566
3 2567 2568 2576
3 2576 2575 2567
3 2568 2561 2569
3 2569 2576 2568
3 2569 2570 2578
3 2578 2577 2569
3 2570 2571 2579
3 2579 2578 2570
3 2571 2572 2580
3 2580 2579 2571
3 2572 2573 2581
3 2581 2580 2572
3 2573 2574 2582
3 2582 2581 2573
3 2574 2575 2583
3 2583 2582 2574
3 2575 2576 2584
3 2584 2583 2575
3 2576 2569 2577
3 2577 2584 2576
3 2577 2578 2586
3 2586 2585 2577
3 2578 2579 2587
3 2587 2586 2578
3 2579 2580 2588
3 2588 2587 2579
3 2580 2581 2589
3 2589 2588 2580
3 2581 2582 2590
3 2590 2589 2581
3 2582 2583 2591
3 2591 2590 2582
3 2583 2584 2592
3 2592 2591 2583
3 2584 2577 2585
3 2585 2592 2584
3 2585 2586 2594
3 2594 2593 2585
3 2586 2587 2595
3 2595 2594 2586
3 2587 2588 2596
3 2596 2595 2587
3 2588 2589 2597
3 2597 2596 2588
3 2589 2590 2598
3 2598 2597 2589
3 2590 2591 2599
3 2599 2598 2590
3 2591 2592 2600
3 2600 2599 2591
3 2592 2585 2593
3 2593 2600 2592
3 2593 2594 2602
3 2602 2601 2593
3 2594 2595 2603
3 2603 2602 2594
3 2595 2596 2604
3 2604 2603 2595
3 2596 2597 2605
3 2605 2604 2596
3 2597 2598 2606
3 2606 2605 2597
3 2598 2599 2607
3 2607 2606 2598
3 2599 2600 2608
3 2608 2607 2599
3 2600 2593 2601
3 2601 2608 2600
3 2601 2602 2610
3 2610 2609 2601
3 2602 2603 2611
3 2611 2610 2602
3 2603 2604 2612
3 2612 2611 2603
3 2604 2605 2613
3 2613 2612 2604
3 2605 2606 2614
3 2614 2613 2605
3 2606 2607 2615
3 2615 2614 2606
3 2607 2608 2616
3 2616 2615 2607
3 2608 2601 2609
3 2609 2616 2608
3 2609 2610 2618
3 2618 2617 2609
3 2610 2611 2619
3 2619 2618 2610
3 2611 2612 2620
3 2620 2619 2611
3 2612 2613 2621
3 2621 2620 2612
3 2613 2614 2622
3 2622 2621 2613
3 2614 2615 2623
3 2623 2622 2614
3 2615 2616 2624
3 2624 2623 2615
3 2616 2609 2617
3 2617 2624 2616
3 2617 2618 2626
3 2626 2625 2617
3 2618 2619 2627
3 2627 2626 2618
3 2619 2620 2628
3 2628 2627 2619
3 2620 2621 2629
3 2629 2628 2620
3 2621 2622 2630
3 2630 2629 2621
3 2622 2623 2631
3 2631 2630 2622
3 2623 2624 2632
3 2632 2631 2623
3 2624 2617 2625
3 2625 2632 2624
3 2633 2626 2625
3 2633 2627 2626
3 2633 2628 2627
3 2633 2629 2628
3 2633 2630 2629
3 2633 2631 2630
3 2633 2632 2631
3 2633 2625 2632

3 2634 2635 2636
3 2634 2636 2637
3 2634 2637 2638
3 2634 2638 2639
3 2634 2639 2640
3 2634 2640 2641
3 2634 2641 2642
3 2634 2642 2635

3 2635 2636 2644
3 2644 2643 2635
3 2636 2637 2645
3 2645 2644 2636
3 2637 2638 2646
3 2646 2645 2637
3 2638 2639 2647
3 2647 2646 2638
3 2639 2640 2648
3 2648 2647 2639
3 2640 2641 2649
3 2649 2648 2640
3 2641 2642 2650
3 2650 2649 2641
3 2642 2635 2643
3 2643 2650 2642
3 2643 2644 2652
3 2652 2651 2643
3 2644 2645 2653
3 2653 2652 2644
3 2645 2646 2654
3 2654 2653 2645
3 2646 2647 2655
3 2655 2654 2646
3 2647 2648 2656
3 2656 2655 2647
3 2648 2649 2657
3 2657 2656 2648
3 2649 2650 2658
3 2658 2657 2649
3 2650 2643 2651
3 2651 2658 2650
3 2651 2652 2660
3 2660 2659 2651
3 2652 2653 2661
3 2661 2660 2652
3 2653 2654 2662
3 2662 2661 2653
3 2654 2655 2663
3 2663 2662 2654
3 2655 2656 2664
3 2664 2663 2655
3 2656 2657 2665
3 2665 2664 2656
3 2657 2658 2666
3 2666 2665 2657
3 2658 2651 2659
3 2659 2666 2658
3 2659 2660 2668
3 2668 2667 2659
3 2660 2661 2669
3 2669 2668 2660
3 2661 2662 2670
3 2670 2669 2661
3 2662 2663 2671
3 2671 2670 2662
3 2663 2664 2672
3 2672 2671 2663
3 2664 2665 2673
3 2673 2672 2664
3 2665 2666 2674
3 2674 2673 2665
3 2666 2659 2667
3 2667 2674 2666
3 2667 2668 2676
3 2676 2675 2667
3 2668 2669 2677
3 2677 2676 2668
3 2669 2670 2678
3 2678 2677 2669
3 2670 2671 2679
3 2679 2678 2670
3 2671 2672 2680
3 2680 2679 2671
3 2672 2673 2681
3 2681 2680 2672
3 2673 2674 2682
3 2682 2681 2673
3 2674 2667 2675
3 2675 2682 2674
3 2675 2676 2684
3 2684 2683 2675
3 2676 2677 2685
3 2685 2684 2676
3 2677 2678 2686
3 2686 2685 2677
3 2678 2679 2687
3 2687 2686 2678
3 2679 2680 2688
3 2688 2687 2679
3 2680 2681 2689
3 2689 2688 2680
3 2681 2682 2690
3 2690 2689 2681
3 2682 2675 2683
3 2683 2690 2682
3 2683 2684 2692
3 2692 2691 2683
3 2684 2685 2693
3 2693 2692 2684
3 2685 2686 2694
3 2694 2693 2685
3 2686 2687 2695
3 2695 2694 2686
3 2687 2688 2696
3 2696 2695 2687
3 2688 2689 2697
3 2697 2696 2688
3 2689 2690 2698
3 2698 2697 2689
3 2690 2683 2691
3 2691 2698 2690
3 2691 2692 2700
3 2700 2699 2691
3 2692 2693 2701
3 2701 2700 2692
3 2693 2694 2702
3 2702 2701 2693
3 2694 2695 2703
3 2703 2702 2694
3 2695 2696 2704
3 2704 2703 2695
3 2696 2697 2705
3 2705 2704 2696
3 2697 2698 2706
3 2706 2705 2697
3 2698 2691 2699
3 2699 2706 2698
3 2699 2700 2708
3 2708 2707 2699
3 2700 2701 2709
3 2709 2708 2700
3 2701 2702 2710
3 2710 2709 2701
3 2702 2703 2711
3 2711 2710 2702
3 2703 2704 2712
3 2712 2711 2703
3 2704 2705 2713
3 2713 2712 2704
3 2705 2706 2714
3 2714 2713 2705
3 2706 2699 2707
3 2707 2714 2706
3 2707 2708 2716
3 2716 2715 2707
3 2708 2709 2717
3 2717 2716 2708
3 2709 2710 2718
3 2718 2717 2709
3 2710 2711 2719
3 2719 2718 2710
3 2711 2712 2720
3 2720 2719 2711
3 2712 2713 2721
3 2721 2720 2712
3 2713 2714 2722
3 2722 2721 2713
3 2714 2707 2715
3 2715 2722 2714
3 2715 2716 2724
3 2724 2723 2715
3 2716 2717 2725
3 2725 2724 2716
3 2717 2718 2726
3 2726 2725 2717
3 2718 2719 2727
3 2727 2726 2718
3 2719 2720 2728
3 2728 2727 2719
3 2720 2721 2729
3 2729 2728 2720
3 2721 2722 2730
3 2730 2729 2721
3 2722 2715 2723
3 2723 2730 2722
3 2723 2724 2732
3 2732 2731 2723
3 2724 2725 2733
3 2733 2732 2724
3 2725 2726 2734
3 2734 2733 2725
3 2726 2727 2735
3 2735 2734 2726
3 2727 2728 2736
3 2736 2735 2727
3 2728 2729 2737
3 2737 2736 2728
3 2729 2730 2738
3 2738 2737 2729
3 2730 2723 2731
3 2731 2738 2730
3 2731 2732 2740
3 2740 2739 2731
3 2732 2733 2741
3 2741 2740 2732
3 2733 2734 2742
3 2742 2741 2733
3 2734 2735 2743
3 2743 2742 2734
3 2735 2736 2744
3 2744 2743 2735
3 2736 2737 2745
3 2745 2744 2736
3 2737 2738 2746
3 2746 2745 2737
3 2738 2731 2739
3 2739 2746 2738
3 2739 2740 2748
3 2748 2747 2739
3 2740 2741 2749
3 2749 2748 2740
3 2741 2742 2750
3 2750 2749 2741
3 2742 2743 2751
3 2751 2750 2742
3 2743 2744 2752
3 2752 2751 2743
3 2744 2745 2753
3 2753 2752 2744
3 2745 2746 2754
3 2754 2753 2745
3 2746 2739 2747
3 2747 2754 2746
3 2747 2748 2756
3 2756 2755 2747
3 2748 2749 2757
3 2757 2756 2748
3 2749 2750 2758
3 2758 2757 2749
3 2750 2751 2759
3 2759 2758 2750
3 2751 2752 2760
3 2760 2759 2751
3 2752 2753 2761
3 2761 2760 2752
3 2753 2754 2762
3 2762 2761 2753
3 2754 2747 2755
3 2755 2762 2754
3 2755 2756 2764
3 2764 2763 2755
3 2756 2757 2765
3 2765 2764 2756
3 2757 2758 2766
3 2766 2765 2757
3 2758 2759 2767
3 2767 2766 2758
3 2759 2760 2768
3 2768 2767 2759
3 2760 2761 2769
3 2769 2768 2760
3 2761 2762 2770
3 2770 2769 2761
3 2762 2755 2763
3 2763 2770 2762
3 2763 2764 2772
3 2772 2771 2763
3 2764 2765 2773
3 2773 2772 2764
3 2765 2766 2774
3 2774 2773 2765
3 2766 2767 2775
3 2775 2774 2766
3 2767 2768 2776
3 2776 2775 2767
3 2768 2769 2777
3 2777 2776 2768
3 2769 2770 2778
3 2778 2777 2769
3 2770 2763 2771
3 2771 2778 2770
3 2771 2772 2780
3 2780 2779 2771
3 2772 2773 2781
3 2781 2780 2772
3 2773 2774 2782
3 2782 2781 2773
3 2774 2775 2783
3 2783 2782 2774
3 2775 2776 2784
3 2784 2783 2775
3 2776 2777 2785
3 2785 2784 2776
3 2777 2778 2786
3 2786 2785 2777
3 2778 2771 2779
3 2779 2786 2778
3 2779 2780 2788
3 2788 2787 2779
3 2780 2781 2789
3 2789 2788 2780
3 2781 2782 2790
3 2790 2789 2781
3 2782 2783 2791
3 2791 2790 2782
3 2783 2784 2792
3 2792 2791 2783
3 2784 2785 2793
3 2793 2792 2784
3 2785 2786 2794
3 2794 2793 2785
3 2786 2779 2787
3 2787 2794 2786
3 2787 2788 2796
3 2796 2795 2787
3 2788 2789 2797
3 2797 2796 2788
3 2789 2790 2798
3 2798 2797 2789
3 2790 2791 2799
3 2799 2798 2790
3 2791 2792 2800
3 2800 2799 2791
3 2792 2793 2801
3 2801 2800 2792
3 2793 2794 2802
3 2802 2801 2793
3 2794 2787 2795
3 2795 2802 2794
3 2795 2796 2804
3 2804 2803 2795
3 2796 2797 2805
3 2805 2804 2796
3 2797 2798 2806
3 2806 2805 2797
3 2798 2799 2807
3 2807 2806 2798
3 2799 2800 2808
3 2808 2807 2799
3 2800 2801 2809
3 2809 2808 2800
3 2801 2802 2810
3 2810 2809 2801
3 2802 2795 2803
3 2803 2810 2802
3 2803 2804 2812
3 2812 2811 2803
3 2804 2805 2813
3 2813 2812 2804
3 2805 2806 2814
3 2814 2813 2805
3 2806 2807 2815
3 2815 2814 2806
3 2807 2808 2816
3 2816 2815 2807
3 2808 2809 2817
3 2817 2816 2808
3 2809 2810 2818
3 2818 2817 2809
3 2810 2803 2811
3 2811 2818 2810
3 2811 2812 2820
3 2820 2819 2811
3 2812 2813 2821
3 2821 2820 2812
3 2813 2814 2822
3 2822 2821 2813
3 2814 2815 2823
3 2823 2822 2814
3 2815 2816 2824
3 2824 2823 2815
3 2816 2817 2825
3 2825 2824 2816
3 2817 2818 2826
3 2826 2825 2817
3 2818 2811 2819
3 2819 2826 2818
3 2819 2820 2828
3 2828 2827 2819
3 2820 2821 2829
3 2829 2828 2820
3 2821 2822 2830
3 2830 2829 2821
3 2822 2823 2831
3 2831 2830 2822
3 2823 2824 2832
3 2832 2831 2823
3 2824 2825 2833
3 2833 2832 2824
3 2825 2826 2834
3 2834 2833 2825
3 2826 2819 2827
3 2827 2834 2826
3 2827 2828 2836
3 2836 2835 2827
3 2828 2829 2837
3 2837 2836 2828
3 2829 2830 2838
3 2838 2837 2829
3 2830 2831 2839
3 2839 2838 2830
3 2831 2832 2840
3 2840 2839 2831
3 2832 2833 2841
3 2841 2840 2832
3 2833 2834 2842
3 2842 2841 2833
3 2834 2827 2835
3 2835 2842 2834
3 2835 2836 2844
3 2844 2843 2835
3 2836 2837 2845
3 2845 2844 2836
3 2837 2838 2846
3 2846 2845 2837
3 2838 2839 2847
3 2847 2846 2838
3 2839 2840 2848
3 2848 2847 2839
3 2840 2841 2849
3 2849 2848 2840
3 2841 2842 2850
3 2850 2849 2841
3 2842 2835 2843
3 2843 2850 2842
3 2843 2844 2852
3 2852 2851 2843
3 2844 2845 2853
3 2853 2852 2844
3 2845 2846 2854
3 2854 2853 2845
3 2846 2847 2855
3 2855 2854 2846
3 2847 2848 2856
3 2856 2855 2847
3 2848 2849 2857
3 2857 2856 2848
3 2849 2850 2858
3 2858 2857 2849
3 2850 2843 2851
3 2851 2858 2850
3 2851 2852 2860
3 2860 2859 2851
3 2852 2853 2861
3 2861 2860 2852
3 2853 2854 2862
3 2862 2861 2853
3 2854 2855 2863
3 2863 2862 2854
3 2855 2856 2864
3 2864 2863 2855
3 2856 2857 2865
3 2865 2864 2856
3 2857 2858 2866
3 2866 2865 2857
3 2858 2851 2859
3 2859 2866 2858
3 2859 2860 2868
3 2868 2867 2859
3 2860 2861 2869
3 2869 2868 2860
3 2861 2862 2870
3 2870 2869 2861
3 2862 2863 2871
3 2871 2870 2862
3 2863 2864 2872
3 2872 2871 2863
3 2864 2865 2873
3 2873 2872 2864
3 2865 2866 2874
3 2874 2873 2865
3 2866 2859 2867
3 2867 2874 2866
3 2867 2868 2876
3 2876 2875 2867
3 2868 2869 2877
3 2877 2876 2868
3 2869 2870 2878
3 2878 2877 2869
3 2870 2871 2879
3 2879 2878 2870
3 2871 2872 2880
3 2880 2879 2871
3 2872 2873 2881
3 2881 2880 2872
3 2873 2874 2882
3 2882 2881 2873
3 2874 2867 2875
3 2875 2882 2874
3 2875 2876 2884
3 2884 2883 2875
3 2876 2877 2885
3 2885 2884 2876
3 2877 2878 2886
3 2886 2885 2877
3 2878 2879 2887
3 2887 2886 2878
3 2879 2880 2888
3 2888 2887 2879
3 2880 2881 2889
3 2889 2888 2880
3 2881 2882 2890
3 2890 2889 2881
3 2882 2875 2883
3 2883 2890 2882
3 2883 2884 2892
3 2892 2891 2883
3 2884 2885 2893
3 2893 2892 2884
3 2885 2886 2894
3 2894 2893 2885
3 2886 2887 2895
3 2895 2894 2886
3 2887 2888 2896
3 2896 2895 2887
3 2888 2889 2897
3 2897 2896 2888
3 2889 2890 2898
3 2898 2897 2889
3 2890 2883 2891
3 2891 2898 2890
3 2891 2892 2900
3 2900 2899 2891
3 2892 2893 2901
3 2901 2900 2892
3 2893 2894 2902
3 2902 2901 2893
3 2894 2895 2903
3 2903 2902 2894
3 2895 2896 2904
3 2904 2903 2895
3 2896 2897 2905
3 2905 2904 2896
3 2897 2898 2906
3 2906 2905 2897
3 2898 2891 2899
3 2899 2906 2898
3 2899 2900 2908
3 2908 2907 2899
3 2900 2901 2909
3 2909 2908 2900
3 2901 2902 2910
3 2910 2909 2901
3 2902 2903 2911
3 2911 2910 2902
3 2903 2904 2912
3 2912 2911 2903
3 2904 2905 2913
3 2913 2912 2904
3 2905 2906 2914
3 2914 2913 2905
3 2906 2899 2907
3 2907 2914 2906
3 2907 2908 2916
3 2916 2915 2907
3 2908 2909 2917
3 2917 2916 2908
3 2909 2910 2918
3 2918 2917 2909
3 2910 2911 2919
3 2919 2918 2910
3 2911 2912 2920
3 2920 2919 2911
3 2912 2913 2921
3 2921 2920 2912
3 2913 2914 2922
3 2922 2921 2913
3 2914 2907 2915
3 2915 2922 2914
3 2915 2916 2924
3 2924 2923 2915
3 2916 2917 2925
3 2925 2924 2916
3 2917 2918 2926
3 2926 2925 2917
3 2918 2919 2927
3 2927 2926 2918
3 2919 2920 2928
3 2928 2927 2919
3 2920 2921 2929
3 2929 2928 2920
3 2921 2922 2930
3 2930 2929 2921
3 2922 2915 2923
3 2923 2930 2922
3 2923 2924 2932
3 2932 2931 2923
3 2924 2925 2933
3 2933 2932 2924
3 2925 2926 2934
3 2934 2933 2925
3 2926 2927 2935
3 2935 2934 2926
3 2927 2928 2936
3 2936 2935 2927
3 2928 2929 2937
3 2937 2936 2928
3 2929 2930 2938
3 2938 2937 2929
3 2930 2923 2931
3 2931 2938 2930
3 2931 2932 2940
3 2940 2939 2931
3 2932 2933 2941
3 2941 2940 2932
3 2933 2934 2942
3 2942 2941 2933
3 2934 2935 2943
3 2943 2942 2934
3 2935 2936 2944
3 2944 2943 2935
3 2936 2937 2945
3 2945 2944 2936
3 2937 2938 2946
3 2946 2945 2937
3 2938 2931 2939
3 2939 2946 2938
3 2939 2940 2948
3 2948 2947 2939
3 2940 2941 2949
3 2949 2948 2940
3 2941 2942 2950
3 2950 2949 2941
3 2942 2943 2951
3 2951 2950 2942
3 2943 2944 2952
3 2952 2951 2943
3 2944 2945 2953
3 2953 2952 2944
3 2945 2946 2954
3 2954 2953 2945
3 2946 2939 2947
3 2947 2954 2946
3 2947 2948 2956
3 2956 2955 2947
3 2948 2949 2957
3 2957 2956 2948
3 2949 2950 2958
3 2958 2957 2949
3 2950 2951 2959
3 2959 2958 2950
3 2951 2952 2960
3 2960 2959 2951
3 2952 2953 2961
3 2961 2960 2952
3 2953 2954 2962
3 2962 2961 2953
3 2954 2947 2955
3 2955 2962 2954
3 2955 2956 2964
3 2964 2963 2955
3 2956 2957 2965
3 2965 2964 2956
3 2957 2958 2966
3 2966 2965 2957
3 2958 2959 2967
3 2967 2966 2958
3 2959 2960 2968
3 2968 2967 2959
3 2960 2961 2969
3 2969 2968 2960
3 2961 2962 2970
3 2970 2969 2961
3 2962 2955 2963
3 2963 2970 2962
3 2963 2964 2972
3 2972 2971 2963
3 2964 2965 2973
3 2973 2972 2964
3 2965 2966 2974
3 2974 2973 2965
3 2966 2967 2975
3 2975 2974 2966
3 2967 2968 2976
3 2976 2975 2967
3 2968 2969 2977
3 2977 2976 2968
3 2969 2970 2978
3 2978 2977 2969
3 2970 2963 2971
3 2971 2978 2970
3 2971 2972 2980
3 2980 2979 2971
3 2972 2973 2981
3 2981 2980 2972
3 2973 2974 2982
3 2982 2981 2973
3 2974 2975 2983
3 2983 2982 2974
3 2975 2976 2984
3 2984 2983 2975
3 2976 2977 2985
3 2985 2984 2976
3 2977 2978 2986
3 2986 2985 2977
3 2978 2971 2979
3 2979 2986 2978
3 2979 2980 2988
3 2988 2987 2979
3 2980 2981 2989
3 2989 2988 2980
3 2981 2982 2990
3 2990 2989 2981
3 2982 2983 2991
3 2991 2990 2982
3 2983 2984 2992
3 2992 2991 2983
3 2984 2985 2993
3 2993 2992 2984
3 2985 2986 2994
3 2994 2993 2985
3 2986 2979 2987
3 2987 2994 2986
3 2987 2988 2996
3 2996 2995 2987
3 2988 2989 2997
3 2997 2996 2988
3 2989 2990 2998
3 2998 2997 2989
3 2990 2991 2999
3 2999 2998 2990
3 2991 2992 3000
3 3000 2999 2991
3 2992 2993 3001
3 3001 3000 2992
3 2993 2994 3002
3 3002 3001 2993
3 2994 2987 2995
3 2995 3002 2994
3 2995 2996 3004
3 3004 3003 2995
3 2996 2997 3005
3 3005 3004 2996
3 2997 2998 3006
3 3006 3005 2997
3 2998 2999 3007
3 3007 3006 2998
3 2999 3000 3008
3 3008 3007 2999
3 3000 3001 3009
3 3009 3008 3000
3 3001 3002 3010
3 3010 3009 3001
3 3002 2995 3003
3 3003 3010 3002
3 3003 3004 3012
3 3012 3011 3003
3 3004 3005 3013
3 3013 3012 3004
3 3005 3006 3014
3 3014 3013 3005
3 3006 3007 3015
3 3015 3014 3006
3 3007 3008 3016
3 3016 3015 3007
3 3008 3009 3017
3 3017 3016 3008
3 3009 3010 3018
3 3018 3017 3009
3 3010 3003 3011
3 3011 3018 3010
3 3011 3012 3020
3 3020 3019 3011
3 3012 3013 3021
3 3021 3020 3012
3 3013 3014 3022
3 3022 3021 3013
3 3014 3015 3023
3 3023 3022 3014
3 3015 3016 3024
3 3024 3023 3015
3 3016 3017 3025
3 3025 3024 3016
3 3017 3018 3026
3 3026 3025 3017
3 3018 3011 3019
3 3019 3026 3018
3 3019 3020 3028
3 3028 3027 3019
3 3020 3021 3029
3 3029 3028 3020
3 3021 3022 3030
3 3030 3029 3021
3 3022 3023 3031
3 3031 3030 3022
3 3023 3024 3032
3 3032 3031 3023
3 3024 3025 3033
3 3033 3032 3024
3 3025 3026 3034
3 3034 3033 3025
3 3026 3019 3027
3 3027 3034 3026
3 3027 3028 3036
3 3036 3035 3027
3 3028 3029 3037
3 3037 3036 3028
3 3029 3030 3038
3 3038 3037 3029
3 3030 3031 3039
3 3039 3038 3030
3 3031 3032 3040
3 3040 3039 3031
3 3032 3033 3041
3 3041 3040 3032
3 3033 3034 3042
3 3042 3041 3033
3 3034 3027 3035
3 3035 3042 3034
3 3035 3036 3044
3 3044 3043 3035
3 3036 3037 3045
3 3045 3044 3036
3 3037 3038 3046
3 3046 3045 3037
3 3038 3039 3047
3 3047 3046 3038
3 3039 3040 3048
3 3048 3047 3039
3 3040 3041 3049
3 3049 3048 3040
3 3041 3042 3050
3 3050 3049 3041
3 3042 3035 3043
3 3043 3050 3042
3 3043 3044 3052
3 3052 3051 3043
3 3044 3045 3053
3 3053 3052 3044
3 3045 3046 3054
3 3054 3053 3045
3 3046 3047 3055
3 3055 3054 3046
3 3047 3048 3056
3 3056 3055 3047
3 3048 3049 3057
3 3057 3056 3048
3 3049 3050 3058
3 3058 3057 3049
3 3050 3043 3051
3 3051 3058 3050
3 3051 3052 3060
3 3060 3059 3051
3 3052 3053 3061
3 3061 3060 3052
3 3053 3054 3062
3 3062 3061 3053
3 3054 3055 3063
3 3063 3062 3054
3 3055 3056 3064
3 3064 3063 3055
3 3056 3057 3065
3 3065 3064 3056
3 3057 3058 3066
3 3066 3065 3057
3 3058 3051 3059
3 3059 3066 3058
3 3059 3060 3068
3 3068 3067 3059
3 3060 3061 3069
3 3069 3068 3060
3 3061 3062 3070
3 3070 3069 3061
3 3062 3063 3071
3 3071 3070 3062
3 3063 3064 3072
3 3072 3071 3063
3 3064 3065 3073
3 3073 3072 3064
3 3065 3066 3074
3 3074 3073 3065
3 3066 3059 3067
3 3067 3074 3066
3 3067 3068 3076
3 3076 3075 3067
3 3068 3069 3077
3 3077 3076 3068
3 3069 3070 3078
3 3078 3077 3069
3 3070 3071 3079
3 3079 3078 3070
3 3071 3072 3080
3 3080 3079 3071
3 3072 3073 3081
3 3081 3080 3072
3 3073 3074 3082
3 3082 3081 3073
3 3074 3067 3075
3 3075 3082 3074
3 3075 3076 3084
3 3084 3083 3075
3 3076 3077 3085
3 3085 3084 3076
3 3077 3078 3086
3 3086 3085 3077
3 3078 3079 3087
3 3087 3086 3078
3 3079 3080 3088
3 3088 3087 3079
3 3080 3081 3089
3 3089 3088 3080
3 3081 3082 3090
3 3090 3089 3081
3 3082 3075 3083
3 3083 3090 3082
3 3083 3084 3092
3 3092 3091 3083
3 3084 3085 3093
3 3093 3092 3084
3 3085 3086 3094
3 3094 3093 3085
3 3086 3087 3095
3 3095 3094 3086
3 3087 3088 3096
3 3096 3095 3087
3 3088 3089 3097
3 3097 3096 3088
3 3089 3090 3098
3 3098 3097 3089
3 3090 3083 3091
3 3091 3098 3090
3 3091 3092 3100
3 3100 3099 3091
3 3092 3093 3101
3 3101 3100 3092
3 3093 3094 3102
3 3102 3101 3093
3 3094 3095 3103
3 3103 3102 3094
3 3095 3096 3104
3 3104 3103 3095
3 3096 3097 3105
3 3105 3104 3096
3 3097 3098 3106
3 3106 3105 3097
3 3098 3091 3099
3 3099 3106 3098
3 3099 3100 3108
3 3108 3107 3099
3 3100 3101 3109
3 3109 3108 3100
3 3101 3102 3110
3 3110 3109 3101
3 3102 3103 3111
3 3111 3110 3102
3 3103 3104 3112
3 3112 3111 3103
3 3104 3105 3113
3 3113 3112 3104
3 3105 3106 3114
3 3114 3113 3105
3 3106 3099 3107
3 3107 3114 3106
3 3107 3108 3116
3 3116 3115 3107
3 3108 3109 3117
3 3117 3116 3108
3 3109 3110 3118
3 3118 3117 3109
3 3110 3111 3119
3 3119 3118 3110
3 3111 3112 3120
3 3120 3119 3111
3 3112 3113 3121
3 3121 3120 3112
3 3113 3114 3122
3 3122 3121 3113
3 3114 3107 3115
3 3115 3122 3114
3 3115 3116 3124
3 3124 3123 3115
3 3116 3117 3125
3 3125 3124 3116
3 3117 3118 3126
3 3126 3125 3117
3 3118 3119 3127
3 3127 3126 3118
3 3119 3120 3128
3 3128 3127 3119
3 3120 3121 3129
3 3129 3128 3120
3 3121 3122 3130
3 3130 3129 3121
3 3122 3115 3123
3 3123 3130 3122
3 3123 3124 3132
3 3132 3131 3123
3 3124 3125 3133
3 3133 3132 3124
3 3125 3126 3134
3 3134 3133 3125
3 3126 3127 3135
3 3135 3134 3126
3 3127 3128 3136
3 3136 3135 3127
3 3128 3129 3137
3 3137 3136 3128
3 3129 3130 3138
3 3138 3137 3129
3 3130 3123 3131
3 3131 3138 3130
3 3131 3132 3140
3 3140 3139 3131
3 3132 3133 3141
3 3141 3140 3132
3 3133 3134 3142
3 3142 3141 3133
3 3134 3135 3143
3 3143 3142 3134
3 3135 3136 3144
3 3144 3143 3135
3 3136 3137 3145
3 3145 3144 3136
3 3137 3138 3146
3 3146 3145 3137
3 3138 3131 3139
3 3139 3146 3138
3 3139 3140 3148
3 3148 3147 3139
3 3140 3141 3149
3 3149 3148 3140
3 3141 3142 3150
3 3150 3149 3141
3 3142 3143 3151
3 3151 3150 3142
3 3143 3144 3152
3 3152 3151 3143
3 3144 3145 3153
3 3153 3152 3144
3 3145 3146 3154
3 3154 3153 3145
3 3146 3139 3147
3 3147 3154 3146
3 3147 3148 3156
3 3156 3155 3147
3 3148 3149 3157
3 3157 3156 3148
3 3149 3150 3158
3 3158 3157 3149
3 3150 3151 3159
3 3159 3158 3150
3 3151 3152 3160
3 3160 3159 3151
3 3152 3153 3161
3 3161 3160 3152
3 3153 3154 3162
3 3162 3161 3153
3 3154 3147 3155
3 3155 3162 3154
3 3155 3156 3164
3 3164 3163 3155
3 3156 3157 3165
3 3165 3164 3156
3 3157 3158 3166
3 3166 3165 3157
3 3158 3159 3167
3 3167 3166 3158
3 3159 3160 3168
3 3168 3167 3159
3 3160 3161 3169
3 3169 3168 3160
3 3161 3162 3170
3 3170 3169 3161
3 3162 3155 3163
3 3163 3170 3162
3 3163 3164 3172
3 3172 3171 3163
3 3164 3165 3173
3 3173 3172 3164
3 3165 3166 3174
3 3174 3173 3165
3 3166 3167 3175
3 3175 3174 3166
3 3167 3168 3176
3 3176 3175 3167
3 3168 3169 3177
3 3177 3176 3168
3 3169 3170 3178
3 3178 3177 3169
3 3170 3163 3171
3 3171 3178 3170
3 3171 3172 3180
3 3180 3179 3171
3 3172 3173 3181
3 3181 3180 3172
3 3173 3174 3182
3 3182 3181 3173
3 3174 3175 3183
3 3183 3182 3174
3 3175 3176 3184
3 3184 3183 3175
3 3176 3177 3185
3 3185 3184 3176
3 3177 3178 3186
3 3186 3185 3177
3 3178 3171 3179
3 3179 3186 3178
3 3179 3180 3188
3 3188 3187 3179
3 3180 3181 3189
3 3189 3188 3180
3 3181 3182 3190
3 3190 3189 3181
3 3182 3183 3191
3 3191 3190 3182
3 3183 3184 3192
3 3192 3191 3183
3 3184 3185 3193
3 3193 3192 3184
3 3185 3186 3194
3 3194 3193 3185
3 3186 3179 3187
3 3187 3194 3186
3 3187 3188 3196
3 3196 3195 3187
3 3188 3189 3197
3 3197 3196 3188
3 3189 3190 3198
3 3198 3197 3189
3 3190 3191 3199
3 3199 3198 3190
3 3191 3192 3200
3 3200 3199 3191
3 3192 3193 3201
3 3201 3200 3192
3 3193 3194 3202
3 3202 3201 3193
3 3194 3187 3195
3 3195 3202 3194
3 3203 3196 3195
3 3203 3197 3196
3 3203 3198 3197
3 3203 3199 3198
3 3203 3200 3199
3 3203 3201 3200
3 3203 3202 3201
3 3203 3195 3202

3 3204 3205 3206
3 3204 3206 3207
3 3204 3207 3208
3 3204 3208 3209
3 3204 3209 3210
3 3204 3210 3211
3 3204 3211 3212
3 3204 3212 3205

3 3205 3206 3214
3 3214 3213 3205
3 3206 3207 3215
3 3215 3214 3206
3 3207 3208 3216
3 3216 3215 3207
3 3208 3209 3217
3 3217 3216 3208
3 3209 3210 3218
3 3218 3217 3209
3 3210 3211 3219
3 3219 3218 3210
3 3211 3212 3220
3 3220 3219 3211
3 3212 3205 3213
3 3213 3220 3212
3 3213 3214 3222
3 3222 3221 3213
3 3214 3215 3223
3 3223 3222 3214
3 3215 3216 3224
3 3224 3223 3215
3 3216 3217 3225
3 3225 3224 3216
3 3217 3218 3226
3 3226 3225 3217
3 3218 3219 3227
3 3227 3226 3218
3 3219 3220 3228
3 3228 3227 3219
3 3220 3213 3221
3 3221 3228 3220
3 3221 3222 3230
3 3230 3229 3221
3 3222 3223 3231
3 3231 3230 3222
3 3223 3224 3232
3 3232 3231 3223
3 3224 3225 3233
3 3233 3232 3224
3 3225 3226 3234
3 3234 3233 3225
3 3226 3227 3235
3 3235 3234 3226
3 3227 3228 3236
3 3236 3235 3227
3 3228 3221 3229
3 3229 3236 3228
3 3229 3230 3238
3 3238 3237 3229
3 3230 3231 3239
3 3239 3238 3230
3 3231 3232 3240
3 3240 3239 3231
3 3232 3233 3241
3 3241 3240 3232
3 3233 3234 3242
3 3242 3241 3233
3 3234 3235 3243
3 3243 3242 3234
3 3235 3236 3244
3 3244 3243 3235
3 3236 3229 3237
3 3237 3244 3236
3 3237 3238 3246
3 3246 3245 3237
3 3238 3239 3247
3 3247 3246 3238
3 3239 3240 3248
3 3248 3247 3239
3 3240 3241 3249
3 3249 3248 3240
3 3241 3242 3250
3 3250 3249 3241
3 3242 3243 3251
3 3251 3250 3242
3 3243 3244 3252
3 3252 3251 3243
3 3244 3237 3245
3 3245 3252 3244
3 3245 3246 3254
3 3254 3253 3245
3 3246 3247 3255
3 3255 3254 3246
3 3247 3248 3256
3 3256 3255 3247
3 3248 3249 3257
3 3257 3256 3248
3 3249 3250 3258
3 3258 3257 3249
3 3250 3251 3259
3 3259 3258 3250
3 3251 3252 3260
3 3260 3259 3251
3 3252 3245 3253
3 3253 3260 3252
3 3253 3254 3262
3 3262 3261 3253
3 3254 3255 3263
3 3263 3262 3254
3 3255 3256 3264
3 3264 3263 3255
3 3256 3257 3265
3 3265 3264 3256
3 3257 3258 3266
3 3266 3265 3257
3 3258 3259 3267
3 3267 3266 3258
3 3259 3260 3268
3 3268 3267 3259
3 3260 3253 3261
3 3261 3268 3260
3 3261 3262 3270
3 3270 3269 3261
3 3262 3263 3271
3 3271 3270 3262
3 3263 3264 3272
3 3272 3271 3263
3 3264 3265 3273
3 3273 3272 3264
3 3265 3266 3274
3 3274 3273 3265
3 3266 3267 3275
3 3275 3274 3266
3 3267 3268 3276
3 3276 3275 3267
3 3268 3261 3269
3 3269 3276 3268
3 3269 3270 3278
3 3278 3277 3269
3 3270 3271 3279
3 3279 3278 3270
3 3271 3272 3280
3 3280 3279 3271
3 3272 3273 3281
3 3281 3280 3272
3 3273 3274 3282
3 3282 3281 3273
3 3274 3275 3283
3 3283 3282 3274
3 3275 3276 3284
3 3284 3283 3275
3 3276 3269 3277
3 3277 3284 3276
3 3277 3278 3286
3 3286 3285 3277
3 3278 3279 3287
3 3287 3286 3278
3 3279 3280 3288
3 3288 3287 3279
3 3280 3281 3289
3 3289 3288 3280
3 3281 3282 3290
3 3290 3289 3281
3 3282 3283 3291
3 3291 3290 3282
3 3283 3284 3292
3 3292 3291 3283
3 3284 3277 3285
3 3285 3292 3284
3 3285 3286 3294
3 3294 3293 3285
3 3286 3287 3295
3 3295 3294 3286
3 3287 3288 3296
3 3296 3295 3287
3 3288 3289 3297
3 3297 3296 3288
3 3289 3290 3298
3 3298 3297 3289
3 3290 3291 3299
3 3299 3298 3290
3 3291 3292 3300
3 3300 3299 3291
3 3292 3285 3293
3 3293 3300 3292
3 3293 3294 3302
3 3302 3301 3293
3 3294 3295 3303
3 3303 3302 3294
3 3295 3296 3304
3 3304 3303 3295
3 3296 3297 3305
3 3305 3304 3296
3 3297 3298 3306
3 3306 3305 3297
3 3298 3299 3307
3 3307 3306 3298
3 3299 3300 3308
3 3308 3307 3299
3 3300 3293 3301
3 3301 3308 3300
3 3301 3302 3310
3 3310 3309 3301
3 3302 3303 3311
3 3311 3310 3302
3 3303 3304 3312
3 3312 3311 3303
3 3304 3305 3313
3 3313 3312 3304
3 3305 3306 3314
3 3314 3313 3305
3 3306 3307 3315
3 3315 3314 3306
3 3307 3308 3316
3 3316 3315 3307
3 3308 3301 3309
3 3309 3316 3308
3 3309 3310 3318
3 3318 3317 3309
3 3310 3311 3319
3 3319 3318 3310
3 3311 3312 3320
3 3320 3319 3311
3 3312 3313 3321
3 3321 3320 3312
3 3313 3314 3322
3 3322 3321 3313
3 3314 3315 3323
3 3323 3322 3314
3 3315 3316 3324
3 3324 3323 3315
3 3316 3309 3317
3 3317 3324 3316
3 3317 3318 3326
3 3326 3325 3317
3 3318 3319 3327
3 3327 3326 3318
3 3319 3320 3328
3 3328 3327 3319
3 3320 3321 3329
3 3329 3328 3320
3 3321 3322 3330
3 3330 3329 3321
3 3322 3323 3331
3 3331 3330 3322
3 3323 3324 3332
3 3332 3331 3323
3 3324 3317 3325
3 3325 3332 3324
3 3325 3326 3334
3 3334 3333 3325
3 3326 3327 3335
3 3335 3334 3326
3 3327 3328 3336
3 3336 3335 3327
3 3328 3329 3337
3 3337 3336 3328
3 3329 3330 3338
3 3338 3337 3329
3 3330 3331 3339
3 3339 3338 3330
3 3331 3332 3340
3 3340 3339 3331
3 3332 3325 3333
3 3333 3340 3332
3 3333 3334 3342
3 3342 3341 3333
3 3334 3335 3343
3 3343 3342 3334
3 3335 3336 3344
3 3344 3343 3335
3 3336 3337 3345
3 3345 3344 3336
3 3337 3338 3346
3 3346 3345 3337
3 3338 3339 3347
3 3347 3346 3338
3 3339 3340 3348
3 3348 3347 3339
3 3340 3333 3341
3 3341 3348 3340
3 3341 3342 3350
3 3350 3349 3341
3 3342 3343 3351
3 3351 3350 3342
3 3343 3344 3352
3 3352 3351 3343
3 3344 3345 3353
3 3353 3352 3344
3 3345 3346 3354
3 3354 3353 3345
3 3346 3347 3355
3 3355 3354 3346
3 3347 3348 3356
3 3356 3355 3347
3 3348 3341 3349
3 3349 3356 3348
3 3349 3350 3358
3 3358 3357 3349
3 3350 3351 3359
3 3359 3358 3350
3 3351 3352 3360
3 3360 3359 3351
3 3352 3353 3361
3 3361 3360 3352
3 3353 3354 3362
3 3362 3361 3353
3 3354 3355 3363
3 3363 3362 3354
3 3355 3356 3364
3 3364 3363 3355
3 3356 3349 3357
3 3357 3364 3356
3 3357 3358 3366
3 3366 3365 3357
3 3358 3359 3367
3 3367 3366 3358
3 3359 3360 3368
3 3368 3367 3359
3 3360 3361 3369
3 3369 3368 3360
3 3361 3362 3370
3 3370 3369 3361
3 3362 3363 3371
3 3371 3370 3362
3 3363 3364 3372
3 3372 3371 3363
3 3364 3357 3365
3 3365 3372 3364
3 3365 3366 3374
3 3374 3373 3365
3 3366 3367 3375
3 3375 3374 3366
3 3367 3368 3376
3 3376 3375 3367
3 3368 3369 3377
3 3377 3376 3368
3 3369 3370 3378
3 3378 3377 3369
3 3370 3371 3379
3 3379 3378 3370
3 3371 3372 3380
3 3380 3379 3371
3 3372 3365 3373
3 3373 3380 3372
3 3373 3374 3382
3 3382 3381 3373
3 3374 3375 3383
3 3383 3382 3374
3 3375 3376 3384
3 3384 3383 3375
3 3376 3377 3385
3 3385 3384 3376
3 3377 3378 3386
3 3386 3385 3377
3 3378 3379 3387
3 3387 3386 3378
3 3379 3380 3388
3 3388 3387 3379
3 3380 3373 3381
3 3381 3388 3380
3 3381 3382 3390
3 3390 3389 3381
3 3382 3383 3391
3 3391 3390 3382
3 3383 3384 3392
3 3392 3391 3383
3 3384 3385 3393
3 3393 3392 3384
3 3385 3386 3394
3 3394 3393 3385
3 3386 3387 3395
3 3395 3394 3386
3 3387 3388 3396
3 3396 3395 3387
3 3388 3381 3389
3 3389 3396 3388
3 3389 3390 3398
3 3398 3397 3389
3 3390 3391 3399
3 3399 3398 3390
3 3391 3392 3400
3 3400 3399 3391
3 3392 3393 3401
3 3401 3400 3392
3 3393 3394 3402
3 3402 3401 3393
3 3394 3395 3403
3 3403 3402 3394
3 3395 3396 3404
3 3404 3403 3395
3 3396 3389 3397
3 3397 3404 3396
3 3397 3398 3406
3 3406 3405 3397
3 3398 3399 3407
3 3407 3406 3398
3 3399 3400 3408
3 3408 3407 3399
3 3400 3401 3409
3 3409 3408 3400
3 3401 3402 3410
3 3410 3409 3401
3 3402 3403 3411
3 3411 3410 3402
3 3403 3404 3412
3 3412 3411 3403
3 3404 3397 3405
3 3405 3412 3404
3 3413 3406 3405
3 3413 3407 3406
3 3413 3408 3407
3 3413 3409 3408
3 3413 3410 3409
3 3413 3411 3410
3 3413 3412 3411
3 3413 3405 3412

3 3414 3415 3416
3 3414 3416 3417
3 3414 3417 3418
3 3414 3418 3419
3 3414 3419 3420
3 3414 3420 3421
3 3414 3421 3422
3 3414 3422 3415

3 3415 3416 3424
3 3424 3423 3415
3 3416 3417 3425
3 3425 3424 3416
3 3417 3418 3426
3 3426 3425 3417
3 3418 3419 3427
3 3427 3426 3418
3 3419 3420 3428
3 3428 3427 3419
3 3420 3421 3429
3 3429 3428 3420
3 3421 3422 3430
3 3430 3429 3421
3 3422 3415 3423
3 3423 3430 3422
3 3423 3424 3432
3 3432 3431 3423
3 3424 3425 3433
3 3433 3432 3424
3 3425 3426 3434
3 3434 3433 3425
3 3426 3427 3435
3 3435 3434 3426
3 3427 3428 3436
3 3436 3435 3427
3 3428 3429 3437
3 3437 3436 3428
3 3429 3430 3438
3 3438 3437 3429
3 3430 3423 3431
3 3431 3438 3430
3 3431 3432 3440
3 3440 3439 3431
3 3432 3433 3441
3 3441 3440 3432
3 3433 3434 3442
3 3442 3441 3433
3 3434 3435 3443
3 3443 3442 3434
3 3435 3436 3444
3 3444 3443 3435
3 3436 3437 3445
3 3445 3444 3436
3 3437 3438 3446
3 3446 3445 3437
3 3438 3431 3439
3 3439 3446 3438
3 3439 3440 3448
3 3448 3447 3439
3 3440 3441 3449
3 3449 3448 3440
3 3441 3442 3450
3 3450 3449 3441
3 3442 3443 3451
3 3451 3450 3442
3 3443 3444 3452
3 3452 3451 3443
3 3444 3445 3453
3 3453 3452 3444
3 3445 3446 3454
3 3454 3453 3445
3 3446 3439 3447
3 3447 3454 3446
3 3447 3448 3456
3 3456 3455 3447
3 3448 3449 3457
3 3457 3456 3448
3 3449 3450 3458
3 3458 3457 3449
3 3450 3451 3459
3 3459 3458 3450
3 3451 3452 3460
3 3460 3459 3451
3 3452 3453 3461
3 3461 3460 3452
3 3453 3454 3462
3 3462 3461 3453
3 3454 3447 3455
3 3455 3462 3454
3 3455 3456 3464
3 3464 3463 3455
3 3456 3457 3465
3 3465 3464 3456
3 3457 3458 3466
3 3466 3465 3457
3 3458 3459 3467
3 3467 3466 3458
3 3459 3460 3468
3 3468 3467 3459
3 3460 3461 3469
3 3469 3468 3460
3 3461 3462 3470
3 3470 3469 3461
3 3462 3455 3463
3 3463 3470 3462
3 3463 3464 3472
3 3472 3471 3463
3 3464 3465 3473
3 3473 3472 3464
3 3465 3466 3474
3 3474 3473 3465
3 3466 3467 3475
3 3475 3474 3466
3 3467 3468 3476
3 3476 3475 3467
3 3468 3469 3477
3 3477 3476 3468
3 3469 3470 3478
3 3478 3477 3469
3 3470 3463 3471
3 3471 3478 3470
3 3471 3472 3480
3 3480 3479 3471
3 3472 3473 3481
3 3481 3480 3472
3 3473 3474 3482
3 3482 3481 3473
3 3474 3475 3483
3 3483 3482 3474
3 3475 3476 3484
3 3484 3483 3475
3 3476 3477 3485
3 3485 3484 3476
3 3477 3478 3486
3 3486 3485 3477
3 3478 3471 3479
3 3479 3486 3478
3 3479 3480 3488
3 3488 3487 3479
3 3480 3481 3489
3 3489 3488 3480
3 3481 3482 3490
3 3490 3489 3481
3 3482 3483 3491
3 3491 3490 3482
3 3483 3484 3492
3 3492 3491 3483
3 3484 3485 3493
3 3493 3492 3484
3 3485 3486 3494
3 3494 3493 3485
3 3486 3479 3487
3 3487 3494 3486
3 3487 3488 3496
3 3496 3495 3487
3 3488 3489 3497
3 3497 3496 3488
3 3489 3490 3498
3 3498 3497 3489
3 3490 3491 3499
3 3499 3498 3490
3 3491 3492 3500
3 3500 3499 3491
3 3492 3493 3501
3 3501 3500 3492
3 3493 3494 3502
3 3502 3501 3493
3 3494 3487 3495
3 3495 3502 3494
3 3495 3496 3504
3 3504 3503 3495
3 3496 3497 3505
3 3505 3504 3496
3 3497 3498 3506
3 3506 3505 3497
3 3498 3499 3507
3 3507 3506 3498
3 3499 3500 3508
3 3508 3507 3499
3 3500 3501 3509
3 3509 3508 3500
3 3501 3502 3510
3 3510 3509 3501
3 3502 3495 3503
3 3503 3510 3502
3 3503 3504 3512
3 3512 3511 3503
3 3504 3505 3513
3 3513 3512 3504
3 3505 3506 3514
3 3514 3513 3505
3 3506 3507 3515
3 3515 3514 3506
3 3507 3508 3516
3 3516 3515 3507
3 3508 3509 3517
3 3517 3516 3508
3 3509 3510 3518
3 3518 3517 3509
3 3510 3503 3511
3 3511 3518 3510
3 3511 3512 3520
3 3520 3519 3511
3 3512 3513 3521
3 3521 3520 3512
3 3513 3514 3522
3 3522 3521 3513
3 3514 3515 3523
3 3523 3522 3514
3 3515 3516 3524
3 3524 3523 3515
3 3516 3517 3525
3 3525 3524 3516
3 3517 3518 3526
3 3526 3525 3517
3 3518 3511 3519
3 3519 3526 3518
3 3519 3520 3528
3 3528 3527 3519
3 3520 3521 3529
3 3529 3528 3520
3 3521 3522 3530
3 3530 3529 3521
3 3522 3523 3531
3 3531 3530 3522
3 3523 3524 3532
3 3532 3531 3523
3 3524 3525 3533
3 3533 3532 3524
3 3525 3526 3534
3 3534 3533 3525
3 3526 3519 3527
3 3527 3534 3526
3 3527 3528 3536
3 3536 3535 3527
3 3528 3529 3537
3 3537 3536 3528
3 3529 3530 3538
3 3538 3537 3529
3 3530 3531 3539
3 3539 3538 3530
3 3531 3532 3540
3 3540 3539 3531
3 3532 3533 3541
3 3541 3540 3532
3 3533 3534 3542
3 3542 3541 3533
3 3534 3527 3535
3 3535 3542 3534
3 3535 3536 3544
3 3544 3543 3535
3 3536 3537 3545
3 3545 3544 3536
3 3537 3538 3546
3 3546 3545 3537
3 3538 3539 3547
3 3547 3546 3538
3 3539 3540 3548
3 3548 3547 3539
3 3540 3541 3549
3 3549 3548 3540
3 3541 3542 3550
3 3550 3549 3541
3 3542 3535 3543
3 3543 3550 3542
3 3543 3544 3552
3 3552 3551 3543
3 3544 3545 3553
3 3553 3552 3544
3 3545 3546 3554
3 3554 3553 3545
3 3546 3547 3555
3 3555 3554 3546
3 3547 3548 3556
3 3556 3555 3547
3 3548 3549 3557
3 3557 3556 3548
3 3549 3550 3558
3 3558 3557 3549
3 3550 3543 3551
3 3551 3558 3550
3 3551 3552 3560
3 3560 3559 3551
3 3552 3553 3561
3 3561 3560 3552
3 3553 3554 3562
3 3562 3561 3553
3 3554 3555 3563
3 3563 3562 3554
3 3555 3556 3564
3 3564 3563 3555
3 3556 3557 3565
3 3565 3564 3556
3 3557 3558 3566
3 3566 3565 3557
3 3558 3551 3559
3 3559 3566 3558
3 3559 3560 3568
3 3568 3567 3559
3 3560 3561 3569
3 3569 3568 3560
3 3561 3562 3570
3 3570 3569 3561
3 3562 3563 3571
3 3571 3570 3562
3 3563 3564 3572
3 3572 3571 3563
3 3564 3565 3573
3 3573 3572 3564
3 3565 3566 3574
3 3574 3573 3565
3 3566 3559 3567
3 3567 3574 3566
3 3567 3568 3576
3 3576 3575 3567
3 3568 3569 3577
3 3577 3576 3568
3 3569 3570 3578
3 3578 3577 3569
3 3570 3571 3579
3 3579 3578 3570
3 3571 3572 3580
3 3580 3579 3571
3 3572 3573 3581
3 3581 3580 3572
3 3573 3574 3582
3 3582 3581 3573
3 3574 3567 3575
3 3575 3582 3574
3 3575 3576 3584
3 3584 3583 3575
3 3576 3577 3585
3 3585 3584 3576
3 3577 3578 3586
3 3586 3585 3577
3 3578 3579 3587
3 3587 3586 3578
3 3579 3580 3588
3 3588 3587 3579
3 3580 3581 3589
3 3589 3588 3580
3 3581 3582 3590
3 3590 3589 3581
3 3582 3575 3583
3 3583 3590 3582
3 3583 3584 3592
3 3592 3591 3583
3 3584 3585 3593
3 3593 3592 3584
3 3585 3586 3594
3 3594 3593 3585
3 3586 3587 3595
3 3595 3594 3586
3 3587 3588 3596
3 3596 3595 3587
3 3588 3589 3597
3 3597 3596 3588
3 3589 3590 3598
3 3598 3597 3589
3 3590 3583 3591
3 3591 3598 3590
3 3591 3592 3600
3 3600 3599 3591
3 3592 3593 3601
3 3601 3600 3592
3 3593 3594 3602
3 3602 3601 3593
3 3594 3595 3603
3 3603 3602 3594
3 3595 3596 3604
3 3604 3603 3595
3 3596 3597 3605
3 3605 3604 3596
3 3597 3598 3606
3 3606 3605 3597
3 3598 3591 3599
3 3599 3606 3598
3 3599 3600 3608
3 3608 3607 3599
3 3600 3601 3609
3 3609 3608 3600
3 3601 3602 3610
3 3610 3609 3601
3 3602 3603 3611
3 3611 3610 3602
3 3603 3604 3612
3 3612 3611 3603
3 3604 3605 3613
3 3613 3612 3604
3 3605 3606 3614
3 3614 3613 3605
3 3606 3599 3607
3 3607 3614 3606
3 3607 3608 3616
3 3616 3615 3607
3 3608 3609 3617
3 3617 3616 3608
3 3609 3610 3618
3 3618 3617 3609
3 3610 3611 3619
3 3619 3618 3610
3 3611 3612 3620
3 3620 3619 3611
3 3612 3613 3621
3 3621 3620 3612
3 3613 3614 3622
3 3622 3621 3613
3 3614 3607 3615
3 3615 3622 3614
3 3615 3616 3624
3 3624 3623 3615
3 3616 3617 3625
3 3625 3624 3616
3 3617 3618 3626
3 3626 3625 3617
3 3618 3619 3627
3 3627 3626 3618
3 3619 3620 3628
3 3628 3627 3619
3 3620 3621 3629
3 3629 3628 3620
3 3621 3622 3630
3 3630 3629 3621
3 3622 3615 3623
3 3623 3630 3622
3 3623 3624 3632
3 3632 3631 3623
3 3624 3625 3633
3 3633 3632 3624
3 3625 3626 3634
3 3634 3633 3625
3 3626 3627 3635
3 3635 3634 3626
3 3627 3628 3636
3 3636 3635 3627
3 3628 3629 3637
3 3637 3636 3628
3 3629 3630 3638
3 3638 3637 3629
3 3630 3623 3631
3 3631 3638 3630
3 3631 3632 3640
3 3640 3639 3631
3 3632 3633 3641
3 3641 3640 3632
3 3633 3634 3642
3 3642 3641 3633
3 3634 3635 3643
3 3643 3642 3634
3 3635 3636 3644
3 3644 3643 3635
3 3636 3637 3645
3 3645 3644 3636
3 3637 3638 3646
3 3646 3645 3637
3 3638 3631 3639
3 3639 3646 3638
3 3639 3640 3648
3 3648 3647 3639
3 3640 3641 3649
3 3649 3648 3640
3 3641 3642 3650
3 3650 3649 3641
3 3642 3643 3651
3 3651 3650 3642
3 3643 3644 3652
3 3652 3651 3643
3 3644 3645 3653
3 3653 3652 3644
3 3645 3646 3654
3 3654 3653 3645
3 3646 3639 3647
3 3647 3654 3646
3 3647 3648 3656
3 3656 3655 3647
3 3648 3649 3657
3 3657 3656 3648
3 3649 3650 3658
3 3658 3657 3649
3 3650 3651 3659
3 3659 3658 3650
3 3651 3652 3660
3 3660 3659 3651
3 3652 3653 3661
3 3661 3660 3652
3 3653 3654 3662
3 3662 3661 3653
3 3654 3647 3655
3 3655 3662 3654
3 3655 3656 3664
3 3664 3663 3655
3 3656 3657 3665
3 3665 3664 3656
3 3657 3658 3666
3 3666 3665 3657
3 3658 3659 3667
3 3667 3666 3658
3 3659 3660 3668
3 3668 3667 3659
3 3660 3661 3669
3 3669 3668 3660
3 3661 3662 3670
3 3670 3669 3661
3 3662 3655 3663
3 3663 3670 3662
3 3663 3664 3672
3 3672 3671 3663
3 3664 3665 3673
3 3673 3672 3664
3 3665 3666 3674
3 3674 3673 3665
3 3666 3667 3675
3 3675 3674 3666
3 3667 3668 3676
3 3676 3675 3667
3 3668 3669 3677
3 3677 3676 3668
3 3669 3670 3678
3 3678 3677 3669
3 3670 3663 3671
3 3671 3678 3670
3 3671 3672 3680
3 3680 3679 3671
3 3672 3673 3681
3 3681 3680 3672
3 3673 3674 3682
3 3682 3681 3673
3 3674 3675 3683
3 3683 3682 3674
3 3675 3676 3684
3 3684 3683 3675
3 3676 3677 3685
3 3685 3684 3676
3 3677 3678 3686
3 3686 3685 3677
3 3678 3671 3679
3 3679 3686 3678
3 3679 3680 3688
3 3688 3687 3679
3 3680 3681 3689
3 3689 3688 3680
3 3681 3682 3690
3 3690 3689 3681
3 3682 3683 3691
3 3691 3690 3682
3 3683 3684 3692
3 3692 3691 3683
3 3684 3685 3693
3 3693 3692 3684
3 3685 3686 3694
3 3694 3693 3685
3 3686 3679 3687
3 3687 3694 3686
3 3687 3688 3696
3 3696 3695 3687
3 3688 3689 3697
3 3697 3696 3688
3 3689 3690 3698
3 3698 3697 3689
3 3690 3691 3699
3 3699 3698 3690
3 3691 3692 3700
3 3700 3699 3691
3 3692 3693 3701
3 3701 3700 3692
3 3693 3694 3702
3 3702 3701 3693
3 3694 3687 3695
3 3695 3702 3694
3 3695 3696 3704
3 3704 3703 3695
3 3696 3697 3705
3 3705 3704 3696
3 3697 3698 3706
3 3706 3705 3697
3 3698 3699 3707
3 3707 3706 3698
3 3699 3700 3708
3 3708 3707 3699
3 3700 3701 3709
3 3709 3708 3700
3 3701 3702 3710
3 3710 3709 3701
3 3702 3695 3703
3 3703 3710 3702
3 3711 3704 3703
3 3711 3705 3704
3 3711 3706 3705
3 3711 3707 3706
3 3711 3708 3707
3 3711 3709 3708
3 3711 3710 3709
3 3711 3703 3710

3 3712 3713 3714
3 3712 3714 3715
3 3712 3715 3716
3 3712 3716 3717
3 3712 3717 3718
3 3712 3718 3719
3 3712 3719 3720
3 3712 3720 3713

3 3713 3714 3722
3 3722 3721 3713
3 3714 3715 3723
3 3723 3722 3714
3 3715 3716 3724
3 3724 3723 3715
3 3716 3717 3725
3 3725 3724 3716
3 3717 3718 3726
3 3726 3725 3717
3 3718 3719 3727
3 3727 3726 3718
3 3719 3720 3728
3 3728 3727 3719
3 3720 3713 3721
3 3721 3728 3720
3 3721 3722 3730
3 3730 3729 3721
3 3722 3723 3731
3 3731 3730 3722
3 3723 3724 3732
3 3732 3731 3723
3 3724 3725 3733
3 3733 3732 3724
3 3725 3726 3734
3 3734 3733 3725
3 3726 3727 3735
3 3735 3734 3726
3 3727 3728 3736
3 3736 3735 3727
3 3728 3721 3729
3 3729 3736 3728
3 3729 3730 3738
3 3738 3737 3729
3 3730 3731 3739
3 3739 3738 3730
3 3731 3732 3740
3 3740 3739 3731
3 3732 3733 3741
3 3741 3740 3732
3 3733 3734 3742
3 3742 3741 3733
3 3734 3735 3743
3 3743 3742 3734
3 3735 3736 3744
3 3744 3743 3735
3 3736 3729 3737
3 3737 3744 3736
3 3737 3738 3746
3 3746 3745 3737
3 3738 3739 3747
3 3747 3746 3738
3 3739 3740 3748
3 3748 3747 3739
3 3740 3741 3749
3 3749 3748 3740
3 3741 3742 3750
3 3750 3749 3741
3 3742 3743 3751
3 3751 3750 3742
3 3743 3744 3752
3 3752 3751 3743
3 3744 3737 3745
3 3745 3752 3744
3 3745 3746 3754
3 3754 3753 3745
3 3746 3747 3755
3 3755 3754 3746
3 3747 3748 3756
3 3756 3755 3747
3 3748 3749 3757
3 3757 3756 3748
3 3749 3750 3758
3 3758 3757 3749
3 3750 3751 3759
3 3759 3758 3750
3 3751 3752 3760
3 3760 3759 3751
3 3752 3745 3753
3 3753 3760 3752
3 3753 3754 3762
3 3762 3761 3753
3 3754 3755 3763
3 3763 3762 3754
3 3755 3756 3764
3 3764 3763 3755
3 3756 3757 3765
3 3765 3764 3756
3 3757 3758 3766
3 3766 3765 3757
3 3758 3759 3767
3 3767 3766 3758
3 3759 3760 3768
3 3768 3767 3759
3 3760 3753 3761
3 3761 3768 3760
3 3761 3762 3770
3 3770 3769 3761
3 3762 3763 3771
3 3771 3770 3762
3 3763 3764 3772
3 3772 3771 3763
3 3764 3765 3773
3 3773 3772 3764
3 3765 3766 3774
3 3774 3773 3765
3 3766 3767 3775
3 3775 3774 3766
3 3767 3768 3776
3 3776 3775 3767
3 3768 3761 3769
3 3769 3776 3768
3 3769 3770 3778
3 3778 3777 3769
3 3770 3771 3779
3 3779 3778 3770
3 3771 3772 3780
3 3780 3779 3771
3 3772 3773 3781
3 3781 3780 3772
3 3773 3774 3782
3 3782 3781 3773
3 3774 3775 3783
3 3783 3782 3774
3 3775 3776 3784
3 3784 3783 3775
3 3776 3769 3777
3 3777 3784 3776
3 3777 3778 3786
3 3786 3785 3777
3 3778 3779 3787
3 3787 3786 3778
3 3779 3780 3788
3 3788 3787 3779
3 3780 3781 3789
3 3789 3788 3780
3 3781 3782 3790
3 3790 3789 3781
3 3782 3783 3791
3 3791 3790 3782
3 3783 3784 3792
3 3792 3791 3783
3 3784 3777 3785
3 3785 3792 3784
3 3785 3786 3794
3 3794 3793 3785
3 3786 3787 3795
3 3795 3794 3786
3 3787 3788 3796
3 3796 3795 3787
3 3788 3789 3797
3 3797 3796 3788
3 3789 3790 3798
3 3798 3797 3789
3 3790 3791 3799
3 3799 3798 3790
3 3791 3792 3800
3 3800 3799 3791
3 3792 3785 3793
3 3793 3800 3792
3 3793 3794 3802
3 3802 3801 3793
3 3794 3795 3803
3 3803 3802 3794
3 3795 3796 3804
3 3804 3803 3795
3 3796 3797 3805
3 3805 3804 3796
3 3797 3798 3806
3 3806 3805 3797
3 3798 3799 3807
3 3807 3806 3798
3 3799 3800 3808
3 3808 3807 3799
3 3800 3793 3801
3 3801 3808 3800
3 3801 3802 3810
3 3810 3809 3801
3 3802 3803 3811
3 3811 3810 3802
3 3803 3804 3812
3 3812 3811 3803
3 3804 3805 3813
3 3813 3812 3804
3 3805 3806 3814
3 3814 3813 3805
3 3806 3807 3815
3 3815 3814 3806
3 3807 3808 3816
3 3816 3815 3807
3 3808 3801 3809
3 3809 3816 3808
3 3809 3810 3818
3 3818 3817 3809
3 3810 3811 3819
3 3819 3818 3810
3 3811 3812 3820
3 3820 3819 3811
3 3812 3813 3821
3 3821 3820 3812
3 3813 3814 3822
3 3822 3821 3813
3 3814 3815 3823
3 3823 3822 3814
3 3815 3816 3824
3 3824 3823 3815
3 3816 3809 3817
3 3817 3824 3816
3 3817 3818 3826
3 3826 3825 3817
3 3818 3819 3827
3 3827 3826 3818
3 3819 3820 3828
3 3828 3827 3819
3 3820 3821 3829
3 3829 3828 3820
3 3821 3822 3830
3 3830 3829 3821
3 3822 3823 3831
3 3831 3830 3822
3 3823 3824 3832
3 3832 3831 3823
3 3824 3817 3825
3 3825 3832 3824
3 3825 3826 3834
3 3834 3833 3825
3 3826 3827 3835
3 3835 3834 3826
3 3827 3828 3836
3 3836 3835 3827
3 3828 3829 3837
3 3837 3836 3828
3 3829 3830 3838
3 3838 3837 3829
3 3830 3831 3839
3 3839 3838 3830
3 3831 3832 3840
3 3840 3839 3831
3 3832 3825 3833
3 3833 3840 3832
3 3833 3834 3842
3 3842 3841 3833
3 3834 3835 3843
3 3843 3842 3834
3 3835 3836 3844
3 3844 3843 3835
3 3836 3837 3845
3 3845 3844 3836
3 3837 3838 3846
3 3846 3845 3837
3 3838 3839 3847
3 3847 3846 3838
3 3839 3840 3848
3 3848 3847 3839
3 3840 3833 3841
3 3841 3848 3840
3 3841 3842 3850
3 3850 3849 3841
3 3842 3843 3851
3 3851 3850 3842
3 3843 3844 3852
3 3852 3851 3843
3 3844 3845 3853
3 3853 3852 3844
3 3845 3846 3854
3 3854 3853 3845
3 3846 3847 3855
3 3855 3854 3846
3 3847 3848 3856
3 3856 3855 3847
3 3848 3841 3849
3 3849 3856 3848
3 3849 3850 3858
3 3858 3857 3849
3 3850 3851 3859
3 3859 3858 3850
3 3851 3852 3860
3 3860 3859 3851
3 3852 3853 3861
3 3861 3860 3852
3 3853 3854 3862
3 3862 3861 3853
3 3854 3855 3863
3 3863 3862 3854
3 3855 3856 3864
3 3864 3863 3855
3 3856 3849 3857
3 3857 3864 3856
3 3857 3858 3866
3 3866 3865 3857
3 3858 3859 3867
3 3867 3866 3858
3 3859 3860 3868
3 3868 3867 3859
3 3860 3861 3869
3 3869 3868 3860
3 3861 3862 3870
3 3870 3869 3861
3 3862 3863 3871
3 3871 3870 3862
3 3863 3864 3872
3 3872 3871 3863
3 3864 3857 3865
3 3865 3872 3864
3 3865 3866 3874
3 3874 3873 3865
3 3866 3867 3875
3 3875 3874 3866
3 3867 3868 3876
3 3876 3875 3867
3 3868 3869 3877
3 3877 3876 3868
3 3869 3870 3878
3 3878 3877 3869
3 3870 3871 3879
3 3879 3878 3870
3 3871 3872 3880
3 3880 3879 3871
3 3872 3865 3873
3 3873 3880 3872
3 3873 3874 3882
3 3882 3881 3873
3 3874 3875 3883
3 3883 3882 3874
3 3875 3876 3884
3 3884 3883 3875
3 3876 3877 3885
3 3885 3884 3876
3 3877 3878 3886
3 3886 3885 3877
3 3878 3879 3887
3 3887 3886 3878
3 3879 3880 3888
3 3888 3887 3879
3 3880 3873 3881
3 3881 3888 3880
3 3881 3882 3890
3 3890 3889 3881
3 3882 3883 3891
3 3891 3890 3882
3 3883 3884 3892
3 3892 3891 3883
3 3884 3885 3893
3 3893 3892 3884
3 3885 3886 3894
3 3894 3893 3885
3 3886 3887 3895
3 3895 3894 3886
3 3887 3888 3896
3 3896 3895 3887
3 3888 3881 3889
3 3889 3896 3888
3 3889 3890 3898
3 3898 3897 3889
3 3890 3891 3899
3 3899 3898 3890
3 3891 3892 3900
3 3900 3899 3891
3 3892 3893 3901
3 3901 3900 3892
3 3893 3894 3902
3 3902 3901 3893
3 3894 3895 3903
3 3903 3902 3894
3 3895 3896 3904
3 3904 3903 3895
3 3896 3889 3897
3 3897 3904 3896
3 3897 3898 3906
3 3906 3905 3897
3 3898 3899 3907
3 3907 3906 3898
3 3899 3900 3908
3 3908 3907 3899
3 3900 3901 3909
3 3909 3908 3900
3 3901 3902 3910
3 3910 3909 3901
3 3902 3903 3911
3 3911 3910 3902
3 3903 3904 3912
3 3912 3911 3903
3 3904 3897 3905
3 3905 3912 3904
3 3905 3906 3914
3 3914 3913 3905
3 3906 3907 3915
3 3915 3914 3906
3 3907 3908 3916
3 3916 3915 3907
3 3908 3909 3917
3 3917 3916 3908
3 3909 3910 3918
3 3918 3917 3909
3 3910 3911 3919
3 3919 3918 3910
3 3911 3912 3920
3 3920 3919 3911
3 3912 3905 3913
3 3913 3920 3912
3 3913 3914 3922
3 3922 3921 3913
3 3914 3915 3923
3 3923 3922 3914
3 3915 3916 3924
3 3924 3923 3915
3 3916 3917 3925
3 3925 3924 3916
3 3917 3918 3926
3 3926 3925 3917
3 3918 3919 3927
3 3927 3926 3918
3 3919 3920 3928
3 3928 3927 3919
3 3920 3913 3921
3 3921 3928 3920
3 3921 3922 3930
3 3930 3929 3921
3 3922 3923 3931
3 3931 3930 3922
3 3923 3924 3932
3 3932 3931 3923
3 3924 3925 3933
3 3933 3932 3924
3 3925 3926 3934
3 3934 3933 3925
3 3926 3927 3935
3 3935 3934 3926
3 3927 3928 3936
3 3936 3935 3927
3 3928 3921 3929
3 3929 3936 3928
3 3929 3930 3938
3 3938 3937 3929
3 3930 3931 3939
3 3939 3938 3930
3 3931 3932 3940
3 3940 3939 3931
3 3932 3933 3941
3 3941 3940 3932
3 3933 3934 3942
3 3942 3941 3933
3 3934 3935 3943
3 3943 3942 3934
3 3935 3936 3944
3 3944 3943 3935
3 3936 3929 3937
3 3937 3944 3936
3 3937 3938 3946
3 3946 3945 3937
3 3938 3939 3947
3 3947 3946 3938
3 3939 3940 3948
3 3948 3947 3939
3 3940 3941 3949
3 3949 3948 3940
3 3941 3942 3950
3 3950 3949 3941
3 3942 3943 3951
3 3951 3950 3942
3 3943 3944 3952
3 3952 3951 3943
3 3944 3937 3945
3 3945 3952 3944
3 3945 3946 3954
3 3954 3953 3945
3 3946 3947 3955
3 3955 3954 3946
3 3947 3948 3956
3 3956 3955 3947
3 3948 3949 3957
3 3957 3956 3948
3 3949 3950 3958
3 3958 3957 3949
3 3950 3951 3959
3 3959 3958 3950
3 3951 3952 3960
3 3960 3959 3951
3 3952 3945 3953
3 3953 3960 3952
3 3953 3954 3962
3 3962 3961 3953
3 3954 3955 3963
3 3963 3962 3954
3 3955 3956 3964
3 3964 3963 3955
3 3956 3957 3965
3 3965 3964 3956
3 3957 3958 3966
3 3966 3965 3957
3 3958 3959 3967
3 3967 3966 3958
3 3959 3960 3968
3 3968 3967 3959
3 3960 3953 3961
3 3961 3968 3960
3 3961 3962 3970
3 3970 3969 3961
3 3962 3963 3971
3 3971 3970 3962
3 3963 3964 3972
3 3972 3971 3963
3 3964 3965 3973
3 3973 3972 3964
3 3965 3966 3974
3 3974 3973 3965
3 3966 3967 3975
3 3975 3974 3966
3 3967 3968 3976
3 3976 3975 3967
3 3968 3961 3969
3 3969 3976 3968
3 3969 3970 3978
3 3978 3977 3969
3 3970 3971 3979
3 3979 3978 3970
3 3971 3972 3980
3 3980 3979 3971
3 3972 3973 3981
3 3981 3980 3972
3 3973 3974 3982
3 3982 3981 3973
3 3974 3975 3983
3 3983 3982 3974
3 3975 3976 3984
3 3984 3983 3975
3 3976 3969 3977
3 3977 3984 3976
3 3977 3978 3986
3 3986 3985 3977
3 3978 3979 3987
3 3987 3986 3978
3 3979 3980 3988
3 3988 3987 3979
3 3980 3981 3989
3 3989 3988 3980
3 3981 3982 3990
3 3990 3989 3981
3 3982 3983 3991
3 3991 3990 3982
3 3983 3984 3992
3 3992 3991 3983
3 3984 3977 3985
3 3985 3992 3984
3 3985 3986 3994
3 3994 3993 3985
3 3986 3987 3995
3 3995 3994 3986
3 3987 3988 3996
3 3996 3995 3987
3 3988 3989 3997
3 3997 3996 3988
3 3989 3990 3998
3 3998 3997 3989
3 3990 3991 3999
3 3999 3998 3990
3 3991 3992 4000
3 4000 3999 3991
3 3992 3985 3993
3 3993 4000 3992
3 3993 3994 4002
3 4002 4001 3993
3 3994 3995 4003
3 4003 4002 3994
3 3995 3996 4004
3 4004 4003 3995
3 3996 3997 4005
3 4005 4004 3996
3 3997 3998 4006
3 4006 4005 3997
3 3998 3999 4007
3 4007 4006 3998
3 3999 4000 4008
3 4008 4007 3999
3 4000 3993 4001
3 4001 4008 4000
3 4001 4002 4010
3 4010 4009 4001
3 4002 4003 4011
3 4011 4010 4002
3 4003 4004 4012
3 4012 4011 4003
3 4004 4005 4013
3 4013 4012 4004
3 4005 4006 4014
3 4014 4013 4005
3 4006 4007 4015
3 4015 4014 4006
3 4007 4008 4016
3 4016 4015 4007
3 4008 4001 4009
3 4009 4016 4008
3 4009 4010 4018
3 4018 4017 4009
3 4010 4011 4019
3 4019 4018 4010
3 4011 4012 4020
3 4020 4019 4011
3 4012 4013 4021
3 4021 4020 4012
3 4013 4014 4022
3 4022 4021 4013
3 4014 4015 4023
3 4023 4022 4014
3 4015 4016 4024
3 4024 4023 4015
3 4016 4009 4017
3 4017 4024 4016
3 4017 4018 4026
3 4026 4025 4017
3 4018 4019 4027
3 4027 4026 4018
3 4019 4020 4028
3 4028 4027 4019
3 4020 4021 4029
3 4029 4028 4020
3 4021 4022 4030
3 4030 4029 4021
3 4022 4023 4031
3 4031 4030 4022
3 4023 4024 4032
3 4032 4031 4023
3 4024 4017 4025
3 4025 4032 4024
3 4025 4026 4034
3 4034 4033 4025
3 4026 4027 4035
3 4035 4034 4026
3 4027 4028 4036
3 4036 4035 4027
3 4028 4029 4037
3 4037 4036 4028
3 4029 4030 4038
3 4038 4037 4029
3 4030 4031 4039
3 4039 4038 4030
3 4031 4032 4040
3 4040 4039 4031
3 4032 4025 4033
3 4033 4040 4032
3 4033 4034 4042
3 4042 4041 4033
3 4034 4035 4043
3 4043 4042 4034
3 4035 4036 4044
3 4044 4043 4035
3 4036 4037 4045
3 4045 4044 4036
3 4037 4038 4046
3 4046 4045 4037
3 4038 4039 4047
3 4047 4046 4038
3 4039 4040 4048
3 4048 4047 4039
3 4040 4033 4041
3 4041 4048 4040
3 4041 4042 4050
3 4050 4049 4041
3 4042 4043 4051
3 4051 4050 4042
3 4043 4044 4052
3 4052 4051 4043
3 4044 4045 4053
3 4053 4052 4044
3 4045 4046 4054
3 4054 4053 4045
3 4046 4047 4055
3 4055 4054 4046
3 4047 4048 4056
3 4056 4055 4047
3 4048 4041 4049
3 4049 4056 4048
3 4049 4050 4058
3 4058 4057 4049
3 4050 4051 4059
3 4059 4058 4050
3 4051 4052 4060
3 4060 4059 4051
3 4052 4053 4061
3 4061 4060 4052
3 4053 4054 4062
3 4062 4061 4053
3 4054 4055 4063
3 4063 4062 4054
3 4055 4056 4064
3 4064 4063 4055
3 4056 4049 4057
3 4057 4064 4056
3 4057 4058 4066
3 4066 4065 4057
3 4058 4059 4067
3 4067 4066 4058
3 4059 4060 4068
3 4068 4067 4059
3 4060 4061 4069
3 4069 4068 4060
3 4061 4062 4070
3 4070 4069 4061
3 4062 4063 4071
3 4071 4070 4062
3 4063 4064 4072
3 4072 4071 4063
3 4064 4057 4065
3 4065 4072 4064
3 4065 4066 4074
3 4074 4073 4065
3 4066 4067 4075
3 4075 4074 4066
3 4067 4068 4076
3 4076 4075 4067
3 4068 4069 4077
3 4077 4076 4068
3 4069 4070 4078
3 4078 4077 4069
3 4070 4071 4079
3 4079 4078 4070
3 4071 4072 4080
3 4080 4079 4071
3 4072 4065 4073
3 4073 4080 4072
3 4073 4074 4082
3 4082 4081 4073
3 4074 4075 4083
3 4083 4082 4074
3 4075 4076 4084
3 4084 4083 4075
3 4076 4077 4085
3 4085 4084 4076
3 4077 4078 4086
3 4086 4085 4077
3 4078 4079 4087
3 4087 4086 4078
3 4079 4080 4088
3 4088 4087 4079
3 4080 4073 4081
3 4081 4088 4080
3 4081 4082 4090
3 4090 4089 4081
3 4082 4083 4091
3 4091 4090 4082
3 4083 4084 4092
3 4092 4091 4083
3 4084 4085 4093
3 4093 4092 4084
3 4085 4086 4094
3 4094 4093 4085
3 4086 4087 4095
3 4095 4094 4086
3 4087 4088 4096
3 4096 4095 4087
3 4088 4081 4089
3 4089 4096 4088
3 4089 4090 4098
3 4098 4097 4089
3 4090 4091 4099
3 4099 4098 4090
3 4091 4092 4100
3 4100 4099 4091
3 4092 4093 4101
3 4101 4100 4092
3 4093 4094 4102
3 4102 4101 4093
3 4094 4095 4103
3 4103 4102 4094
3 4095 4096 4104
3 4104 4103 4095
3 4096 4089 4097
3 4097 4104 4096
3 4097 4098 4106
3 4106 4105 4097
3 4098 4099 4107
3 4107 4106 4098
3 4099 4100 4108
3 4108 4107 4099
3 4100 4101 4109
3 4109 4108 4100
3 4101 4102 4110
3 4110 4109 4101
3 4102 4103 4111
3 4111 4110 4102
3 4103 4104 4112
3 4112 4111 4103
3 4104 4097 4105
3 4105 4112 4104
3 4105 4106 4114
3 4114 4113 4105
3 4106 4107 4115
3 4115 4114 4106
3 4107 4108 4116
3 4116 4115 4107
3 4108 4109 4117
3 4117 4116 4108
3 4109 4110 4118
3 4118 4117 4109
3 4110 4111 4119
3 4119 4118 4110
3 4111 4112 4120
3 4120 4119 4111
3 4112 4105 4113
3 4113 4120 4112
3 4113 4114 4122
3 4122 4121 4113
3 4114 4115 4123
3 4123 4122 4114
3 4115 4116 4124
3 4124 4123 4115
3 4116 4117 4125
3 4125 4124 4116
3 4117 4118 4126
3 4126 4125 4117
3 4118 4119 4127
3 4127 4126 4118
3 4119 4120 4128
3 4128 4127 4119
3 4120 4113 4121
3 4121 4128 4120
3 4121 4122 4130
3 4130 4129 4121
3 4122 4123 4131
3 4131 4130 4122
3 4123 4124 4132
3 4132 4131 4123
3 4124 4125 4133
3 4133 4132 4124
3 4125 4126 4134
3 4134 4133 4125
3 4126 4127 4135
3 4135 4134 4126
3 4127 4128 4136
3 4136 4135 4127
3 4128 4121 4129
3 4129 4136 4128
3 4129 4130 4138
3 4138 4137 4129
3 4130 4131 4139
3 4139 4138 4130
3 4131 4132 4140
3 4140 4139 4131
3 4132 4133 4141
3 4141 4140 4132
3 4133 4134 4142
3 4142 4141 4133
3 4134 4135 4143
3 4143 4142 4134
3 4135 4136 4144
3 4144 4143 4135
3 4136 4129 4137
3 4137 4144 4136
3 4137 4138 4146
3 4146 4145 4137
3 4138 4139 4147
3 4147 4146 4138
3 4139 4140 4148
3 4148 4147 4139
3 4140 4141 4149
3 4149 4148 4140
3 4141 4142 4150
3 4150 4149 4141
3 4142 4143 4151
3 4151 4150 4142
3 4143 4144 4152
3 4152 4151 4143
3 4144 4137 4145
3 4145 4152 4144
3 4145 4146 4154
3 4154 4153 4145
3 4146 4147 4155
3 4155 4154 4146
3 4147 4148 4156
3 4156 4155 4147
3 4148 4149 4157
3 4157 4156 4148
3 4149 4150 4158
3 4158 4157 4149
3 4150 4151 4159
3 4159 4158 4150
3 4151 4152 4160
3 4160 4159 4151
3 4152 4145 4153
3 4153 4160 4152
3 4153 4154 4162
3 4162 4161 4153
3 4154 4155 4163
3 4163 4162 4154
3 4155 4156 4164
3 4164 4163 4155
3 4156 4157 4165
3 4165 4164 4156
3 4157 4158 4166
3 4166 4165 4157
3 4158 4159 4167
3 4167 4166 4158
3 4159 4160 4168
3 4168 4167 4159
3 4160 4153 4161
3 4161 4168 4160
3 4161 4162 4170
3 4170 4169 4161
3 4162 4163 4171
3 4171 4170 4162
3 4163 4164 4172
3 4172 4171 4163
3 4164 4165 4173
3 4173 4172 4164
3 4165 4166 4174
3 4174 4173 4165
3 4166 4167 4175
3 4175 4174 4166
3 4167 4168 4176
3 4176 4175 4167
3 4168 4161 4169
3 4169 4176 4168
3 4169 4170 4178
3 4178 4177 4169
3 4170 4171 4179
3 4179 4178 4170
3 4171 4172 4180
3 4180 4179 4171
3 4172 4173 4181
3 4181 4180 4172
3 4173 4174 4182
3 4182 4181 4173
3 4174 4175 4183
3 4183 4182 4174
3 4175 4176 4184
3 4184 4183 4175
3 4176 4169 4177
3 4177 4184 4176
3 4177 4178 4186
3 4186 4185 4177
3 4178 4179 4187
3 4187 4186 4178
3 4179 4180 4188
3 4188 4187 4179
3 4180 4181 4189
3 4189 4188 4180
3 4181 4182 4190
3 4190 4189 4181
3 4182 4183 4191
3 4191 4190 4182
3 4183 4184 4192
3 4192 4191 4183
3 4184 4177 4185
3 4185 4192 4184
3 4185 4186 4194
3 4194 4193 4185
3 4186 4187 4195
3 4195 4194 4186
3 4187 4188 4196
3 4196 4195 4187
3 4188 4189 4197
3 4197 4196 4188
3 4189 4190 4198
3 4198 4197 4189
3 4190 4191 4199
3 4199 4198 4190
3 4191 4192 4200
3 4200 4199 4191
3 4192 4185 4193
3 4193 4200 4192
3 4193 4194 4202
3 4202 4201 4193
3 4194 4195 4203
3 4203 4202 4194
3 4195 4196 4204
3 4204 4203 4195
3 4196 4197 4205
3 4205 4204 4196
3 4197 4198 4206
3 4206 4205 4197
3 4198 4199 4207
3 4207 4206 4198
3 4199 4200 4208
3 4208 4207 4199
3 4200 4193 4201
3 4201 4208 4200
3 4201 4202 4210
3 4210 4209 4201
3 4202 4203 4211
3 4211 4210 4202
3 4203 4204 4212
3 4212 4211 4203
3 4204 4205 4213
3 4213 4212 4204
3 4205 4206 4214
3 4214 4213 4205
3 4206 4207 4215
3 4215 4214 4206
3 4207 4208 4216
3 4216 4215 4207
3 4208 4201 4209
3 4209 4216 4208
3 4209 4210 4218
3 4218 4217 4209
3 4210 4211 4219
3 4219 4218 4210
3 4211 4212 4220
3 4220 4219 4211
3 4212 4213 4221
3 4221 4220 4212
3 4213 4214 4222
3 4222 4221 4213
3 4214 4215 4223
3 4223 4222 4214
3 4215 4216 4224
3 4224 4223 4215
3 4216 4209 4217
3 4217 4224 4216
3 4217 4218 4226
3 4226 4225 4217
3 4218 4219 4227
3 4227 4226 4218
3 4219 4220 4228
3 4228 4227 4219
3 4220 4221 4229
3 4229 4228 4220
3 4221 4222 4230
3 4230 4229 4221
3 4222 4223 4231
3 4231 4230 4222
3 4223 4224 4232
3 4232 4231 4223
3 4224 4217 4225
3 4225 4232 4224
3 4225 4226 4234
3 4234 4233 4225
3 4226 4227 4235
3 4235 4234 4226
3 4227 4228 4236
3 4236 4235 4227
3 4228 4229 4237
3 4237 4236 4228
3 4229 4230 4238
3 4238 4237 4229
3 4230 4231 4239
3 4239 4238 4230
3 4231 4232 4240
3 4240 4239 4231
3 4232 4225 4233
3 4233 4240 4232
3 4233 4234 4242
3 4242 4241 4233
3 4234 4235 4243
3 4243 4242 4234
3 4235 4236 4244
3 4244 4243 4235
3 4236 4237 4245
3 4245 4244 4236
3 4237 4238 4246
3 4246 4245 4237
3 4238 4239 4247
3 4247 4246 4238
3 4239 4240 4248
3 4248 4247 4239
3 4240 4233 4241
3 4241 4248 4240
3 4241 4242 4250
3 4250 4249 4241
3 4242 4243 4251
3 4251 4250 4242
3 4243 4244 4252
3 4252 4251 4243
3 4244 4245 4253
3 4253 4252 4244
3 4245 4246 4254
3 4254 4253 4245
3 4246 4247 4255
3 4255 4254 4246
3 4247 4248 4256
3 4256 4255 4247
3 4248 4241 4249
3 4249 4256 4248
3 4249 4250 4258
3 4258 4257 4249
3 4250 4251 4259
3 4259 4258 4250
3 4251 4252 4260
3 4260 4259 4251
3 4252 4253 4261
3 4261 4260 4252
3 4253 4254 4262
3 4262 4261 4253
3 4254 4255 4263
3 4263 4262 4254
3 4255 4256 4264
3 4264 4263 4255
3 4256 4249 4257
3 4257 4264 4256
3 4257 4258 4266
3 4266 4265 4257
3 4258 4259 4267
3 4267 4266 4258
3 4259 4260 4268
3 4268 4267 4259
3 4260 4261 4269
3 4269 4268 4260
3 4261 4262 4270
3 4270 4269 4261
3 4262 4263 4271
3 4271 4270 4262
3 4263 4264 4272
3 4272 4271 4263
3 4264 4257 4265
3 4265 4272 4264
3 4265 4266 4274
3 4274 4273 4265
3 4266 4267 4275
3 4275 4274 4266
3 4267 4268 4276
3 4276 4275 4267
3 4268 4269 4277
3 4277 4276 4268
3 4269 4270 4278
3 4278 4277 4269
3 4270 4271 4279
3 4279 4278 4270
3 4271 4272 4280
3 4280 4279 4271
3 4272 4265 4273
3 4273 4280 4272
3 4273 4274 4282
3 4282 4281 4273
3 4274 4275 4283
3 4283 4282 4274
3 4275 4276 4284
3 4284 4283 4275
3 4276 4277 4285
3 4285 4284 4276
3 4277 4278 4286
3 4286 4285 4277
3 4278 4279 4287
3 4287 4286 4278
3 4279 4280 4288
3 4288 4287 4279
3 4280 4273 4281
3 4281 4288 4280
3 4281 4282 4290
3 4290 4289 4281
3 4282 4283 4291
3 4291 4290 4282
3 4283 4284 4292
3 4292 4291 4283
3 4284 4285 4293
3 4293 4292 4284
3 4285 4286 4294
3 4294 4293 4285
3 4286 4287 4295
3 4295 4294 4286
3 4287 4288 4296
3 4296 4295 4287
3 4288 4281 4289
3 4289 4296 4288
3 4289 4290 4298
3 4298 4297 4289
3 4290 4291 4299
3 4299 4298 4290
3 4291 4292 4300
3 4300 4299 4291
3 4292 4293 4301
3 4301 4300 4292
3 4293 4294 4302
3 4302 4301 4293
3 4294 4295 4303
3 4303 4302 4294
3 4295 4296 4304
3 4304 4303 4295
3 4296 4289 4297
3 4297 4304 4296
3 4297 4298 4306
3 4306 4305 4297
3 4298 4299 4307
3 4307 4306 4298
3 4299 4300 4308
3 4308 4307 4299
3 4300 4301 4309
3 4309 4308 4300
3 4301 4302 4310
3 4310 4309 4301
3 4302 4303 4311
3 4311 4310 4302
3 4303 4304 4312
3 4312 4311 4303
3 4304 4297 4305
3 4305 4312 4304
3 4305 4306 4314
3 4314 4313 4305
3 4306 4307 4315
3 4315 4314 4306
3 4307 4308 4316
3 4316 4315 4307
3 4308 4309 4317
3 4317 4316 4308
3 4309 4310 4318
3 4318 4317 4309
3 4310 4311 4319
3 4319 4318 4310
3 4311 4312 4320
3 4320 4319 4311
3 4312 4305 4313
3 4313 4320 4312
3 4313 4314 4322
3 4322 4321 4313
3 4314 4315 4323
3 4323 4322 4314
3 4315 4316 4324
3 4324 4323 4315
3 4316 4317 4325
3 4325 4324 4316
3 4317 4318 4326
3 4326 4325 4317
3 4318 4319 4327
3 4327 4326 4318
3 4319 4320 4328
3 4328 4327 4319
3 4320 4313 4321
3 4321 4328 4320
3 4321 4322 4330
3 4330 4329 4321
3 4322 4323 4331
3 4331 4330 4322
3 4323 4324 4332
3 4332 4331 4323
3 4324 4325 4333
3 4333 4332 4324
3 4325 4326 4334
3 4334 4333 4325
3 4326 4327 4335
3 4335 4334 4326
3 4327 4328 4336
3 4336 4335 4327
3 4328 4321 4329
3 4329 4336 4328
3 4329 4330 4338
3 4338 4337 4329
3 4330 4331 4339
3 4339 4338 4330
3 4331 4332 4340
3 4340 4339 4331
3 4332 4333 4341
3 4341 4340 4332
3 4333 4334 4342
3 4342 4341 4333
3 4334 4335 4343
3 4343 4342 4334
3 4335 4336 4344
3 4344 4343 4335
3 4336 4329 4337
3 4337 4344 4336
3 4337 4338 4346
3 4346 4345 4337
3 4338 4339 4347
3 4347 4346 4338
3 4339 4340 4348
3 4348 4347 4339
3 4340 4341 4349
3 4349 4348 4340
3 4341 4342 4350
3 4350 4349 4341
3 4342 4343 4351
3 4351 4350 4342
3 4343 4344 4352
3 4352 4351 4343
3 4344 4337 4345
3 4345 4352 4344
3 4345 4346 4354
3 4354 4353 4345
3 4346 4347 4355
3 4355 4354 4346
3 4347 4348 4356
3 4356 4355 4347
3 4348 4349 4357
3 4357 4356 4348
3 4349 4350 4358
3 4358 4357 4349
3 4350 4351 4359
3 4359 4358 4350
3 4351 4352 4360
3 4360 4359 4351
3 4352 4345 4353
3 4353 4360 4352
3 4353 4354 4362
3 4362 4361 4353
3 4354 4355 4363
3 4363 4362 4354
3 4355 4356 4364
3 4364 4363 4355
3 4356 4357 4365
3 4365 4364 4356
3 4357 4358 4366
3 4366 4365 4357
3 4358 4359 4367
3 4367 4366 4358
3 4359 4360 4368
3 4368 4367 4359
3 4360 4353 4361
3 4361 4368 4360
3 4361 4362 4370
3 4370 4369 4361
3 4362 4363 4371
3 4371 4370 4362
3 4363 4364 4372
3 4372 4371 4363
3 4364 4365 4373
3 4373 4372 4364
3 4365 4366 4374
3 4374 4373 4365
3 4366 4367 4375
3 4375 4374 4366
3 4367 4368 4376
3 4376 4375 4367
3 4368 4361 4369
3 4369 4376 4368
3 4369 4370 4378
3 4378 4377 4369
3 4370 4371 4379
3 4379 4378 4370
3 4371 4372 4380
3 4380 4379 4371
3 4372 4373 4381
3 4381 4380 4372
3 4373 4374 4382
3 4382 4381 4373
3 4374 4375 4383
3 4383 4382 4374
3 4375 4376 4384
3 4384 4383 4375
3 4376 4369 4377
3 4377 4384 4376
3 4377 4378 4386
3 4386 4385 4377
3 4378 4379 4387
3 4387 4386 4378
3 4379 4380 4388
3 4388 4387 4379
3 4380 4381 4389
3 4389 4388 4380
3 4381 4382 4390
3 4390 4389 4381
3 4382 4383 4391
3 4391 4390 4382
3 4383 4384 4392
3 4392 4391 4383
3 4384 4377 4385
3 4385 4392 4384
3 4385 4386 4394
3 4394 4393 4385
3 4386 4387 4395
3 4395 4394 4386
3 4387 4388 4396
3 4396 4395 4387
3 4388 4389 4397
3 4397 4396 4388
3 4389 4390 4398
3 4398 4397 4389
3 4390 4391 4399
3 4399 4398 4390
3 4391 4392 4400
3 4400 4399 4391
3 4392 4385 4393
3 4393 4400 4392
3 4393 4394 4402
3 4402 4401 4393
3 4394 4395 4403
3 4403 4402 4394
3 4395 4396 4404
3 4404 4403 4395
3 4396 4397 4405
3 4405 4404 4396
3 4397 4398 4406
3 4406 4405 4397
3 4398 4399 4407
3 4407 4406 4398
3 4399 4400 4408
3 4408 4407 4399
3 4400 4393 4401
3 4401 4408 4400
3 4401 4402 4410
3 4410 4409 4401
3 4402 4403 4411
3 4411 4410 4402
3 4403 4404 4412
3 4412 4411 4403
3 4404 4405 4413
3 4413 4412 4404
3 4405 4406 4414
3 4414 4413 4405
3 4406 4407 4415
3 4415 4414 4406
3 4407 4408 4416
3 4416 4415 4407
3 4408 4401 4409
3 4409 4416 4408
3 4409 4410 4418
3 4418 4417 4409
3 4410 4411 4419
3 4419 4418 4410
3 4411 4412 4420
3 4420 4419 4411
3 4412 4413 4421
3 4421 4420 4412
3 4413 4414 4422
3 4422 4421 4413
3 4414 4415 4423
3 4423 4422 4414
3 4415 4416 4424
3 4424 4423 4415
3 4416 4409 4417
3 4417 4424 4416
3 4417 4418 4426
3 4426 4425 4417
3 4418 4419 4427
3 4427 4426 4418
3 4419 4420 4428
3 4428 4427 4419
3 4420 4421 4429
3 4429 4428 4420
3 4421 4422 4430
3 4430 4429 4421
3 4422 4423 4431
3 4431 4430 4422
3 4423 4424 4432
3 4432 4431 4423
3 4424 4417 4425
3 4425 4432 4424
3 4425 4426 4434
3 4434 4433 4425
3 4426 4427 4435
3 4435 4434 4426
3 4427 4428 4436
3 4436 4435 4427
3 4428 4429 4437
3 4437 4436 4428
3 4429 4430 4438
3 4438 4437 4429
3 4430 4431 4439
3 4439 4438 4430
3 4431 4432 4440
3 4440 4439 4431
3 4432 4425 4433
3 4433 4440 4432
3 4433 4434 4442
3 4442 4441 4433
3 4434 4435 4443
3 4443 4442 4434
3 4435 4436 4444
3 4444 4443 4435
3 4436 4437 4445
3 4445 4444 4436
3 4437 4438 4446
3 4446 4445 4437
3 4438 4439 4447
3 4447 4446 4438
3 4439 4440 4448
3 4448 4447 4439
3 4440 4433 4441
3 4441 4448 4440
3 4441 4442 4450
3 4450 4449 4441
3 4442 4443 4451
3 4451 4450 4442
3 4443 4444 4452
3 4452 4451 4443
3 4444 4445 4453
3 4453 4452 4444
3 4445 4446 4454
3 4454 4453 4445
3 4446 4447 4455
3 4455 4454 4446
3 4447 4448 4456
3 4456 4455 4447
3 4448 4441 4449
3 4449 4456 4448
3 4449 4450 4458
3 4458 4457 4449
3 4450 4451 4459
3 4459 4458 4450
3 4451 4452 4460
3 4460 4459 4451
3 4452 4453 4461
3 4461 4460 4452
3 4453 4454 4462
3 4462 4461 4453
3 4454 4455 4463
3 4463 4462 4454
3 4455 4456 4464
3 4464 4463 4455
3 4456 4449 4457
3 4457 4464 4456
3 4457 4458 4466
3 4466 4465 4457
3 4458 4459 4467
3 4467 4466 4458
3 4459 4460 4468
3 4468 4467 4459
3 4460 4461 4469
3 4469 4468 4460
3 4461 4462 4470
3 4470 4469 4461
3 4462 4463 4471
3 4471 4470 4462
3 4463 4464 4472
3 4472 4471 4463
3 4464 4457 4465
3 4465 4472 4464
3 4465 4466 4474
3 4474 4473 4465
3 4466 4467 4475
3 4475 4474 4466
3 4467 4468 4476
3 4476 4475 4467
3 4468 4469 4477
3 4477 4476 4468
3 4469 4470 4478
3 4478 4477 4469
3 4470 4471 4479
3 4479 4478 4470
3 4471 4472 4480
3 4480 4479 4471
3 4472 4465 4473
3 4473 4480 4472
3 4473 4474 4482
3 4482 4481 4473
3 4474 4475 4483
3 4483 4482 4474
3 4475 4476 4484
3 4484 4483 4475
3 4476 4477 4485
3 4485 4484 4476
3 4477 4478 4486
3 4486 4485 4477
3 4478 4479 4487
3 4487 4486 4478
3 4479 4480 4488
3 4488 4487 4479
3 4480 4473 4481
3 4481 4488 4480
3 4481 4482 4490
3 4490 4489 4481
3 4482 4483 4491
3 4491 4490 4482
3 4483 4484 4492
3 4492 4491 4483
3 4484 4485 4493
3 4493 4492 4484
3 4485 4486 4494
3 4494 4493 4485
3 4486 4487 4495
3 4495 4494 4486
3 4487 4488 4496
3 4496 4495 4487
3 4488 4481 4489
3 4489 4496 4488
3 4489 4490 4498
3 4498 4497 4489
3 4490 4491 4499
3 4499 4498 4490
3 4491 4492 4500
3 4500 4499 4491
3 4492 4493 4501
3 4501 4500 4492
3 4493 4494 4502
3 4502 4501 4493
3 4494 4495 4503
3 4503 4502 4494
3 4495 4496 4504
3 4504 4503 4495
3 4496 4489 4497
3 4497 4504 4496
3 4497 4498 4506
3 4506 4505 4497
3 4498 4499 4507
3 4507 4506 4498
3 4499 4500 4508
3 4508 4507 4499
3 4500 4501 4509
3 4509 4508 4500
3 4501 4502 4510
3 4510 4509 4501
3 4502 4503 4511
3 4511 4510 4502
3 4503 4504 4512
3 4512 4511 4503
3 4504 4497 4505
3 4505 4512 4504
3 4505 4506 4514
3 4514 4513 4505
3 4506 4507 4515
3 4515 4514 4506
3 4507 4508 4516
3 4516 4515 4507
3 4508 4509 4517
3 4517 4516 4508
3 4509 4510 4518
3 4518 4517 4509
3 4510 4511 4519
3 4519 4518 4510
3 4511 4512 4520
3 4520 4519 4511
3 4512 4505 4513
3 4513 4520 4512
3 4513 4514 4522
3 4522 4521 4513
3 4514 4515 4523
3 4523 4522 4514
3 4515 4516 4524
3 4524 4523 4515
3 4516 4517 4525
3 4525 4524 4516
3 4517 4518 4526
3 4526 4525 4517
3 4518 4519 4527
3 4527 4526 4518
3 4519 4520 4528
3 4528 4527 4519
3 4520 4513 4521
3 4521 4528 4520
3 4521 4522 4530
3 4530 4529 4521
3 4522 4523 4531
3 4531 4530 4522
3 4523 4524 4532
3 4532 4531 4523
3 4524 4525 4533
3 4533 4532 4524
3 4525 4526 4534
3 4534 4533 4525
3 4526 4527 4535
3 4535 4534 4526
3 4527 4528 4536
3 4536 4535 4527
3 4528 4521 4529
3 4529 4536 4528
3 4529 4530 4538
3 4538 4537 4529
3 4530 4531 4539
3 4539 4538 4530
3 4531 4532 4540
3 4540 4539 4531
3 4532 4533 4541
3 4541 4540 4532
3 4533 4534 4542
3 4542 4541 4533
3 4534 4535 4543
3 4543 4542 4534
3 4535 4536 4544
3 4544 4543 4535
3 4536 4529 4537
3 4537 4544 4536
3 4537 4538 4546
3 4546 4545 4537
3 4538 4539 4547
3 4547 4546 4538
3 4539 4540 4548
3 4548 4547 4539
3 4540 4541 4549
3 4549 4548 4540
3 4541 4542 4550
3 4550 4549 4541
3 4542 4543 4551
3 4551 4550 4542
3 4543 4544 4552
3 4552 4551 4543
3 4544 4537 4545
3 4545 4552 4544
3 4545 4546 4554
3 4554 4553 4545
3 4546 4547 4555
3 4555 4554 4546
3 4547 4548 4556
3 4556 4555 4547
3 4548 4549 4557
3 4557 4556 4548
3 4549 4550 4558
3 4558 4557 4549
3 4550 4551 4559
3 4559 4558 4550
3 4551 4552 4560
3 4560 4559 4551
3 4552 4545 4553
3 4553 4560 4552
3 4553 4554 4562
3 4562 4561 4553
3 4554 4555 4563
3 4563 4562 4554
3 4555 4556 4564
3 4564 4563 4555
3 4556 4557 4565
3 4565 4564 4556
3 4557 4558 4566
3 4566 4565 4557
3 4558 4559 4567
3 4567 4566 4558
3 4559 4560 4568
3 4568 4567 4559
3 4560 4553 4561
3 4561 4568 4560
3 4569 4562 4561
3 4569 4563 4562
3 4569 4564 4563
3 4569 4565 4564
3 4569 4566 4565
3 4569 4567 4566
3 4569 4568 4567
3 4569 4561 4568

3 4570 4571 4572
3 4570 4572 4573
3 4570 4573 4574
3 4570 4574 4575
3 4570 4575 4576
3 4570 4576 4577
3 4570 4577 4578
3 4570 4578 4571

3 4571 4572 4580
3 4580 4579 4571
3 4572 4573 4581
3 4581 4580 4572
3 4573 4574 4582
3 4582 4581 4573
3 4574 4575 4583
3 4583 4582 4574
3 4575 4576 4584
3 4584 4583 4575
3 4576 4577 4585
3 4585 4584 4576
3 4577 4578 4586
3 4586 4585 4577
3 4578 4571 4579
3 4579 4586 4578
3 4579 4580 4588
3 4588 4587 4579
3 4580 4581 4589
3 4589 4588 4580
3 4581 4582 4590
3 4590 4589 4581
3 4582 4583 4591
3 4591 4590 4582
3 4583 4584 4592
3 4592 4591 4583
3 4584 4585 4593
3 4593 4592 4584
3 4585 4586 4594
3 4594 4593 4585
3 4586 4579 4587
3 4587 4594 4586
3 4587 4588 4596
3 4596 4595 4587
3 4588 4589 4597
3 4597 4596 4588
3 4589 4590 4598
3 4598 4597 4589
3 4590 4591 4599
3 4599 4598 4590
3 4591 4592 4600
3 4600 4599 4591
3 4592 4593 4601
3 4601 4600 4592
3 4593 4594 4602
3 4602 4601 4593
3 4594 4587 4595
3 4595 4602 4594
3 4595 4596 4604
3 4604 4603 4595
3 4596 4597 4605
3 4605 4604 4596
3 4597 4598 4606
3 4606 4605 4597
3 4598 4599 4607
3 4607 4606 4598
3 4599 4600 4608
3 4608 4607 4599
3 4600 4601 4609
3 4609 4608 4600
3 4601 4602 4610
3 4610 4609 4601
3 4602 4595 4603
3 4603 4610 4602
3 4603 4604 4612
3 4612 4611 4603
3 4604 4605 4613
3 4613 4612 4604
3 4605 4606 4614
3 4614 4613 4605
3 4606 4607 4615
3 4615 4614 4606
3 4607 4608 4616
3 4616 4615 4607
3 4608 4609 4617
3 4617 4616 4608
3 4609 4610 4618
3 4618 4617 4609
3 4610 4603 4611
3 4611 4618 4610
3 4619 4612 4611
3 4619 4613 4612
3 4619 4614 4613
3 4619 4615 4614
3 4619 4616 4615
3 4619 4617 4616
3 4619 4618 4617
3 4619 4611 4618

3 4620 4621 4622
3 4620 4622 4623
3 4620 4623 4624
3 4620 4624 4625
3 4620 4625 4626
3 4620 4626 4627
3 4620 4627 4628
3 4620 4628 4621

3 4621 4622 4630
3 4630 4629 4621
3 4622 4623 4631
3 4631 4630 4622
3 4623 4624 4632
3 4632 4631 4623
3 4624 4625 4633
3 4633 4632 4624
3 4625 4626 4634
3 4634 4633 4625
3 4626 4627 4635
3 4635 4634 4626
3 4627 4628 4636
3 4636 4635 4627
3 4628 4621 4629
3 4629 4636 4628
3 4629 4630 4638
3 4638 4637 4629
3 4630 4631 4639
3 4639 4638 4630
3 4631 4632 4640
3 4640 4639 4631
3 4632 4633 4641
3 4641 4640 4632
3 4633 4634 4642
3 4642 4641 4633
3 4634 4635 4643
3 4643 4642 4634
3 4635 4636 4644
3 4644 4643 4635
3 4636 4629 4637
3 4637 4644 4636
3 4637 4638 4646
3 4646 4645 4637
3 4638 4639 4647
3 4647 4646 4638
3 4639 4640 4648
3 4648 4647 4639
3 4640 4641 4649
3 4649 4648 4640
3 4641 4642 4650
3 4650 4649 4641
3 4642 4643 4651
3 4651 4650 4642
3 4643 4644 4652
3 4652 4651 4643
3 4644 4637 4645
3 4645 4652 4644
3 4645 4646 4654
3 4654 4653 4645
3 4646 4647 4655
3 4655 4654 4646
3 4647 4648 4656
3 4656 4655 4647
3 4648 4649 4657
3 4657 4656 4648
3 4649 4650 4658
3 4658 4657 4649
3 4650 4651 4659
3 4659 4658 4650
3 4651 4652 4660
3 4660 4659 4651
3 4652 4645 4653
3 4653 4660 4652
3 4653 4654 4662
3 4662 4661 4653
3 4654 4655 4663
3 4663 4662 4654
3 4655 4656 4664
3 4664 4663 4655
3 4656 4657 4665
3 4665 4664 4656
3 4657 4658 4666
3 4666 4665 4657
3 4658 4659 4667
3 4667 4666 4658
3 4659 4660 4668
3 4668 4667 4659
3 4660 4653 4661
3 4661 4668 4660
3 4661 4662 4670
3 4670 4669 4661
3 4662 4663 4671
3 4671 4670 4662
3 4663 4664 4672
3 4672 4671 4663
3 4664 4665 4673
3 4673 4672 4664
3 4665 4666 4674
3 4674 4673 4665
3 4666 4667 4675
3 4675 4674 4666
3 4667 4668 4676
3 4676 4675 4667
3 4668 4661 4669
3 4669 4676 4668
3 4669 4670 4678
3 4678 4677 4669
3 4670 4671 4679
3 4679 4678 4670
3 4671 4672 4680
3 4680 4679 4671
3 4672 4673 4681
3 4681 4680 4672
3 4673 4674 4682
3 4682 4681 4673
3 4674 4675 4683
3 4683 4682 4674
3 4675 4676 4684
3 4684 4683 4675
3 4676 4669 4677
3 4677 4684 4676
3 4677 4678 4686
3 4686 4685 4677
3 4678 4679 4687
3 4687 4686 4678
3 4679 4680 4688
3 4688 4687 4679
3 4680 4681 4689
3 4689 4688 4680
3 4681 4682 4690
3 4690 4689 4681
3 4682 4683 4691
3 4691 4690 4682
3 4683 4684 4692
3 4692 4691 4683
3 4684 4677 4685
3 4685 4692 4684
3 4685 4686 4694
3 4694 4693 4685
3 4686 4687 4695
3 4695 4694 4686
3 4687 4688 4696
3 4696 4695 4687
3 4688 4689 4697
3 4697 4696 4688
3 4689 4690 4698
3 4698 4697 4689
3 4690 4691 4699
3 4699 4698 4690
3 4691 4692 4700
3 4700 4699 4691
3 4692 4685 4693
3 4693 4700 4692
3 4693 4694 4702
3 4702 4701 4693
3 4694 4695 4703
3 4703 4702 4694
3 4695 4696 4704
3 4704 4703 4695
3 4696 4697 4705
3 4705 4704 4696
3 4697 4698 4706
3 4706 4705 4697
3 4698 4699 4707
3 4707 4706 4698
3 4699 4700 4708
3 4708 4707 4699
3 4700 4693 4701
3 4701 4708 4700
3 4701 4702 4710
3 4710 4709 4701
3 4702 4703 4711
3 4711 4710 4702
3 4703 4704 4712
3 4712 4711 4703
3 4704 4705 4713
3 4713 4712 4704
3 4705 4706 4714
3 4714 4713 4705
3 4706 4707 4715
3 4715 4714 4706
3 4707 4708 4716
3 4716 4715 4707
3 4708 4701 4709
3 4709 4716 4708
3 4709 4710 4718
3 4718 4717 4709
3 4710 4711 4719
3 4719 4718 4710
3 4711 4712 4720
3 4720 4719 4711
3 4712 4713 4721
3 4721 4720 4712
3 4713 4714 4722
3 4722 4721 4713
3 4714 4715 4723
3 4723 4722 4714
3 4715 4716 4724
3 4724 4723 4715
3 4716 4709 4717
3 4717 4724 4716
3 4717 4718 4726
3 4726 4725 4717
3 4718 4719 4727
3 4727 4726 4718
3 4719 4720 4728
3 4728 4727 4719
3 4720 4721 4729
3 4729 4728 4720
3 4721 4722 4730
3 4730 4729 4721
3 4722 4723 4731
3 4731 4730 4722
3 4723 4724 4732
3 4732 4731 4723
3 4724 4717 4725
3 4725 4732 4724
3 4725 4726 4734
3 4734 4733 4725
3 4726 4727 4735
3 4735 4734 4726
3 4727 4728 4736
3 4736 4735 4727
3 4728 4729 4737
3 4737 4736 4728
3 4729 4730 4738
3 4738 4737 4729
3 4730 4731 4739
3 4739 4738 4730
3 4731 4732 4740
3 4740 4739 4731
3 4732 4725 4733
3 4733 4740 4732
3 4733 4734 4742
3 4742 4741 4733
3 4734 4735 4743
3 4743 4742 4734
3 4735 4736 4744
3 4744 4743 4735
3 4736 4737 4745
3 4745 4744 4736
3 4737 4738 4746
3 4746 4745 4737
3 4738 4739 4747
3 4747 4746 4738
3 4739 4740 4748
3 4748 4747 4739
3 4740 4733 4741
3 4741 4748 4740
3 4741 4742 4750
3 4750 4749 4741
3 4742 4743 4751
3 4751 4750 4742
3 4743 4744 4752
3 4752 4751 4743
3 4744 4745 4753
3 4753 4752 4744
3 4745 4746 4754
3 4754 4753 4745
3 4746 4747 4755
3 4755 4754 4746
3 4747 4748 4756
3 4756 4755 4747
3 4748 4741 4749
3 4749 4756 4748
3 4749 4750 4758
3 4758 4757 4749
3 4750 4751 4759
3 4759 4758 4750
3 4751 4752 4760
3 4760 4759 4751
3 4752 4753 4761
3 4761 4760 4752
3 4753 4754 4762
3 4762 4761 4753
3 4754 4755 4763
3 4763 4762 4754
3 4755 4756 4764
3 4764 4763 4755
3 4756 4749 4757
3 4757 4764 4756
3 4757 4758 4766
3 4766 4765 4757
3 4758 4759 4767
3 4767 4766 4758
3 4759 4760 4768
3 4768 4767 4759
3 4760 4761 4769
3 4769 4768 4760
3 4761 4762 4770
3 4770 4769 4761
3 4762 4763 4771
3 4771 4770 4762
3 4763 4764 4772
3 4772 4771 4763
3 4764 4757 4765
3 4765 4772 4764
3 4765 4766 4774
3 4774 4773 4765
3 4766 4767 4775
3 4775 4774 4766
3 4767 4768 4776
3 4776 4775 4767
3 4768 4769 4777
3 4777 4776 4768
3 4769 4770 4778
3 4778 4777 4769
3 4770 4771 4779
3 4779 4778 4770
3 4771 4772 4780
3 4780 4779 4771
3 4772 4765 4773
3 4773 4780 4772
3 4773 4774 4782
3 4782 4781 4773
3 4774 4775 4783
3 4783 4782 4774
3 4775 4776 4784
3 4784 4783 4775
3 4776 4777 4785
3 4785 4784 4776
3 4777 4778 4786
3 4786 4785 4777
3 4778 4779 4787
3 4787 4786 4778
3 4779 4780 4788
3 4788 4787 4779
3 4780 4773 4781
3 4781 4788 4780
3 4781 4782 4790
3 4790 4789 4781
3 4782 4783 4791
3 4791 4790 4782
3 4783 4784 4792
3 4792 4791 4783
3 4784 4785 4793
3 4793 4792 4784
3 4785 4786 4794
3 4794 4793 4785
3 4786 4787 4795
3 4795 4794 4786
3 4787 4788 4796
3 4796 4795 4787
3 4788 4781 4789
3 4789 4796 4788
3 4789 4790 4798
3 4798 4797 4789
3 4790 4791 4799
3 4799 4798 4790
3 4791 4792 4800
3 4800 4799 4791
3 4792 4793 4801
3 4801 4800 4792
3 4793 4794 4802
3 4802 4801 4793
3 4794 4795 4803
3 4803 4802 4794
3 4795 4796 4804
3 4804 4803 4795
3 4796 4789 4797
3 4797 4804 4796
3 4805 4798 4797
3 4805 4799 4798
3 4805 4800 4799
3 4805 4801 4800
3 4805 4802 4801
3 4805 4803 4802
3 4805 4804 4803
3 4805 4797 4804

3 4806 4807 4808
3 4806 4808 4809
3 4806 4809 4810
3 4806 4810 4811
3 4806 4811 4812
3 4806 4812 4813
3 4806 4813 4814
3 4806 4814 4807

3 4807 4808 4816
3 4816 4815 4807
3 4808 4809 4817
3 4817 4816 4808
3 4809 4810 4818
3 4818 4817 4809
3 4810 4811 4819
3 4819 4818 4810
3 4811 4812 4820
3 4820 4819 4811
3 4812 4813 4821
3 4821 4820 4812
3 4813 4814 4822
3 4822 4821 4813
3 4814 4807 4815
3 4815 4822 4814
3 4815 4816 4824
3 4824 4823 4815
3 4816 4817 4825
3 4825 4824 4816
3 4817 4818 4826
3 4826 4825 4817
3 4818 4819 4827
3 4827 4826 4818
3 4819 4820 4828
3 4828 4827 4819
3 4820 4821 4829
3 4829 4828 4820
3 4821 4822 4830
3 4830 4829 4821
3 4822 4815 4823
3 4823 4830 4822
3 4831 4824 4823
3 4831 4825 4824
3 4831 4826 4825
3 4831 4827 4826
3 4831 4828 4827
3 4831 4829 4828
3 4831 4830 4829
3 4831 4823 4830

3 4832 4833 4834
3 4832 4834 4835
3 4832 4835 4836
3 4832 4836 4837
3 4832 4837 4838
3 4832 4838 4839
3 4832 4839 4840
3 4832 4840 4833

3 4833 4834 4842
3 4842 4841 4833
3 4834 4835 4843
3 4843 4842 4834
3 4835 4836 4844
3 4844 4843 4835
3 4836 4837 4845
3 4845 4844 4836
3 4837 4838 4846
3 4846 4845 4837
3 4838 4839 4847
3 4847 4846 4838
3 4839 4840 4848
3 4848 4847 4839
3 4840 4833 4841
3 4841 4848 4840
3 4841 4842 4850
3 4850 4849 4841
3 4842 4843 4851
3 4851 4850 4842
3 4843 4844 4852
3 4852 4851 4843
3 4844 4845 4853
3 4853 4852 4844
3 4845 4846 4854
3 4854 4853 4845
3 4846 4847 4855
3 4855 4854 4846
3 4847 4848 4856
3 4856 4855 4847
3 4848 4841 4849
3 4849 4856 4848
3 4857 4850 4849
3 4857 4851 4850
3 4857 4852 4851
3 4857 4853 4852
3 4857 4854 4853
3 4857 4855 4854
3 4857 4856 4855
3 4857 4849 4856

3 4858 4859 4860
3 4858 4860 4861
3 4858 4861 4862
3 4858 4862 4863
3 4858 4863 4864
3 4858 4864 4865
3 4858 4865 4866
3 4858 4866 4859

3 4859 4860 4868
3 4868 4867 4859
3 4860 4861 4869
3 4869 4868 4860
3 4861 4862 4870
3 4870 4869 4861
3 4862 4863 4871
3 4871 4870 4862
3 4863 4864 4872
3 4872 4871 4863
3 4864 4865 4873
3 4873 4872 4864
3 4865 4866 4874
3 4874 4873 4865
3 4866 4859 4867
3 4867 4874 4866
3 4867 4868 4876
3 4876 4875 4867
3 4868 4869 4877
3 4877 4876 4868
3 4869 4870 4878
3 4878 4877 4869
3 4870 4871 4879
3 4879 4878 4870
3 4871 4872 4880
3 4880 4879 4871
3 4872 4873 4881
3 4881 4880 4872
3 4873 4874 4882
3 4882 4881 4873
3 4874 4867 4875
3 4875 4882 4874
3 4875 4876 4884
3 4884 4883 4875
3 4876 4877 4885
3 4885 4884 4876
3 4877 4878 4886
3 4886 4885 4877
3 4878 4879 4887
3 4887 4886 4878
3 4879 4880 4888
3 4888 4887 4879
3 4880 4881 4889
3 4889 4888 4880
3 4881 4882 4890
3 4890 4889 4881
3 4882 4875 4883
3 4883 4890 4882
3 4883 4884 4892
3 4892 4891 4883
3 4884 4885 4893
3 4893 4892 4884
3 4885 4886 4894
3 4894 4893 4885
3 4886 4887 4895
3 4895 4894 4886
3 4887 4888 4896
3 4896 4895 4887
3 4888 4889 4897
3 4897 4896 4888
3 4889 4890 4898
3 4898 4897 4889
3 4890 4883 4891
3 4891 4898 4890
3 4891 4892 4900
3 4900 4899 4891
3 4892 4893 4901
3 4901 4900 4892
3 4893 4894 4902
3 4902 4901 4893
3 4894 4895 4903
3 4903 4902 4894
3 4895 4896 4904
3 4904 4903 4895
3 4896 4897 4905
3 4905 4904 4896
3 4897 4898 4906
3 4906 4905 4897
3 4898 4891 4899
3 4899 4906 4898
3 4899 4900 4908
3 4908 4907 4899
3 4900 4901 4909
3 4909 4908 4900
3 4901 4902 4910
3 4910 4909 4901
3 4902 4903 4911
3 4911 4910 4902
3 4903 4904 4912
3 4912 4911 4903
3 4904 4905 4913
3 4913 4912 4904
3 4905 4906 4914
3 4914 4913 4905
3 4906 4899 4907
3 4907 4914 4906
3 4907 4908 4916
3 4916 4915 4907
3 4908 4909 4917
3 4917 4916 4908
3 4909 4910 4918
3 4918 4917 4909
3 4910 4911 4919
3 4919 4918 4910
3 4911 4912 4920
3 4920 4919 4911
3 4912 4913 4921
3 4921 4920 4912
3 4913 4914 4922
3 4922 4921 4913
3 4914 4907 4915
3 4915 4922 4914
3 4923 4916 4915
3 4923 4917 4916
3 4923 4918 4917
3 4923 4919 4918
3 4923 4920 4919
3 4923 4921 4920
3 4923 4922 4921
3 4923 4915 4922

3 4924 4925 4926
3 4924 4926 4927
3 4924 4927 4928
3 4924 4928 4929
3 4924 4929 4930
3 4924 4930 4931
3 4924 4931 4932
3 4924 4932 4925

3 4925 4926 4934
3 4934 4933 4925
3 4926 4927 4935
3 4935 4934 4926
3 4927 4928 4936
3 4936 4935 4927
3 4928 4929 4937
3 4937 4936 4928
3 4929 4930 4938
3 4938 4937 4929
3 4930 4931 4939
3 4939 4938 4930
3 4931 4932 4940
3 4940 4939 4931
3 4932 4925 4933
3 4933 4940 4932
3 4933 4934 4942
3 4942 4941 4933
3 4934 4935 4943
3 4943 4942 4934
3 4935 4936 4944
3 4944 4943 4935
3 4936 4937 4945
3 4945 4944 4936
3 4937 4938 4946
3 4946 4945 4937
3 4938 4939 4947
3 4947 4946 4938
3 4939 4940 4948
3 4948 4947 4939
3 4940 4933 4941
3 4941 4948 4940
3 4941 4942 4950
3 4950 4949 4941
3 4942 4943 4951
3 4951 4950 4942
3 4943 4944 4952
3 4952 4951 4943
3 4944 4945 4953
3 4953 4952 4944
3 4945 4946 4954
3 4954 4953 4945
3 4946 4947 4955
3 4955 4954 4946
3 4947 4948 4956
3 4956 4955 4947
3 4948 4941 4949
3 4949 4956 4948
3 4949 4950 4958
3 4958 4957 4949
3 4950 4951 4959
3 4959 4958 4950
3 4951 4952 4960
3 4960 4959 4951
3 4952 4953 4961
3 4961 4960 4952
3 4953 4954 4962
3 4962 4961 4953
3 4954 4955 4963
3 4963 4962 4954
3 4955 4956 4964
3 4964 4963 4955
3 4956 4949 4957
3 4957 4964 4956
3 4957 4958 4966
3 4966 4965 4957
3 4958 4959 4967
3 4967 4966 4958
3 4959 4960 4968
3 4968 4967 4959
3 4960 4961 4969
3 4969 4968 4960
3 4961 4962 4970
3 4970 4969 4961
3 4962 4963 4971
3 4971 4970 4962
3 4963 4964 4972
3 4972 4971 4963
3 4964 4957 4965
3 4965 4972 4964
3 4965 4966 4974
3 4974 4973 4965
3 4966 4967 4975
3 4975 4974 4966
3 4967 4968 4976
3 4976 4975 4967
3 4968 4969 4977
3 4977 4976 4968
3 4969 4970 4978
3 4978 4977 4969
3 4970 4971 4979
3 4979 4978 4970
3 4971 4972 4980
3 4980 4979 4971
3 4972 4965 4973
3 4973 4980 4972
3 4973 4974 4982
3 4982 4981 4973
3 4974 4975 4983
3 4983 4982 4974
3 4975 4976 4984
3 4984 4983 4975
3 4976 4977 4985
3 4985 4984 4976
3 4977 4978 4986
3 4986 4985 4977
3 4978 4979 4987
3 4987 4986 4978
3 4979 4980 4988
3 4988 4987 4979
3 4980 4973 4981
3 4981 4988 4980
3 4981 4982 4990
3 4990 4989 4981
3 4982 4983 4991
3 4991 4990 4982
3 4983 4984 4992
3 4992 4991 4983
3 4984 4985 4993
3 4993 4992 4984
3 4985 4986 4994
3 4994 4993 4985
3 4986 4987 4995
3 4995 4994 4986
3 4987 4988 4996
3 4996 4995 4987
3 4988 4981 4989
3 4989 4996 4988
3 4989 4990 4998
3 4998 4997 4989
3 4990 4991 4999
3 4999 4998 4990
3 4991 4992 5000
3 5000 4999 4991
3 4992 4993 5001
3 5001 5000 4992
3 4993 4994 5002
3 5002 5001 4993
3 4994 4995 5003
3 5003 5002 4994
3 4995 4996 5004
3 5004 5003 4995
3 4996 4989 4997
3 4997 5004 4996
3 4997 4998 5006
3 5006 5005 4997
3 4998 4999 5007
3 5007 5006 4998
3 4999 5000 5008
3 5008 5007 4999
3 5000 5001 5009
3 5009 5008 5000
3 5001 5002 5010
3 5010 5009 5001
3 5002 5003 5011
3 5011 5010 5002
3 5003 5004 5012
3 5012 5011 5003
3 5004 4997 5005
3 5005 5012 5004
3 5005 5006 5014
3 5014 5013 5005
3 5006 5007 5015
3 5015 5014 5006
3 5007 5008 5016
3 5016 5015 5007
3 5008 5009 5017
3 5017 5016 5008
3 5009 5010 5018
3 5018 5017 5009
3 5010 5011 5019
3 5019 5018 5010
3 5011 5012 5020
3 5020 5019 5011
3 5012 5005 5013
3 5013 5020 5012
3 5013 5014 5022
3 5022 5021 5013
3 5014 5015 5023
3 5023 5022 5014
3 5015 5016 5024
3 5024 5023 5015
3 5016 5017 5025
3 5025 5024 5016
3 5017 5018 5026
3 5026 5025 5017
3 5018 5019 5027
3 5027 5026 5018
3 5019 5020 5028
3 5028 5027 5019
3 5020 5013 5021
3 5021 5028 5020
3 5021 5022 5030
3 5030 5029 5021
3 5022 5023 5031
3 5031 5030 5022
3 5023 5024 5032
3 5032 5031 5023
3 5024 5025 5033
3 5033 5032 5024
3 5025 5026 5034
3 5034 5033 5025
3 5026 5027 5035
3 5035 5034 5026
3 5027 5028 5036
3 5036 5035 5027
3 5028 5021 5029
3 5029 5036 5028
3 5029 5030 5038
3 5038 5037 5029
3 5030 5031 5039
3 5039 5038 5030
3 5031 5032 5040
3 5040 5039 5031
3 5032 5033 5041
3 5041 5040 5032
3 5033 5034 5042
3 5042 5041 5033
3 5034 5035 5043
3 5043 5042 5034
3 5035 5036 5044
3 5044 5043 5035
3 5036 5029 5037
3 5037 5044 5036
3 5037 5038 5046
3 5046 5045 5037
3 5038 5039 5047
3 5047 5046 5038
3 5039 5040 5048
3 5048 5047 5039
3 5040 5041 5049
3 5049 5048 5040
3 5041 5042 5050
3 5050 5049 5041
3 5042 5043 5051
3 5051 5050 5042
3 5043 5044 5052
3 5052 5051 5043
3 5044 5037 5045
3 5045 5052 5044
3 5045 5046 5054
3 5054 5053 5045
3 5046 5047 5055
3 5055 5054 5046
3 5047 5048 5056
3 5056 5055 5047
3 5048 5049 5057
3 5057 5056 5048
3 5049 5050 5058
3 5058 5057 5049
3 5050 5051 5059
3 5059 5058 5050
3 5051 5052 5060
3 5060 5059 5051
3 5052 5045 5053
3 5053 5060 5052
3 5053 5054 5062
3 5062 5061 5053
3 5054 5055 5063
3 5063 5062 5054
3 5055 5056 5064
3 5064 5063 5055
3 5056 5057 5065
3 5065 5064 5056
3 5057 5058 5066
3 5066 5065 5057
3 5058 5059 5067
3 5067 5066 5058
3 5059 5060 5068
3 5068 5067 5059
3 5060 5053 5061
3 5061 5068 5060
3 5061 5062 5070
3 5070 5069 5061
3 5062 5063 5071
3 5071 5070 5062
3 5063 5064 5072
3 5072 5071 5063
3 5064 5065 5073
3 5073 5072 5064
3 5065 5066 5074
3 5074 5073 5065
3 5066 5067 5075
3 5075 5074 5066
3 5067 5068 5076
3 5076 5075 5067
3 5068 5061 5069
3 5069 5076 5068
3 5069 5070 5078
3 5078 5077 5069
3 5070 5071 5079
3 5079 5078 5070
3 5071 5072 5080
3 5080 5079 5071
3 5072 5073 5081
3 5081 5080 5072
3 5073 5074 5082
3 5082 5081 5073
3 5074 5075 5083
3 5083 5082 5074
3 5075 5076 5084
3 5084 5083 5075
3 5076 5069 5077
3 5077 5084 5076
3 5077 5078 5086
3 5086 5085 5077
3 5078 5079 5087
3 5087 5086 5078
3 5079 5080 5088
3 5088 5087 5079
3 5080 5081 5089
3 5089 5088 5080
3 5081 5082 5090
3 5090 5089 5081
3 5082 5083 5091
3 5091 5090 5082
3 5083 5084 5092
3 5092 5091 5083
3 5084 5077 5085
3 5085 5092 5084
3 5085 5086 5094
3 5094 5093 5085
3 5086 5087 5095
3 5095 5094 5086
3 5087 5088 5096
3 5096 5095 5087
3 5088 5089 5097
3 5097 5096 5088
3 5089 5090 5098
3 5098 5097 5089
3 5090 5091 5099
3 5099 5098 5090
3 5091 5092 5100
3 5100 5099 5091
3 5092 5085 5093
3 5093 5100 5092
3 5093 5094 5102
3 5102 5101 5093
3 5094 5095 5103
3 5103 5102 5094
3 5095 5096 5104
3 5104 5103 5095
3 5096 5097 5105
3 5105 5104 5096
3 5097 5098 5106
3 5106 5105 5097
3 5098 5099 5107
3 5107 5106 5098
3 5099 5100 5108
3 5108 5107 5099
3 5100 5093 5101
3 5101 5108 5100
3 5101 5102 5110
3 5110 5109 5101
3 5102 5103 5111
3 5111 5110 5102
3 5103 5104 5112
3 5112 5111 5103
3 5104 5105 5113
3 5113 5112 5104
3 5105 5106 5114
3 5114 5113 5105
3 5106 5107 5115
3 5115 5114 5106
3 5107 5108 5116
3 5116 5115 5107
3 5108 5101 5109
3 5109 5116 5108
3 5109 5110 5118
3 5118 5117 5109
3 5110 5111 5119
3 5119 5118 5110
3 5111 5112 5120
3 5120 5119 5111
3 5112 5113 5121
3 5121 5120 5112
3 5113 5114 5122
3 5122 5121 5113
3 5114 5115 5123
3 5123 5122 5114
3 5115 5116 5124
3 5124 5123 5115
3 5116 5109 5117
3 5117 5124 5116
3 5117 5118 5126
3 5126 5125 5117
3 5118 5119 5127
3 5127 5126 5118
3 5119 5120 5128
3 5128 5127 5119
3 5120 5121 5129
3 5129 5128 5120
3 5121 5122 5130
3 5130 5129 5121
3 5122 5123 5131
3 5131 5130 5122
3 5123 5124 5132
3 5132 5131 5123
3 5124 5117 5125
3 5125 5132 5124
3 5125 5126 5134
3 5134 5133 5125
3 5126 5127 5135
3 5135 5134 5126
3 5127 5128 5136
3 5136 5135 5127
3 5128 5129 5137
3 5137 5136 5128
3 5129 5130 5138
3 5138 5137 5129
3 5130 5131 5139
3 5139 5138 5130
3 5131 5132 5140
3 5140 5139 5131
3 5132 5125 5133
3 5133 5140 5132
3 5133 5134 5142
3 5142 5141 5133
3 5134 5135 5143
3 5143 5142 5134
3 5135 5136 5144
3 5144 5143 5135
3 5136 5137 5145
3 5145 5144 5136
3 5137 5138 5146
3 5146 5145 5137
3 5138 5139 5147
3 5147 5146 5138
3 5139 5140 5148
3 5148 5147 5139
3 5140 5133 5141
3 5141 5148 5140
3 5141 5142 5150
3 5150 5149 5141
3 5142 5143 5151
3 5151 5150 5142
3 5143 5144 5152
3 5152 5151 5143
3 5144 5145 5153
3 5153 5152 5144
3 5145 5146 5154
3 5154 5153 5145
3 5146 5147 5155
3 5155 5154 5146
3 5147 5148 5156
3 5156 5155 5147
3 5148 5141 5149
3 5149 5156 5148
3 5149 5150 5158
3 5158 5157 5149
3 5150 5151 5159
3 5159 5158 5150
3 5151 5152 5160
3 5160 5159 5151
3 5152 5153 5161
3 5161 5160 5152
3 5153 5154 5162
3 5162 5161 5153
3 5154 5155 5163
3 5163 5162 5154
3 5155 5156 5164
3 5164 5163 5155
3 5156 5149 5157
3 5157 5164 5156
3 5157 5158 5166
3 5166 5165 5157
3 5158 5159 5167
3 5167 5166 5158
3 5159 5160 5168
3 5168 5167 5159
3 5160 5161 5169
3 5169 5168 5160
3 5161 5162 5170
3 5170 5169 5161
3 5162 5163 5171
3 5171 5170 5162
3 5163 5164 5172
3 5172 5171 5163
3 5164 5157 5165
3 5165 5172 5164
3 5165 5166 5174
3 5174 5173 5165
3 5166 5167 5175
3 5175 5174 5166
3 5167 5168 5176
3 5176 5175 5167
3 5168 5169 5177
3 5177 5176 5168
3 5169 5170 5178
3 5178 5177 5169
3 5170 5171 5179
3 5179 5178 5170
3 5171 5172 5180
3 5180 5179 5171
3 5172 5165 5173
3 5173 5180 5172
3 5173 5174 5182
3 5182 5181 5173
3 5174 5175 5183
3 5183 5182 5174
3 5175 5176 5184
3 5184 5183 5175
3 5176 5177 5185
3 5185 5184 5176
3 5177 5178 5186
3 5186 5185 5177
3 5178 5179 5187
3 5187 5186 5178
3 5179 5180 5188
3 5188 5187 5179
3 5180 5173 5181
3 5181 5188 5180
3 5181 5182 5190
3 5190 5189 5181
3 5182 5183 5191
3 5191 5190 5182
3 5183 5184 5192
3 5192 5191 5183
3 5184 5185 5193
3 5193 5192 5184
3 5185 5186 5194
3 5194 5193 5185
3 5186 5187 5195
3 5195 5194 5186
3 5187 5188 5196
3 5196 5195 5187
3 5188 5181 5189
3 5189 5196 5188
3 5189 5190 5198
3 5198 5197 5189
3 5190 5191 5199
3 5199 5198 5190
3 5191 5192 5200
3 5200 5199 5191
3 5192 5193 5201
3 5201 5200 5192
3 5193 5194 5202
3 5202 5201 5193
3 5194 5195 5203
3 5203 5202 5194
3 5195 5196 5204
3 5204 5203 5195
3 5196 5189 5197
3 5197 5204 5196
3 5197 5198 5206
3 5206 5205 5197
3 5198 5199 5207
3 5207 5206 5198
3 5199 5200 5208
3 5208 5207 5199
3 5200 5201 5209
3 5209 5208 5200
3 5201 5202 5210
3 5210 5209 5201
3 5202 5203 5211
3 5211 5210 5202
3 5203 5204 5212
3 5212 5211 5203
3 5204 5197 5205
3 5205 5212 5204
3 5205 5206 5214
3 5214 5213 5205
3 5206 5207 5215
3 5215 5214 5206
3 5207 5208 5216
3 5216 5215 5207
3 5208 5209 5217
3 5217 5216 5208
3 5209 5210 5218
3 5218 5217 5209
3 5210 5211 5219
3 5219 5218 5210
3 5211 5212 5220
3 5220 5219 5211
3 5212 5205 5213
3 5213 5220 5212
3 5213 5214 5222
3 5222 5221 5213
3 5214 5215 5223
3 5223 5222 5214
3 5215 5216 5224
3 5224 5223 5215
3 5216 5217 5225
3 5225 5224 5216
3 5217 5218 5226
3 5226 5225 5217
3 5218 5219 5227
3 5227 5226 5218
3 5219 5220 5228
3 5228 5227 5219
3 5220 5213 5221
3 5221 5228 5220
3 5221 5222 5230
3 5230 5229 5221
3 5222 5223 5231
3 5231 5230 5222
3 5223 5224 5232
3 5232 5231 5223
3 5224 5225 5233
3 5233 5232 5224
3 5225 5226 5234
3 5234 5233 5225
3 5226 5227 5235
3 5235 5234 5226
3 5227 5228 5236
3 5236 5235 5227
3 5228 5221 5229
3 5229 5236 5228
3 5229 5230 5238
3 5238 5237 5229
3 5230 5231 5239
3 5239 5238 5230
3 5231 5232 5240
3 5240 5239 5231
3 5232 5233 5241
3 5241 5240 5232
3 5233 5234 5242
3 5242 5241 5233
3 5234 5235 5243
3 5243 5242 5234
3 5235 5236 5244
3 5244 5243 5235
3 5236 5229 5237
3 5237 5244 5236
3 5237 5238 5246
3 5246 5245 5237
3 5238 5239 5247
3 5247 5246 5238
3 5239 5240 5248
3 5248 5247 5239
3 5240 5241 5249
3 5249 5248 5240
3 5241 5242 5250
3 5250 5249 5241
3 5242 5243 5251
3 5251 5250 5242
3 5243 5244 5252
3 5252 5251 5243
3 5244 5237 5245
3 5245 5252 5244
3 5245 5246 5254
3 5254 5253 5245
3 5246 5247 5255
3 5255 5254 5246
3 5247 5248 5256
3 5256 5255 5247
3 5248 5249 5257
3 5257 5256 5248
3 5249 5250 5258
3 5258 5257 5249
3 5250 5251 5259
3 5259 5258 5250
3 5251 5252 5260
3 5260 5259 5251
3 5252 5245 5253
3 5253 5260 5252
3 5253 5254 5262
3 5262 5261 5253
3 5254 5255 5263
3 5263 5262 5254
3 5255 5256 5264
3 5264 5263 5255
3 5256 5257 5265
3 5265 5264 5256
3 5257 5258 5266
3 5266 5265 5257
3 5258 5259 5267
3 5267 5266 5258
3 5259 5260 5268
3 5268 5267 5259
3 5260 5253 5261
3 5261 5268 5260
3 5261 5262 5270
3 5270 5269 5261
3 5262 5263 5271
3 5271 5270 5262
3 5263 5264 5272
3 5272 5271 5263
3 5264 5265 5273
3 5273 5272 5264
3 5265 5266 5274
3 5274 5273 5265
3 5266 5267 5275
3 5275 5274 5266
3 5267 5268 5276
3 5276 5275 5267
3 5268 5261 5269
3 5269 5276 5268
3 5269 5270 5278
3 5278 5277 5269
3 5270 5271 5279
3 5279 5278 5270
3 5271 5272 5280
3 5280 5279 5271
3 5272 5273 5281
3 5281 5280 5272
3 5273 5274 5282
3 5282 5281 5273
3 5274 5275 5283
3 5283 5282 5274
3 5275 5276 5284
3 5284 5283 5275
3 5276 5269 5277
3 5277 5284 5276
3 5277 5278 5286
3 5286 5285 5277
3 5278 5279 5287
3 5287 5286 5278
3 5279 5280 5288
3 5288 5287 5279
3 5280 5281 5289
3 5289 5288 5280
3 5281 5282 5290
3 5290 5289 5281
3 5282 5283 5291
3 5291 5290 5282
3 5283 5284 5292
3 5292 5291 5283
3 5284 5277 5285
3 5285 5292 5284
3 5285 5286 5294
3 5294 5293 5285
3 5286 5287 5295
3 5295 5294 5286
3 5287 5288 5296
3 5296 5295 5287
3 5288 5289 5297
3 5297 5296 5288
3 5289 5290 5298
3 5298 5297 5289
3 5290 5291 5299
3 5299 5298 5290
3 5291 5292 5300
3 5300 5299 5291
3 5292 5285 5293
3 5293 5300 5292
3 5293 5294 5302
3 5302 5301 5293
3 5294 5295 5303
3 5303 5302 5294
3 5295 5296 5304
3 5304 5303 5295
3 5296 5297 5305
3 5305 5304 5296
3 5297 5298 5306
3 5306 5305 5297
3 5298 5299 5307
3 5307 5306 5298
3 5299 5300 5308
3 5308 5307 5299
3 5300 5293 5301
3 5301 5308 5300
3 5301 5302 5310
3 5310 5309 5301
3 5302 5303 5311
3 5311 5310 5302
3 5303 5304 5312
3 5312 5311 5303
3 5304 5305 5313
3 5313 5312 5304
3 5305 5306 5314
3 5314 5313 5305
3 5306 5307 5315
3 5315 5314 5306
3 5307 5308 5316
3 5316 5315 5307
3 5308 5301 5309
3 5309 5316 5308
3 5309 5310 5318
3 5318 5317 5309
3 5310 5311 5319
3 5319 5318 5310
3 5311 5312 5320
3 5320 5319 5311
3 5312 5313 5321
3 5321 5320 5312
3 5313 5314 5322
3 5322 5321 5313
3 5314 5315 5323
3 5323 5322 5314
3 5315 5316 5324
3 5324 5323 5315
3 5316 5309 5317
3 5317 5324 5316
3 5317 5318 5326
3 5326 5325 5317
3 5318 5319 5327
3 5327 5326 5318
3 5319 5320 5328
3 5328 5327 5319
3 5320 5321 5329
3 5329 5328 5320
3 5321 5322 5330
3 5330 5329 5321
3 5322 5323 5331
3 5331 5330 5322
3 5323 5324 5332
3 5332 5331 5323
3 5324 5317 5325
3 5325 5332 5324
3 5325 5326 5334
3 5334 5333 5325
3 5326 5327 5335
3 5335 5334 5326
3 5327 5328 5336
3 5336 5335 5327
3 5328 5329 5337
3 5337 5336 5328
3 5329 5330 5338
3 5338 5337 5329
3 5330 5331 5339
3 5339 5338 5330
3 5331 5332 5340
3 5340 5339 5331
3 5332 5325 5333
3 5333 5340 5332
3 5333 5334 5342
3 5342 5341 5333
3 5334 5335 5343
3 5343 5342 5334
3 5335 5336 5344
3 5344 5343 5335
3 5336 5337 5345
3 5345 5344 5336
3 5337 5338 5346
3 5346 5345 5337
3 5338 5339 5347
3 5347 5346 5338
3 5339 5340 5348
3 5348 5347 5339
3 5340 5333 5341
3 5341 5348 5340
3 5341 5342 5350
3 5350 5349 5341
3 5342 5343 5351
3 5351 5350 5342
3 5343 5344 5352
3 5352 5351 5343
3 5344 5345 5353
3 5353 5352 5344
3 5345 5346 5354
3 5354 5353 5345
3 5346 5347 5355
3 5355 5354 5346
3 5347 5348 5356
3 5356 5355 5347
3 5348 5341 5349
3 5349 5356 5348
3 5349 5350 5358
3 5358 5357 5349
3 5350 5351 5359
3 5359 5358 5350
3 5351 5352 5360
3 5360 5359 5351
3 5352 5353 5361
3 5361 5360 5352
3 5353 5354 5362
3 5362 5361 5353
3 5354 5355 5363
3 5363 5362 5354
3 5355 5356 5364
3 5364 5363 5355
3 5356 5349 5357
3 5357 5364 5356
3 5357 5358 5366
3 5366 5365 5357
3 5358 5359 5367
3 5367 5366 5358
3 5359 5360 5368
3 5368 5367 5359
3 5360 5361 5369
3 5369 5368 5360
3 5361 5362 5370
3 5370 5369 5361
3 5362 5363 5371
3 5371 5370 5362
3 5363 5364 5372
3 5372 5371 5363
3 5364 5357 5365
3 5365 5372 5364
3 5365 5366 5374
3 5374 5373 5365
3 5366 5367 5375
3 5375 5374 5366
3 5367 5368 5376
3 5376 5375 5367
3 5368 5369 5377
3 5377 5376 5368
3 5369 5370 5378
3 5378 5377 5369
3 5370 5371 5379
3 5379 5378 5370
3 5371 5372 5380
3 5380 5379 5371
3 5372 5365 5373
3 5373 5380 5372
3 5373 5374 5382
3 5382 5381 5373
3 5374 5375 5383
3 5383 5382 5374
3 5375 5376 5384
3 5384 5383 5375
3 5376 5377 5385
3 5385 5384 5376
3 5377 5378 5386
3 5386 5385 5377
3 5378 5379 5387
3 5387 5386 5378
3 5379 5380 5388
3 5388 5387 5379
3 5380 5373 5381
3 5381 5388 5380
3 5381 5382 5390
3 5390 5389 5381
3 5382 5383 5391
3 5391 5390 5382
3 5383 5384 5392
3 5392 5391 5383
3 5384 5385 5393
3 5393 5392 5384
3 5385 5386 5394
3 5394 5393 5385
3 5386 5387 5395
3 5395 5394 5386
3 5387 5388 5396
3 5396 5395 5387
3 5388 5381 5389
3 5389 5396 5388
3 5389 5390 5398
3 5398 5397 5389
3 5390 5391 5399
3 5399 5398 5390
3 5391 5392 5400
3 5400 5399 5391
3 5392 5393 5401
3 5401 5400 5392
3 5393 5394 5402
3 5402 5401 5393
3 5394 5395 5403
3 5403 5402 5394
3 5395 5396 5404
3 5404 5403 5395
3 5396 5389 5397
3 5397 5404 5396
3 5397 5398 5406
3 5406 5405 5397
3 5398 5399 5407
3 5407 5406 5398
3 5399 5400 5408
3 5408 5407 5399
3 5400 5401 5409
3 5409 5408 5400
3 5401 5402 5410
3 5410 5409 5401
3 5402 5403 5411
3 5411 5410 5402
3 5403 5404 5412
3 5412 5411 5403
3 5404 5397 5405
3 5405 5412 5404
3 5405 5406 5414
3 5414 5413 5405
3 5406 5407 5415
3 5415 5414 5406
3 5407 5408 5416
3 5416 5415 5407
3 5408 5409 5417
3 5417 5416 5408
3 5409 5410 5418
3 5418 5417 5409
3 5410 5411 5419
3 5419 5418 5410
3 5411 5412 5420
3 5420 5419 5411
3 5412 5405 5413
3 5413 5420 5412
3 5413 5414 5422
3 5422 5421 5413
3 5414 5415 5423
3 5423 5422 5414
3 5415 5416 5424
3 5424 5423 5415
3 5416 5417 5425
3 5425 5424 5416
3 5417 5418 5426
3 5426 5425 5417
3 5418 5419 5427
3 5427 5426 5418
3 5419 5420 5428
3 5428 5427 5419
3 5420 5413 5421
3 5421 5428 5420
3 5421 5422 5430
3 5430 5429 5421
3 5422 5423 5431
3 5431 5430 5422
3 5423 5424 5432
3 5432 5431 5423
3 5424 5425 5433
3 5433 5432 5424
3 5425 5426 5434
3 5434 5433 5425
3 5426 5427 5435
3 5435 5434 5426
3 5427 5428 5436
3 5436 5435 5427
3 5428 5421 5429
3 5429 5436 5428
3 5429 5430 5438
3 5438 5437 5429
3 5430 5431 5439
3 5439 5438 5430
3 5431 5432 5440
3 5440 5439 5431
3 5432 5433 5441
3 5441 5440 5432
3 5433 5434 5442
3 5442 5441 5433
3 5434 5435 5443
3 5443 5442 5434
3 5435 5436 5444
3 5444 5443 5435
3 5436 5429 5437
3 5437 5444 5436
3 5437 5438 5446
3 5446 5445 5437
3 5438 5439 5447
3 5447 5446 5438
3 5439 5440 5448
3 5448 5447 5439
3 5440 5441 5449
3 5449 5448 5440
3 5441 5442 5450
3 5450 5449 5441
3 5442 5443 5451
3 5451 5450 5442
3 5443 5444 5452
3 5452 5451 5443
3 5444 5437 5445
3 5445 5452 5444
3 5445 5446 5454
3 5454 5453 5445
3 5446 5447 5455
3 5455 5454 5446
3 5447 5448 5456
3 5456 5455 5447
3 5448 5449 5457
3 5457 5456 5448
3 5449 5450 5458
3 5458 5457 5449
3 5450 5451 5459
3 5459 5458 5450
3 5451 5452 5460
3 5460 5459 5451
3 5452 5445 5453
3 5453 5460 5452
3 5453 5454 5462
3 5462 5461 5453
3 5454 5455 5463
3 5463 5462 5454
3 5455 5456 5464
3 5464 5463 5455
3 5456 5457 5465
3 5465 5464 5456
3 5457 5458 5466
3 5466 5465 5457
3 5458 5459 5467
3 5467 5466 5458
3 5459 5460 5468
3 5468 5467 5459
3 5460 5453 5461
3 5461 5468 5460
3 5461 5462 5470
3 5470 5469 5461
3 5462 5463 5471
3 5471 5470 5462
3 5463 5464 5472
3 5472 5471 5463
3 5464 5465 5473
3 5473 5472 5464
3 5465 5466 5474
3 5474 5473 5465
3 5466 5467 5475
3 5475 5474 5466
3 5467 5468 5476
3 5476 5475 5467
3 5468 5461 5469
3 5469 5476 5468
3 5469 5470 5478
3 5478 5477 5469
3 5470 5471 5479
3 5479 5478 5470
3 5471 5472 5480
3 5480 5479 5471
3 5472 5473 5481
3 5481 5480 5472
3 5473 5474 5482
3 5482 5481 5473
3 5474 5475 5483
3 5483 5482 5474
3 5475 5476 5484
3 5484 5483 5475
3 5476 5469 5477
3 5477 5484 5476
3 5477 5478 5486
3 5486 5485 5477
3 5478 5479 5487
3 5487 5486 5478
3 5479 5480 5488
3 5488 5487 5479
3 5480 5481 5489
3 5489 5488 5480
3 5481 5482 5490
3 5490 5489 5481
3 5482 5483 5491
3 5491 5490 5482
3 5483 5484 5492
3 5492 5491 5483
3 5484 5477 5485
3 5485 5492 5484
3 5485 5486 5494
3 5494 5493 5485
3 5486 5487 5495
3 5495 5494 5486
3 5487 5488 5496
3 5496 5495 5487
3 5488 5489 5497
3 5497 5496 5488
3 5489 5490 5498
3 5498 5497 5489
3 5490 5491 5499
3 5499 5498 5490
3 5491 5492 5500
3 5500 5499 5491
3 5492 5485 5493
3 5493 5500 5492
3 5493 5494 5502
3 5502 5501 5493
3 5494 5495 5503
3 5503 5502 5494
3 5495 5496 5504
3 5504 5503 5495
3 5496 5497 5505
3 5505 5504 5496
3 5497 5498 5506
3 5506 5505 5497
3 5498 5499 5507
3 5507 5506 5498
3 5499 5500 5508
3 5508 5507 5499
3 5500 5493 5501
3 5501 5508 5500
3 5501 5502 5510
3 5510 5509 5501
3 5502 5503 5511
3 5511 5510 5502
3 5503 5504 5512
3 5512 5511 5503
3 5504 5505 5513
3 5513 5512 5504
3 5505 5506 5514
3 5514 5513 5505
3 5506 5507 5515
3 5515 5514 5506
3 5507 5508 5516
3 5516 5515 5507
3 5508 5501 5509
3 5509 5516 5508
3 5509 5510 5518
3 5518 5517 5509
3 5510 5511 5519
3 5519 5518 5510
3 5511 5512 5520
3 5520 5519 5511
3 5512 5513 5521
3 5521 5520 5512
3 5513 5514 5522
3 5522 5521 5513
3 5514 5515 5523
3 5523 5522 5514
3 5515 5516 5524
3 5524 5523 5515
3 5516 5509 5517
3 5517 5524 5516
3 5517 5518 5526
3 5526 5525 5517
3 5518 5519 5527
3 5527 5526 5518
3 5519 5520 5528
3 5528 5527 5519
3 5520 5521 5529
3 5529 5528 5520
3 5521 5522 5530
3 5530 5529 5521
3 5522 5523 5531
3 5531 5530 5522
3 5523 5524 5532
3 5532 5531 5523
3 5524 5517 5525
3 5525 5532 5524
3 5525 5526 5534
3 5534 5533 5525
3 5526 5527 5535
3 5535 5534 5526
3 5527 5528 5536
3 5536 5535 5527
3 5528 5529 5537
3 5537 5536 5528
3 5529 5530 5538
3 5538 5537 5529
3 5530 5531 5539
3 5539 5538 5530
3 5531 5532 5540
3 5540 5539 5531
3 5532 5525 5533
3 5533 5540 5532
3 5533 5534 5542
3 5542 5541 5533
3 5534 5535 5543
3 5543 5542 5534
3 5535 5536 5544
3 5544 5543 5535
3 5536 5537 5545
3 5545 5544 5536
3 5537 5538 5546
3 5546 5545 5537
3 5538 5539 5547
3 5547 5546 5538
3 5539 5540 5548
3 5548 5547 5539
3 5540 5533 5541
3 5541 5548 5540
3 5541 5542 5550
3 5550 5549 5541
3 5542 5543 5551
3 5551 5550 5542
3 5543 5544 5552
3 5552 5551 5543
3 5544 5545 5553
3 5553 5552 5544
3 5545 5546 5554
3 5554 5553 5545
3 5546 5547 5555
3 5555 5554 5546
3 5547 5548 5556
3 5556 5555 5547
3 5548 5541 5549
3 5549 5556 5548
3 5549 5550 5558
3 5558 5557 5549
3 5550 5551 5559
3 5559 5558 5550
3 5551 5552 5560
3 5560 5559 5551
3 5552 5553 5561
3 5561 5560 5552
3 5553 5554 5562
3 5562 5561 5553
3 5554 5555 5563
3 5563 5562 5554
3 5555 5556 5564
3 5564 5563 5555
3 5556 5549 5557
3 5557 5564 5556
3 5557 5558 5566
3 5566 5565 5557
3 5558 5559 5567
3 5567 5566 5558
3 5559 5560 5568
3 5568 5567 5559
3 5560 5561 5569
3 5569 5568 5560
3 5561 5562 5570
3 5570 5569 5561
3 5562 5563 5571
3 5571 5570 5562
3 5563 5564 5572
3 5572 5571 5563
3 5564 5557 5565
3 5565 5572 5564
3 5565 5566 5574
3 5574 5573 5565
3 5566 5567 5575
3 5575 5574 5566
3 5567 5568 5576
3 5576 5575 5567
3 5568 5569 5577
3 5577 5576 5568
3 5569 5570 5578
3 5578 5577 5569
3 5570 5571 5579
3 5579 5578 5570
3 5571 5572 5580
3 5580 5579 5571
3 5572 5565 5573
3 5573 5580 5572
3 5573 5574 5582
3 5582 5581 5573
3 5574 5575 5583
3 5583 5582 5574
3 5575 5576 5584
3 5584 5583 5575
3 5576 5577 5585
3 5585 5584 5576
3 5577 5578 5586
3 5586 5585 5577
3 5578 5579 5587
3 5587 5586 5578
3 5579 5580 5588
3 5588 5587 5579
3 5580 5573 5581
3 5581 5588 5580
3 5581 5582 5590
3 5590 5589 5581
3 5582 5583 5591
3 5591 5590 5582
3 5583 5584 5592
3 5592 5591 5583
3 5584 5585 5593
3 5593 5592 5584
3 5585 5586 5594
3 5594 5593 5585
3 5586 5587 5595
3 5595 5594 5586
3 5587 5588 5596
3 5596 5595 5587
3 5588 5581 5589
3 5589 5596 5588
3 5589 5590 5598
3 5598 5597 5589
3 5590 5591 5599
3 5599 5598 5590
3 5591 5592 5600
3 5600 5599 5591
3 5592 5593 5601
3 5601 5600 5592
3 5593 5594 5602
3 5602 5601 5593
3 5594 5595 5603
3 5603 5602 5594
3 5595 5596 5604
3 5604 5603 5595
3 5596 5589 5597
3 5597 5604 5596
3 5597 5598 5606
3 5606 5605 5597
3 5598 5599 5607
3 5607 5606 5598
3 5599 5600 5608
3 5608 5607 5599
3 5600 5601 5609
3 5609 5608 5600
3 5601 5602 5610
3 5610 5609 5601
3 5602 5603 5611
3 5611 5610 5602
3 5603 5604 5612
3 5612 5611 5603
3 5604 5597 5605
3 5605 5612 5604
3 5605 5606 5614
3 5614 5613 5605
3 5606 5607 5615
3 5615 5614 5606
3 5607 5608 5616
3 5616 5615 5607
3 5608 5609 5617
3 5617 5616 5608
3 5609 5610 5618
3 5618 5617 5609
3 5610 5611 5619
3 5619 5618 5610
3 5611 5612 5620
3 5620 5619 5611
3 5612 5605 5613
3 5613 5620 5612
3 5613 5614 5622
3 5622 5621 5613
3 5614 5615 5623
3 5623 5622 5614
3 5615 5616 5624
3 5624 5623 5615
3 5616 5617 5625
3 5625 5624 5616
3 5617 5618 5626
3 5626 5625 5617
3 5618 5619 5627
3 5627 5626 5618
3 5619 5620 5628
3 5628 5627 5619
3 5620 5613 5621
3 5621 5628 5620
3 5621 5622 5630
3 5630 5629 5621
3 5622 5623 5631
3 5631 5630 5622
3 5623 5624 5632
3 5632 5631 5623
3 5624 5625 5633
3 5633 5632 5624
3 5625 5626 5634
3 5634 5633 5625
3 5626 5627 5635
3 5635 5634 5626
3 5627 5628 5636
3 5636 5635 5627
3 5628 5621 5629
3 5629 5636 5628
3 5629 5630 5638
3 5638 5637 5629
3 5630 5631 5639
3 5639 5638 5630
3 5631 5632 5640
3 5640 5639 5631
3 5632 5633 5641
3 5641 5640 5632
3 5633 5634 5642
3 5642 5641 5633
3 5634 5635 5643
3 5643 5642 5634
3 5635 5636 5644
3 5644 5643 5635
3 5636 5629 5637
3 5637 5644 5636
3 5637 5638 5646
3 5646 5645 5637
3 5638 5639 5647
3 5647 5646 5638
3 5639 5640 5648
3 5648 5647 5639
3 5640 5641 5649
3 5649 5648 5640
3 5641 5642 5650
3 5650 5649 5641
3 5642 5643 5651
3 5651 5650 5642
3 5643 5644 5652
3 5652 5651 5643
3 5644 5637 5645
3 5645 5652 5644
3 5645 5646 5654
3 5654 5653 5645
3 5646 5647 5655
3 5655 5654 5646
3 5647 5648 5656
3 5656 5655 5647
3 5648 5649 5657
3 5657 5656 5648
3 5649 5650 5658
3 5658 5657 5649
3 5650 5651 5659
3 5659 5658 5650
3 5651 5652 5660
3 5660 5659 5651
3 5652 5645 5653
3 5653 5660 5652
3 5653 5654 5662
3 5662 5661 5653
3 5654 5655 5663
3 5663 5662 5654
3 5655 5656 5664
3 5664 5663 5655
3 5656 5657 5665
3 5665 5664 5656
3 5657 5658 5666
3 5666 5665 5657
3 5658 5659 5667
3 5667 5666 5658
3 5659 5660 5668
3 5668 5667 5659
3 5660 5653 5661
3 5661 5668 5660
3 5661 5662 5670
3 5670 5669 5661
3 5662 5663 5671
3 5671 5670 5662
3 5663 5664 5672
3 5672 5671 5663
3 5664 5665 5673
3 5673 5672 5664
3 5665 5666 5674
3 5674 5673 5665
3 5666 5667 5675
3 5675 5674 5666
3 5667 5668 5676
3 5676 5675 5667
3 5668 5661 5669
3 5669 5676 5668
3 5669 5670 5678
3 5678 5677 5669
3 5670 5671 5679
3 5679 5678 5670
3 5671 5672 5680
3 5680 5679 5671
3 5672 5673 5681
3 5681 5680 5672
3 5673 5674 5682
3 5682 5681 5673
3 5674 5675 5683
3 5683 5682 5674
3 5675 5676 5684
3 5684 5683 5675
3 5676 5669 5677
3 5677 5684 5676
3 5677 5678 5686
3 5686 5685 5677
3 5678 5679 5687
3 5687 5686 5678
3 5679 5680 5688
3 5688 5687 5679
3 5680 5681 5689
3 5689 5688 5680
3 5681 5682 5690
3 5690 5689 5681
3 5682 5683 5691
3 5691 5690 5682
3 5683 5684 5692
3 5692 5691 5683
3 5684 5677 5685
3 5685 5692 5684
3 5685 5686 5694
3 5694 5693 5685
3 5686 5687 5695
3 5695 5694 5686
3 5687 5688 5696
3 5696 5695 5687
3 5688 5689 5697
3 5697 5696 5688
3 5689 5690 5698
3 5698 5697 5689
3 5690 5691 5699
3 5699 5698 5690
3 5691 5692 5700
3 5700 5699 5691
3 5692 5685 5693
3 5693 5700 5692
3 5693 5694 5702
3 5702 5701 5693
3 5694 5695 5703
3 5703 5702 5694
3 5695 5696 5704
3 5704 5703 5695
3 5696 5697 5705
3 5705 5704 5696
3 5697 5698 5706
3 5706 5705 5697
3 5698 5699 5707
3 5707 5706 5698
3 5699 5700 5708
3 5708 5707 5699
3 5700 5693 5701
3 5701 5708 5700
3 5701 5702 5710
3 5710 5709 5701
3 5702 5703 5711
3 5711 5710 5702
3 5703 5704 5712
3 5712 5711 5703
3 5704 5705 5713
3 5713 5712 5704
3 5705 5706 5714
3 5714 5713 5705
3 5706 5707 5715
3 5715 5714 5706
3 5707 5708 5716
3 5716 5715 5707
3 5708 5701 5709
3 5709 5716 5708
3 5709 5710 5718
3 5718 5717 5709
3 5710 5711 5719
3 5719 5718 5710
3 5711 5712 5720
3 5720 5719 5711
3 5712 5713 5721
3 5721 5720 5712
3 5713 5714 5722
3 5722 5721 5713
3 5714 5715 5723
3 5723 5722 5714
3 5715 5716 5724
3 5724 5723 5715
3 5716 5709 5717
3 5717 5724 5716
3 5717 5718 5726
3 5726 5725 5717
3 5718 5719 5727
3 5727 5726 5718
3 5719 5720 5728
3 5728 5727 5719
3 5720 5721 5729
3 5729 5728 5720
3 5721 5722 5730
3 5730 5729 5721
3 5722 5723 5731
3 5731 5730 5722
3 5723 5724 5732
3 5732 5731 5723
3 5724 5717 5725
3 5725 5732 5724
3 5725 5726 5734
3 5734 5733 5725
3 5726 5727 5735
3 5735 5734 5726
3 5727 5728 5736
3 5736 5735 5727
3 5728 5729 5737
3 5737 5736 5728
3 5729 5730 5738
3 5738 5737 5729
3 5730 5731 5739
3 5739 5738 5730
3 5731 5732 5740
3 5740 5739 5731
3 5732 5725 5733
3 5733 5740 5732
3 5733 5734 5742
3 5742 5741 5733
3 5734 5735 5743
3 5743 5742 5734
3 5735 5736 5744
3 5744 5743 5735
3 5736 5737 5745
3 5745 5744 5736
3 5737 5738 5746
3 5746 5745 5737
3 5738 5739 5747
3 5747 5746 5738
3 5739 5740 5748
3 5748 5747 5739
3 5740 5733 5741
3 5741 5748 5740
3 5741 5742 5750
3 5750 5749 5741
3 5742 5743 5751
3 5751 5750 5742
3 5743 5744 5752
3 5752 5751 5743
3 5744 5745 5753
3 5753 5752 5744
3 5745 5746 5754
3 5754 5753 5745
3 5746 5747 5755
3 5755 5754 5746
3 5747 5748 5756
3 5756 5755 5747
3 5748 5741 5749
3 5749 5756 5748
3 5749 5750 5758
3 5758 5757 5749
3 5750 5751 5759
3 5759 5758 5750
3 5751 5752 5760
3 5760 5759 5751
3 5752 5753 5761
3 5761 5760 5752
3 5753 5754 5762
3 5762 5761 5753
3 5754 5755 5763
3 5763 5762 5754
3 5755 5756 5764
3 5764 5763 5755
3 5756 5749 5757
3 5757 5764 5756
3 5757 5758 5766
3 5766 5765 5757
3 5758 5759 5767
3 5767 5766 5758
3 5759 5760 5768
3 5768 5767 5759
3 5760 5761 5769
3 5769 5768 5760
3 5761 5762 5770
3 5770 5769 5761
3 5762 5763 5771
3 5771 5770 5762
3 5763 5764 5772
3 5772 5771 5763
3 5764 5757 5765
3 5765 5772 5764
3 5765 5766 5774
3 5774 5773 5765
3 5766 5767 5775
3 5775 5774 5766
3 5767 5768 5776
3 5776 5775 5767
3 5768 5769 5777
3 5777 5776 5768
3 5769 5770 5778
3 5778 5777 5769
3 5770 5771 5779
3 5779 5778 5770
3 5771 5772 5780
3 5780 5779 5771
3 5772 5765 5773
3 5773 5780 5772
3 5773 5774 5782
3 5782 5781 5773
3 5774 5775 5783
3 5783 5782 5774
3 5775 5776 5784
3 5784 5783 5775
3 5776 5777 5785
3 5785 5784 5776
3 5777 5778 5786
3 5786 5785 5777
3 5778 5779 5787
3 5787 5786 5778
3 5779 5780 5788
3 5788 5787 5779
3 5780 5773 5781
3 5781 5788 5780
3 5781 5782 5790
3 5790 5789 5781
3 5782 5783 5791
3 5791 5790 5782
3 5783 5784 5792
3 5792 5791 5783
3 5784 5785 5793
3 5793 5792 5784
3 5785 5786 5794
3 5794 5793 5785
3 5786 5787 5795
3 5795 5794 5786
3 5787 5788 5796
3 5796 5795 5787
3 5788 5781 5789
3 5789 5796 5788
3 5789 5790 5798
3 5798 5797 5789
3 5790 5791 5799
3 5799 5798 5790
3 5791 5792 5800
3 5800 5799 5791
3 5792 5793 5801
3 5801 5800 5792
3 5793 5794 5802
3 5802 5801 5793
3 5794 5795 5803
3 5803 5802 5794
3 5795 5796 5804
3 5804 5803 5795
3 5796 5789 5797
3 5797 5804 5796
3 5805 5798 5797
3 5805 5799 5798
3 5805 5800 5799
3 5805 5801 5800
3 5805 5802 5801
3 5805 5803 5802
3 5805 5804 5803
3 5805 5797 5804

3 5806 5807 5808
3 5806 5808 5809
3 5806 5809 5810
3 5806 5810 5811
3 5806 5811 5812
3 5806 5812 5813
3 5806 5813 5814
3 5806 5814 5807

3 5807 5808 5816
3 5816 5815 5807
3 5808 5809 5817
3 5817 5816 5808
3 5809 5810 5818
3 5818 5817 5809
3 5810 5811 5819
3 5819 5818 5810
3 5811 5812 5820
3 5820 5819 5811
3 5812 5813 5821
3 5821 5820 5812
3 5813 5814 5822
3 5822 5821 5813
3 5814 5807 5815
3 5815 5822 5814
3 5815 5816 5824
3 5824 5823 5815
3 5816 5817 5825
3 5825 5824 5816
3 5817 5818 5826
3 5826 5825 5817
3 5818 5819 5827
3 5827 5826 5818
3 5819 5820 5828
3 5828 5827 5819
3 5820 5821 5829
3 5829 5828 5820
3 5821 5822 5830
3 5830 5829 5821
3 5822 5815 5823
3 5823 5830 5822
3 5823 5824 5832
3 5832 5831 5823
3 5824 5825 5833
3 5833 5832 5824
3 5825 5826 5834
3 5834 5833 5825
3 5826 5827 5835
3 5835 5834 5826
3 5827 5828 5836
3 5836 5835 5827
3 5828 5829 5837
3 5837 5836 5828
3 5829 5830 5838
3 5838 5837 5829
3 5830 5823 5831
3 5831 5838 5830
3 5839 5832 5831
3 5839 5833 5832
3 5839 5834 5833
3 5839 5835 5834
3 5839 5836 5835
3 5839 5837 5836
3 5839 5838 5837
3 5839 5831 5838

3 5840 5841 5842
3 5840 5842 5843
3 5840 5843 5844
3 5840 5844 5845
3 5840 5845 5846
3 5840 5846 5847
3 5840 5847 5848
3 5840 5848 5841

3 5841 5842 5850
3 5850 5849 5841
3 5842 5843 5851
3 5851 5850 5842
3 5843 5844 5852
3 5852 5851 5843
3 5844 5845 5853
3 5853 5852 5844
3 5845 5846 5854
3 5854 5853 5845
3 5846 5847 5855
3 5855 5854 5846
3 5847 5848 5856
3 5856 5855 5847
3 5848 5841 5849
3 5849 5856 5848
3 5849 5850 5858
3 5858 5857 5849
3 5850 5851 5859
3 5859 5858 5850
3 5851 5852 5860
3 5860 5859 5851
3 5852 5853 5861
3 5861 5860 5852
3 5853 5854 5862
3 5862 5861 5853
3 5854 5855 5863
3 5863 5862 5854
3 5855 5856 5864
3 5864 5863 5855
3 5856 5849 5857
3 5857 5864 5856
3 5857 5858 5866
3 5866 5865 5857
3 5858 5859 5867
3 5867 5866 5858
3 5859 5860 5868
3 5868 5867 5859
3 5860 5861 5869
3 5869 5868 5860
3 5861 5862 5870
3 5870 5869 5861
3 5862 5863 5871
3 5871 5870 5862
3 5863 5864 5872
3 5872 5871 5863
3 5864 5857 5865
3 5865 5872 5864
3 5865 5866 5874
3 5874 5873 5865
3 5866 5867 5875
3 5875 5874 5866
3 5867 5868 5876
3 5876 5875 5867
3 5868 5869 5877
3 5877 5876 5868
3 5869 5870 5878
3 5878 5877 5869
3 5870 5871 5879
3 5879 5878 5870
3 5871 5872 5880
3 5880 5879 5871
3 5872 5865 5873
3 5873 5880 5872
3 5873 5874 5882
3 5882 5881 5873
3 5874 5875 5883
3 5883 5882 5874
3 5875 5876 5884
3 5884 5883 5875
3 5876 5877 5885
3 5885 5884 5876
3 5877 5878 5886
3 5886 5885 5877
3 5878 5879 5887
3 5887 5886 5878
3 5879 5880 5888
3 5888 5887 5879
3 5880 5873 5881
3 5881 5888 5880
3 5881 5882 5890
3 5890 5889 5881
3 5882 5883 5891
3 5891 5890 5882
3 5883 5884 5892
3 5892 5891 5883
3 5884 5885 5893
3 5893 5892 5884
3 5885 5886 5894
3 5894 5893 5885
3 5886 5887 5895
3 5895 5894 5886
3 5887 5888 5896
3 5896 5895 5887
3 5888 5881 5889
3 5889 5896 5888
3 5889 5890 5898
3 5898 5897 5889
3 5890 5891 5899
3 5899 5898 5890
3 5891 5892 5900
3 5900 5899 5891
3 5892 5893 5901
3 5901 5900 5892
3 5893 5894 5902
3 5902 5901 5893
3 5894 5895 5903
3 5903 5902 5894
3 5895 5896 5904
3 5904 5903 5895
3 5896 5889 5897
3 5897 5904 5896
3 5897 5898 5906
3 5906 5905 5897
3 5898 5899 5907
3 5907 5906 5898
3 5899 5900 5908
3 5908 5907 5899
3 5900 5901 5909
3 5909 5908 5900
3 5901 5902 5910
3 5910 5909 5901
3 5902 5903 5911
3 5911 5910 5902
3 5903 5904 5912
3 5912 5911 5903
3 5904 5897 5905
3 5905 5912 5904
3 5905 5906 5914
3 5914 5913 5905
3 5906 5907 5915
3 5915 5914 5906
3 5907 5908 5916
3 5916 5915 5907
3 5908 5909 5917
3 5917 5916 5908
3 5909 5910 5918
3 5918 5917 5909
3 5910 5911 5919
3 5919 5918 5910
3 5911 5912 5920
3 5920 5919 5911
3 5912 5905 5913
3 5913 5920 5912
3 5913 5914 5922
3 5922 5921 5913
3 5914 5915 5923
3 5923 5922 5914
3 5915 5916 5924
3 5924 5923 5915
3 5916 5917 5925
3 5925 5924 5916
3 5917 5918 5926
3 5926 5925 5917
3 5918 5919 5927
3 5927 5926 5918
3 5919 5920 5928
3 5928 5927 5919
3 5920 5913 5921
3 5921 5928 5920
3 5921 5922 5930
3 5930 5929 5921
3 5922 5923 5931
3 5931 5930 5922
3 5923 5924 5932
3 5932 5931 5923
3 5924 5925 5933
3 5933 5932 5924
3 5925 5926 5934
3 5934 5933 5925
3 5926 5927 5935
3 5935 5934 5926
3 5927 5928 5936
3 5936 5935 5927
3 5928 5921 5929
3 5929 5936 5928
3 5929 5930 5938
3 5938 5937 5929
3 5930 5931 5939
3 5939 5938 5930
3 5931 5932 5940
3 5940 5939 5931
3 5932 5933 5941
3 5941 5940 5932
3 5933 5934 5942
3 5942 5941 5933
3 5934 5935 5943
3 5943 5942 5934
3 5935 5936 5944
3 5944 5943 5935
3 5936 5929 5937
3 5937 5944 5936
3 5937 5938 5946
3 5946 5945 5937
3 5938 5939 5947
3 5947 5946 5938
3 5939 5940 5948
3 5948 5947 5939
3 5940 5941 5949
3 5949 5948 5940
3 5941 5942 5950
3 5950 5949 5941
3 5942 5943 5951
3 5951 5950 5942
3 5943 5944 5952
3 5952 5951 5943
3 5944 5937 5945
3 5945 5952 5944
3 5953 5946 5945
3 5953 5947 5946
3 5953 5948 5947
3 5953 5949 5948
3 5953 5950 5949
3 5953 5951 5950
3 5953 5952 5951
3 5953 5945 5952

3 5954 5955 5956
3 5954 5956 5957
3 5954 5957 5958
3 5954 5958 5959
3 5954 5959 5960
3 5954 5960 5961
3 5954 5961 5962
3 5954 5962 5955

3 5955 5956 5964
3 5964 5963 5955
3 5956 5957 5965
3 5965 5964 5956
3 5957 5958 5966
3 5966 5965 5957
3 5958 5959 5967
3 5967 5966 5958
3 5959 5960 5968
3 5968 5967 5959
3 5960 5961 5969
3 5969 5968 5960
3 5961 5962 5970
3 5970 5969 5961
3 5962 5955 5963
3 5963 5970 5962
3 5963 5964 5972
3 5972 5971 5963
3 5964 5965 5973
3 5973 5972 5964
3 5965 5966 5974
3 5974 5973 5965
3 5966 5967 5975
3 5975 5974 5966
3 5967 5968 5976
3 5976 5975 5967
3 5968 5969 5977
3 5977 5976 5968
3 5969 5970 5978
3 5978 5977 5969
3 5970 5963 5971
3 5971 5978 5970
3 5979 5972 5971
3 5979 5973 5972
3 5979 5974 5973
3 5979 5975 5974
3 5979 5976 5975
3 5979 5977 5976
3 5979 5978 5977
3 5979 5971 5978

