ply
format ascii 1.0
comment author: Dr. Jan Hackenberg
comment object: QSM computed with SimpleForest
element vertex 4592
property float x
property float y
property float z
property uchar red
property uchar green
property uchar blue
element face 4592
property list uchar int vertex_index
end_header
-1.16795 0.812794 6.6411 205 20 20
-1.17034 0.82765 6.61772 205 20 20
-1.18864 0.828608 6.59682 205 20 20
-1.21214 0.815105 6.59064 205 20 20
-1.22708 0.795052 6.60279 205 20 20
-1.22469 0.780196 6.62617 205 20 20
-1.20638 0.779239 6.64707 205 20 20
-1.18288 0.792741 6.65326 205 20 20
-1.23356 0.898889 6.70251 205 20 20
-1.23595 0.913746 6.67913 205 20 20
-1.25426 0.914703 6.65823 205 20 20
-1.27776 0.901201 6.65205 205 20 20
-1.29269 0.881148 6.66421 205 20 20
-1.29031 0.866291 6.68758 205 20 20
-1.272 0.865334 6.70849 205 20 20
-1.2485 0.878836 6.71467 205 20 20
-1.2321 0.890523 6.68431 205 20 20
-1.24083 0.902664 6.66584 205 20 20
-1.26262 0.907398 6.65763 205 20 20
-1.28471 0.901951 6.6645 205 20 20
-1.29416 0.889514 6.68241 205 20 20
-1.28543 0.877373 6.70088 205 20 20
-1.26363 0.872639 6.70908 205 20 20
-1.24154 0.878086 6.70222 205 20 20
-1.23367 0.93318 6.71309 205 20 20
-1.2424 0.945321 6.69463 205 20 20
-1.2642 0.950055 6.68642 205 20 20
-1.28629 0.944609 6.69329 205 20 20
-1.29573 0.932172 6.7112 205 20 20
-1.287 0.92003 6.72967 205 20 20
-1.26521 0.915297 6.73787 205 20 20
-1.24312 0.920743 6.73101 205 20 20
-1.26145 0.944888 6.7462 205 20 20
-1.25377 0.963808 6.72733 205 20 20
-1.25249 0.964491 6.69957 205 20 20
-1.25836 0.946537 6.67917 205 20 20
-1.26795 0.920464 6.67809 205 20 20
-1.27564 0.901544 6.69696 205 20 20
-1.27691 0.900861 6.72472 205 20 20
-1.27104 0.918815 6.74512 205 20 20
-1.3041 0.960637 6.74462 205 20 20
-1.29642 0.979557 6.72576 205 20 20
-1.29514 0.98024 6.698 205 20 20
-1.30102 0.962286 6.6776 205 20 20
-1.3106 0.936213 6.67652 205 20 20
-1.31829 0.917293 6.69538 205 20 20
-1.31957 0.91661 6.72314 205 20 20
-1.31369 0.934564 6.74354 205 20 20
-1.27123 0.951256 6.71317 205 20 20
-1.27981 0.948347 6.68689 205 20 20
-1.30452 0.945485 6.67448 205 20 20
-1.33089 0.944345 6.68321 205 20 20
-1.34347 0.945595 6.70797 205 20 20
-1.3349 0.948503 6.73425 205 20 20
-1.31018 0.951365 6.74666 205 20 20
-1.28381 0.952506 6.73793 205 20 20
-1.27838 1.05038 6.70454 205 20 20
-1.28696 1.04747 6.67825 205 20 20
-1.31167 1.04461 6.66584 205 20 20
-1.33804 1.04347 6.67457 205 20 20
-1.35062 1.04472 6.69933 205 20 20
-1.34204 1.04763 6.72562 205 20 20
-1.31733 1.05049 6.73803 205 20 20
-1.29096 1.05163 6.7293 205 20 20
-1.28735 1.05849 6.72344 205 20 20
-1.28756 1.07174 6.699 205 20 20
-1.30355 1.07082 6.67628 205 20 20
-1.32596 1.05626 6.66858 205 20 20
-1.34165 1.0366 6.68043 205 20 20
-1.34144 1.02336 6.70487 205 20 20
-1.32544 1.02428 6.72759 205 20 20
-1.30304 1.03884 6.73529 205 20 20
-1.32315 1.1012 6.7469 205 20 20
-1.32336 1.11444 6.72245 205 20 20
-1.33935 1.11352 6.69973 205 20 20
-1.36175 1.09896 6.69204 205 20 20
-1.37744 1.07931 6.70388 205 20 20
-1.37723 1.06606 6.72832 205 20 20
-1.36124 1.06699 6.75105 205 20 20
-1.33884 1.08154 6.75874 205 20 20
-1.31854 1.07728 6.71345 205 20 20
-1.33701 1.0807 6.69296 205 20 20
-1.36327 1.08971 6.69146 205 20 20
-1.38192 1.09904 6.70984 205 20 20
-1.38205 1.10322 6.73733 205 20 20
-1.36358 1.09981 6.75782 205 20 20
-1.33732 1.09079 6.75931 205 20 20
-1.31867 1.08146 6.74093 205 20 20
-1.29144 1.15429 6.70186 205 20 20
-1.30991 1.1577 6.68137 205 20 20
-1.33617 1.16672 6.67988 205 20 20
-1.35483 1.17605 6.69826 205 20 20
-1.35496 1.18023 6.72574 205 20 20
-1.33648 1.17681 6.74623 205 20 20
-1.31022 1.1678 6.74773 205 20 20
-1.29157 1.15847 6.72935 205 20 20
-1.30285 1.15874 6.70573 205 20 20
-1.31484 1.16151 6.69262 205 20 20
-1.33172 1.16766 6.69192 205 20 20
-1.34361 1.17356 6.70404 205 20 20
-1.34354 1.17578 6.72188 205 20 20
-1.33156 1.173 6.73499 205 20 20
-1.31468 1.16686 6.73569 205 20 20
-1.30279 1.16095 6.72357 205 20 20
-1.2911 1.1906 6.70173 205 20 20
-1.30308 1.19337 6.68862 205 20 20
-1.31996 1.19951 6.68792 205 20 20
-1.33185 1.20542 6.70004 205 20 20
-1.33179 1.20764 6.71788 205 20 20
-1.3198 1.20486 6.73099 205 20 20
-1.30292 1.19872 6.73169 205 20 20
-1.29103 1.19281 6.71957 205 20 20
-1.29656 1.21158 6.72154 205 20 20
-1.2921 1.20989 6.70484 205 20 20
-1.29898 1.20188 6.69106 205 20 20
-1.31315 1.19226 6.68825 205 20 20
-1.32632 1.18665 6.69807 205 20 20
-1.33078 1.18835 6.71477 205 20 20
-1.32391 1.19635 6.72855 205 20 20
-1.30973 1.20597 6.73136 205 20 20
-1.33479 1.27267 6.70513 205 20 20
-1.33033 1.27097 6.68844 205 20 20
-1.33721 1.26297 6.67465 205 20 20
-1.35138 1.25335 6.67185 205 20 20
-1.36455 1.24774 6.68167 205 20 20
-1.36901 1.24944 6.69836 205 20 20
-1.36214 1.25744 6.71215 205 20 20
-1.34796 1.26706 6.71496 205 20 20
-1.33006 1.26598 6.69584 205 20 20
-1.33172 1.25472 6.68494 205 20 20
-1.3439 1.24667 6.679 205 20 20
-1.35946 1.24655 6.68149 205 20 20
-1.36928 1.25443 6.69096 205 20 20
-1.36762 1.26569 6.70186 205 20 20
-1.35545 1.27374 6.70781 205 20 20
-1.33989 1.27386 6.70531 205 20 20
-1.34026 1.32622 6.63518 205 20 20
-1.34192 1.31496 6.62428 205 20 20
-1.35409 1.30691 6.61833 205 20 20
-1.36965 1.30679 6.62083 205 20 20
-1.37948 1.31466 6.6303 205 20 20
-1.37782 1.32592 6.6412 205 20 20
-1.36565 1.33397 6.64714 205 20 20
-1.35009 1.33409 6.64465 205 20 20
-1.34382 1.32537 6.63834 205 20 20
-1.34504 1.32603 6.62486 205 20 20
-1.35494 1.32341 6.616 205 20 20
-1.36773 1.31906 6.61694 205 20 20
-1.37592 1.31551 6.62714 205 20 20
-1.3747 1.31485 6.64061 205 20 20
-1.3648 1.31746 6.64947 205 20 20
-1.35201 1.32182 6.64853 205 20 20
-1.36858 1.39936 6.6442 205 20 20
-1.3698 1.40002 6.63073 205 20 20
-1.37971 1.39741 6.62186 205 20 20
-1.3925 1.39305 6.62281 205 20 20
-1.40068 1.38951 6.633 205 20 20
-1.39947 1.38885 6.64647 205 20 20
-1.38956 1.39146 6.65533 205 20 20
-1.37677 1.39581 6.65439 205 20 20
-1.17695 0.804132 6.62091 20 205 20
-1.18282 0.817496 6.62685 20 205 20
-1.1973 0.82291 6.62991 20 205 20
-1.21191 0.817202 6.62831 20 205 20
-1.21808 0.803715 6.62298 20 205 20
-1.2122 0.79035 6.61704 20 205 20
-1.19772 0.784936 6.61398 20 205 20
-1.18312 0.790645 6.61558 20 205 20
-1.17197 0.765752 6.71225 20 205 20
-1.17784 0.779116 6.71818 20 205 20
-1.19232 0.78453 6.72125 20 205 20
-1.20692 0.778822 6.71965 20 205 20
-1.2131 0.765335 6.71432 20 205 20
-1.20722 0.75197 6.70838 20 205 20
-1.19274 0.746556 6.70531 20 205 20
-1.17814 0.752265 6.70692 20 205 20
-1.17638 0.765786 6.71227 20 205 20
-1.18094 0.775912 6.71775 20 205 20
-1.19229 0.779964 6.72062 20 205 20
-1.20378 0.775569 6.71918 20 205 20
-1.20868 0.765301 6.71429 20 205 20
-1.20412 0.755174 6.70881 20 205 20
-1.19277 0.751122 6.70595 20 205 20
-1.18128 0.755518 6.70738 20 205 20
-1.17231 0.736227 6.77024 20 205 20
-1.17687 0.746353 6.77572 20 205 20
-1.18821 0.750405 6.77859 20 205 20
-1.1997 0.746009 6.77715 20 205 20
-1.2046 0.735741 6.77226 20 205 20
-1.20005 0.725615 6.76678 20 205 20
-1.1887 0.721563 6.76392 20 205 20
-1.17721 0.725958 6.76535 20 205 20
-0.695476 0.879684 6.25553 20 205 20
-0.706929 0.905043 6.2497 20 205 20
-0.733024 0.916192 6.25143 20 205 20
-0.758474 0.906599 6.25971 20 205 20
-0.768372 0.881884 6.26968 20 205 20
-0.756918 0.856525 6.27551 20 205 20
-0.730823 0.845376 6.27378 20 205 20
-0.705373 0.854969 6.2655 20 205 20
-0.64292 0.962659 6.51331 20 205 20
-0.654373 0.988018 6.50748 20 205 20
-0.680468 0.999167 6.50922 20 205 20
-0.705918 0.989574 6.51749 20 205 20
-0.715816 0.96486 6.52747 20 205 20
-0.704362 0.939501 6.53329 20 205 20
-0.678267 0.928352 6.53156 20 205 20
-0.652817 0.937944 6.52328 20 205 20
-0.644333 0.964136 6.52497 20 205 20
-0.654328 0.988676 6.51956 20 205 20
-0.678991 0.998621 6.51464 20 205 20
-0.703875 0.988144 6.51309 20 205 20
-0.714402 0.963383 6.51581 20 205 20
-0.704407 0.938842 6.52122 20 205 20
-0.679744 0.928898 6.52614 20 205 20
-0.654861 0.939375 6.52769 20 205 20
-0.659462 0.983138 6.6392 20 205 20
-0.669457 1.00768 6.63379 20 205 20
-0.69412 1.01762 6.62887 20 205 20
-0.719003 1.00715 6.62732 20 205 20
-0.729531 0.982385 6.63005 20 205 20
-0.719536 0.957844 6.63545 20 205 20
-0.694873 0.9479 6.64037 20 205 20
-0.669989 0.958377 6.64192 20 205 20
-0.660056 0.983074 6.63629 20 205 20
-0.669923 1.00571 6.62697 20 205 20
-0.694184 1.0149 6.62213 20 205 20
-0.718628 1.00526 6.62461 20 205 20
-0.728936 0.982449 6.63296 20 205 20
-0.71907 0.959816 6.64228 20 205 20
-0.694809 0.950624 6.64712 20 205 20
-0.670365 0.960258 6.64463 20 205 20
-0.664615 1.01727 6.72414 20 205 20
-0.674481 1.0399 6.71482 20 205 20
-0.698742 1.04909 6.70998 20 205 20
-0.723186 1.03946 6.71246 20 205 20
-0.733494 1.01665 6.72081 20 205 20
-0.723628 0.994012 6.73013 20 205 20
-0.699367 0.98482 6.73497 20 205 20
-0.674923 0.994454 6.73249 20 205 20
-0.665361 1.01721 6.72434 20 205 20
-0.675049 1.04012 6.71737 20 205 20
-0.698799 1.04946 6.7134 20 205 20
-0.722699 1.03976 6.71474 20 205 20
-0.732748 1.0167 6.72061 20 205 20
-0.72306 0.993795 6.72758 20 205 20
-0.69931 0.984457 6.73155 20 205 20
-0.675411 0.994157 6.73021 20 205 20
-0.670518 1.04233 6.8141 20 205 20
-0.680206 1.06524 6.80714 20 205 20
-0.703956 1.07458 6.80316 20 205 20
-0.727855 1.06488 6.8045 20 205 20
-0.737905 1.04182 6.81038 20 205 20
-0.728217 1.01891 6.81734 20 205 20
-0.704467 1.00957 6.82132 20 205 20
-0.680567 1.01927 6.81998 20 205 20
-0.673744 1.04249 6.79965 20 205 20
-0.682377 1.06563 6.8048 20 205 20
-0.703801 1.07498 6.81431 20 205 20
-0.725465 1.06505 6.82261 20 205 20
-0.734679 1.04166 6.82483 20 205 20
-0.726045 1.01852 6.81968 20 205 20
-0.704622 1.00917 6.81017 20 205 20
-0.682958 1.0191 6.80187 20 205 20
-0.647676 1.03821 6.86257 20 205 20
-0.65631 1.06135 6.86772 20 205 20
-0.677733 1.0707 6.87723 20 205 20
-0.699397 1.06077 6.88553 20 205 20
-0.708611 1.03739 6.88776 20 205 20
-0.699978 1.01424 6.88261 20 205 20
-0.678554 1.0049 6.8731 20 205 20
-0.65689 1.01482 6.8648 20 205 20
-0.645831 1.03757 6.87327 20 205 20
-0.655455 1.05988 6.86843 20 205 20
-0.67837 1.06926 6.86754 20 205 20
-0.701153 1.0602 6.87111 20 205 20
-0.710457 1.03802 6.87706 20 205 20
-0.700832 1.01571 6.88189 20 205 20
-0.677917 1.00634 6.88279 20 205 20
-0.655135 1.01539 6.87921 20 205 20
-0.640877 1.0575 6.95536 20 205 20
-0.650501 1.07981 6.95053 20 205 20
-0.673416 1.08919 6.94963 20 205 20
-0.696198 1.08013 6.95321 20 205 20
-0.705502 1.05796 6.95915 20 205 20
-0.695878 1.03565 6.96399 20 205 20
-0.672963 1.02627 6.96488 20 205 20
-0.650181 1.03532 6.96131 20 205 20
-0.642709 1.05938 6.96534 20 205 20
-0.65047 1.07947 6.95437 20 205 20
-0.67154 1.08682 6.94509 20 205 20
-0.693576 1.07713 6.94294 20 205 20
-0.70367 1.05608 6.94918 20 205 20
-0.695909 1.03599 6.96014 20 205 20
-0.674839 1.02864 6.96942 20 205 20
-0.652803 1.03832 6.97157 20 205 20
-0.669217 1.09928 7.05718 20 205 20
-0.676977 1.11937 7.04621 20 205 20
-0.698047 1.12672 7.03694 20 205 20
-0.720083 1.11703 7.03479 20 205 20
-0.730177 1.09598 7.04102 20 205 20
-0.722416 1.07589 7.05199 20 205 20
-0.701347 1.06854 7.06126 20 205 20
-0.679311 1.07822 7.06341 20 205 20
-0.669788 1.09723 7.04303 20 205 20
-0.678828 1.11875 7.04203 20 205 20
-0.700093 1.1279 7.04518 20 205 20
-0.721125 1.11931 7.05062 20 205 20
-0.729606 1.09802 7.05517 20 205 20
-0.720566 1.07651 7.05617 20 205 20
-0.699301 1.06736 7.05302 20 205 20
-0.678268 1.07595 7.04758 20 205 20
-0.652894 1.10813 7.1255 20 205 20
-0.661934 1.12965 7.1245 20 205 20
-0.683198 1.1388 7.12765 20 205 20
-0.704231 1.13021 7.13309 20 205 20
-0.712711 1.10893 7.13765 20 205 20
-0.703671 1.08741 7.13864 20 205 20
-0.682407 1.07826 7.13549 20 205 20
-0.661374 1.08685 7.13005 20 205 20
-0.653229 1.10853 7.13162 20 205 20
-0.661887 1.12893 7.12697 20 205 20
-0.682797 1.13737 7.12502 20 205 20
-0.703711 1.12892 7.1269 20 205 20
-0.712376 1.10852 7.13152 20 205 20
-0.703718 1.08813 7.13617 20 205 20
-0.682808 1.07969 7.13812 20 205 20
-0.661895 1.08814 7.13624 20 205 20
-0.653345 1.12506 7.20432 20 205 20
-0.662003 1.14545 7.19968 20 205 20
-0.682913 1.15389 7.19772 20 205 20
-0.703826 1.14544 7.19961 20 205 20
-0.712492 1.12505 7.20423 20 205 20
-0.703834 1.10465 7.20888 20 205 20
-0.682924 1.09621 7.21083 20 205 20
-0.66201 1.10466 7.20894 20 205 20
-0.654281 1.12551 7.20541 20 205 20
-0.662346 1.13999 7.19104 20 205 20
-0.682462 1.14572 7.18443 20 205 20
-0.702845 1.13935 7.18944 20 205 20
-0.711555 1.12459 7.20314 20 205 20
-0.70349 1.11011 7.21751 20 205 20
-0.683375 1.10438 7.22413 20 205 20
-0.662992 1.11076 7.21911 20 205 20
-0.658735 1.20351 7.28655 20 205 20
-0.6668 1.218 7.27218 20 205 20
-0.686916 1.22373 7.26556 20 205 20
-0.707299 1.21735 7.27058 20 205 20
-0.716009 1.2026 7.28428 20 205 20
-0.707944 1.18812 7.29865 20 205 20
-0.687829 1.18239 7.30526 20 205 20
-0.667446 1.18876 7.30025 20 205 20
-0.676337 1.19875 7.3098 20 205 20
-0.682614 1.21837 7.30727 20 205 20
-0.691678 1.22901 7.29194 20 205 20
-0.69822 1.22446 7.27279 20 205 20
-0.698408 1.20736 7.26103 20 205 20
-0.692131 1.18775 7.26355 20 205 20
-0.683067 1.1771 7.27888 20 205 20
-0.676525 1.18166 7.29804 20 205 20
-0.701783 1.19194 7.32011 20 205 20
-0.70806 1.21155 7.31759 20 205 20
-0.717124 1.2222 7.30226 20 205 20
-0.723666 1.21764 7.2831 20 205 20
-0.723854 1.20055 7.27134 20 205 20
-0.717577 1.18093 7.27387 20 205 20
-0.708513 1.17029 7.28919 20 205 20
-0.701971 1.17484 7.30835 20 205 20
-0.68932 1.19735 7.28315 20 205 20
-0.69542 1.21561 7.28993 20 205 20
-0.711711 1.22253 7.30011 20 205 20
-0.728652 1.21405 7.30772 20 205 20
-0.736317 1.19513 7.3083 20 205 20
-0.730218 1.17687 7.30152 20 205 20
-0.713926 1.16995 7.29134 20 205 20
-0.696985 1.17844 7.28373 20 205 20
-0.622806 1.17417 7.40539 20 205 20
-0.628906 1.19243 7.41217 20 205 20
-0.645198 1.19935 7.42235 20 205 20
-0.662138 1.19087 7.42996 20 205 20
-0.669804 1.17195 7.43054 20 205 20
-0.663704 1.15369 7.42376 20 205 20
-0.647412 1.14677 7.41358 20 205 20
-0.630472 1.15525 7.40597 20 205 20
-0.629036 1.17107 7.40121 20 205 20
-0.635503 1.18831 7.40269 20 205 20
-0.648297 1.19663 7.41311 20 205 20
-0.659924 1.19113 7.42638 20 205 20
-0.663573 1.17505 7.43472 20 205 20
-0.657107 1.1578 7.43325 20 205 20
-0.644312 1.14949 7.42282 20 205 20
-0.632685 1.15499 7.40955 20 205 20
-0.56891 1.18849 7.4611 20 205 20
-0.575376 1.20574 7.46258 20 205 20
-0.588171 1.21405 7.473 20 205 20
-0.599798 1.20856 7.48628 20 205 20
-0.603447 1.19247 7.49462 20 205 20
-0.59698 1.17523 7.49314 20 205 20
-0.584186 1.16692 7.48272 20 205 20
-0.572558 1.17241 7.46945 20 205 20
-0.565728 1.19208 7.48612 20 205 20
-0.57059 1.20617 7.4781 20 205 20
-0.584584 1.21107 7.46994 20 205 20
-0.599511 1.20391 7.46642 20 205 20
-0.606628 1.18889 7.4696 20 205 20
-0.601766 1.1748 7.47762 20 205 20
-0.587773 1.1699 7.48578 20 205 20
-0.572845 1.17705 7.4893 20 205 20
-0.586526 1.21201 7.53375 20 205 20
-0.591388 1.2261 7.52573 20 205 20
-0.605381 1.231 7.51757 20 205 20
-0.620308 1.22384 7.51404 20 205 20
-0.627426 1.20882 7.51722 20 205 20
-0.622564 1.19473 7.52524 20 205 20
-0.60857 1.18983 7.53341 20 205 20
-0.593643 1.19699 7.53693 20 205 20
-0.587337 1.20902 7.53106 20 205 20
-0.594079 1.22221 7.53613 20 205 20
-0.608376 1.2285 7.53496 20 205 20
-0.621853 1.22419 7.52825 20 205 20
-0.626614 1.21182 7.51991 20 205 20
-0.619872 1.19862 7.51484 20 205 20
-0.605575 1.19234 7.51601 20 205 20
-0.592099 1.19664 7.52273 20 205 20
-0.611506 1.16792 7.6059 20 205 20
-0.618248 1.18111 7.61097 20 205 20
-0.632545 1.1874 7.6098 20 205 20
-0.646022 1.18309 7.60309 20 205 20
-0.650783 1.17072 7.59475 20 205 20
-0.644041 1.15752 7.58968 20 205 20
-0.629744 1.15124 7.59085 20 205 20
-0.616268 1.15554 7.59756 20 205 20
-0.61456 1.16939 7.60071 20 205 20
-0.619365 1.18025 7.59621 20 205 20
-0.63107 1.18471 7.59413 20 205 20
-0.642819 1.18015 7.59567 20 205 20
-0.647729 1.16924 7.59994 20 205 20
-0.642924 1.15839 7.60444 20 205 20
-0.631219 1.15393 7.60652 20 205 20
-0.61947 1.15849 7.60498 20 205 20
-0.616216 1.19619 7.66722 20 205 20
-0.621021 1.20705 7.66272 20 205 20
-0.632726 1.21151 7.66063 20 205 20
-0.644474 1.20695 7.66218 20 205 20
-0.649384 1.19604 7.66645 20 205 20
-0.644579 1.18519 7.67095 20 205 20
-0.632874 1.18073 7.67303 20 205 20
-0.621126 1.18529 7.67149 20 205 20
-0.703373 0.880529 6.26549 20 205 20
-0.711916 0.900579 6.2682 20 205 20
-0.732179 0.909034 6.26764 20 205 20
-0.752293 0.90094 6.26413 20 205 20
-0.760474 0.88104 6.25972 20 205 20
-0.751931 0.860989 6.257 20 205 20
-0.731668 0.852535 6.25757 20 205 20
-0.711555 0.860628 6.26108 20 205 20
-0.733552 0.827777 6.55973 20 205 20
-0.742095 0.847827 6.56245 20 205 20
-0.762358 0.856282 6.56188 20 205 20
-0.782471 0.848189 6.55837 20 205 20
-0.790652 0.828288 6.55396 20 205 20
-0.782109 0.808238 6.55124 20 205 20
-0.761846 0.799783 6.55181 20 205 20
-0.741733 0.807876 6.55532 20 205 20
-0.738296 0.827889 6.55723 20 205 20
-0.74537 0.840556 6.56825 20 205 20
-0.762245 0.845888 6.5726 20 205 20
-0.779037 0.840759 6.56771 20 205 20
-0.785908 0.828176 6.55647 20 205 20
-0.778834 0.815508 6.54544 20 205 20
-0.761958 0.810177 6.5411 20 205 20
-0.745167 0.815305 6.54598 20 205 20
-0.739568 0.77514 6.61701 20 205 20
-0.746642 0.787808 6.62804 20 205 20
-0.763517 0.793139 6.63238 20 205 20
-0.780308 0.788011 6.6275 20 205 20
-0.787179 0.775427 6.61626 20 205 20
-0.780105 0.76276 6.60523 20 205 20
-0.76323 0.757429 6.60089 20 205 20
-0.746439 0.762557 6.60577 20 205 20
-0.742127 0.775333 6.62183 20 205 20
-0.748315 0.790782 6.62002 20 205 20
-0.763324 0.797152 6.61623 20 205 20
-0.778363 0.790712 6.61268 20 205 20
-0.78462 0.775235 6.61144 20 205 20
-0.778432 0.759786 6.61325 20 205 20
-0.763423 0.753416 6.61704 20 205 20
-0.748385 0.759855 6.62059 20 205 20
-0.75977 0.776717 6.69401 20 205 20
-0.765958 0.792166 6.6922 20 205 20
-0.780968 0.798536 6.68841 20 205 20
-0.796006 0.792096 6.68485 20 205 20
-0.802264 0.776619 6.68362 20 205 20
-0.796075 0.76117 6.68543 20 205 20
-0.781066 0.754799 6.68922 20 205 20
-0.766028 0.761239 6.69277 20 205 20
-0.762612 0.776886 6.6952 20 205 20
-0.767849 0.790566 6.69241 20 205 20
-0.780799 0.796105 6.68752 20 205 20
-0.793877 0.790258 6.68339 20 205 20
-0.799421 0.77645 6.68243 20 205 20
-0.794185 0.76277 6.68521 20 205 20
-0.781235 0.757231 6.69011 20 205 20
-0.768157 0.763078 6.69424 20 205 20
-0.782647 0.780941 6.75283 20 205 20
-0.787884 0.794621 6.75005 20 205 20
-0.800834 0.80016 6.74516 20 205 20
-0.813912 0.794313 6.74102 20 205 20
-0.819457 0.780505 6.74006 20 205 20
-0.81422 0.766825 6.74285 20 205 20
-0.80127 0.761286 6.74774 20 205 20
-0.788192 0.767133 6.75187 20 205 20
-0.784707 0.781033 6.74927 20 205 20
-0.789276 0.792396 6.74592 20 205 20
-0.800743 0.796921 6.74288 20 205 20
-0.812391 0.791958 6.74193 20 205 20
-0.817397 0.780414 6.74363 20 205 20
-0.812828 0.769051 6.74698 20 205 20
-0.801361 0.764525 6.75002 20 205 20
-0.789713 0.769488 6.75097 20 205 20
-0.796905 0.796467 6.81825 20 205 20
-0.801474 0.80783 6.8149 20 205 20
-0.812941 0.812356 6.81186 20 205 20
-0.824589 0.807393 6.81091 20 205 20
-0.829595 0.795848 6.81261 20 205 20
-0.825027 0.784485 6.81596 20 205 20
-0.81356 0.77996 6.819 20 205 20
-0.801911 0.784923 6.81995 20 205 20
-1.37305 -0.17187 6.09877 20 205 20
-1.38118 -0.149713 6.09286 20 205 20
-1.40177 -0.140924 6.08331 20 205 20
-1.42274 -0.150651 6.07571 20 205 20
-1.43181 -0.173197 6.07452 20 205 20
-1.42367 -0.195353 6.08043 20 205 20
-1.40309 -0.204142 6.08998 20 205 20
-1.38212 -0.194415 6.09758 20 205 20
-1.42939 -0.156363 6.23445 20 205 20
-1.43753 -0.134207 6.22854 20 205 20
-1.45811 -0.125418 6.21899 20 205 20
-1.47908 -0.135145 6.21139 20 205 20
-1.48816 -0.15769 6.2102 20 205 20
-1.48002 -0.179847 6.21611 20 205 20
-1.45944 -0.188636 6.22566 20 205 20
-1.43847 -0.178909 6.23326 20 205 20
-1.43848 -0.154452 6.24512 20 205 20
-1.4426 -0.134002 6.23443 20 205 20
-1.4562 -0.127039 6.21665 20 205 20
-1.4713 -0.137643 6.20219 20 205 20
-1.47907 -0.159601 6.19953 20 205 20
-1.47495 -0.180052 6.21022 20 205 20
-1.46135 -0.187015 6.22801 20 205 20
-1.44625 -0.176411 6.24246 20 205 20
-1.48596 -0.142626 6.28605 20 205 20
-1.49008 -0.122175 6.27536 20 205 20
-1.50368 -0.115212 6.25758 20 205 20
-1.51878 -0.125816 6.24312 20 205 20
-1.52655 -0.147775 6.24046 20 205 20
-1.52243 -0.168225 6.25115 20 205 20
-1.50883 -0.175188 6.26894 20 205 20
-1.49373 -0.164584 6.28339 20 205 20
-1.4726 -0.145348 6.26262 20 205 20
-1.48257 -0.123947 6.25231 20 205 20
-1.5064 -0.114996 6.24841 20 205 20
-1.53015 -0.123738 6.25321 20 205 20
-1.5399 -0.145052 6.2639 20 205 20
-1.52994 -0.166453 6.27421 20 205 20
-1.50611 -0.175404 6.27811 20 205 20
-1.48236 -0.166662 6.27331 20 205 20
-1.47098 -0.107543 6.33951 20 205 20
-1.48094 -0.0861417 6.3292 20 205 20
-1.50478 -0.0771903 6.3253 20 205 20
-1.52853 -0.0859319 6.3301 20 205 20
-1.53828 -0.107246 6.34079 20 205 20
-1.52832 -0.128647 6.3511 20 205 20
-1.50448 -0.137598 6.355 20 205 20
-1.48073 -0.128857 6.3502 20 205 20
-1.48293 -0.102869 6.36493 20 205 20
-1.48609 -0.0819391 6.35081 20 205 20
-1.50011 -0.0759205 6.33044 20 205 20
-1.51678 -0.0883389 6.31576 20 205 20
-1.52633 -0.11192 6.31537 20 205 20
-1.52318 -0.13285 6.3295 20 205 20
-1.50916 -0.138868 6.34986 20 205 20
-1.49249 -0.12645 6.36454 20 205 20
-1.52765 -0.085342 6.40089 20 205 20
-1.5308 -0.0644121 6.38677 20 205 20
-1.54482 -0.0583935 6.3664 20 205 20
-1.56149 -0.0708118 6.35173 20 205 20
-1.57105 -0.0943926 6.35134 20 205 20
-1.56789 -0.115322 6.36546 20 205 20
-1.55387 -0.121341 6.38583 20 205 20
-1.5372 -0.108923 6.4005 20 205 20
-1.51883 -0.0863459 6.38608 20 205 20
-1.52528 -0.069478 6.3692 20 205 20
-1.54583 -0.0645538 6.35638 20 205 20
-1.56844 -0.074458 6.35512 20 205 20
-1.57986 -0.0933887 6.36616 20 205 20
-1.57342 -0.110257 6.38303 20 205 20
-1.55287 -0.115181 6.39586 20 205 20
-1.53026 -0.105277 6.39712 20 205 20
-1.54064 -0.0431344 6.4376 20 205 20
-1.54708 -0.0262665 6.42073 20 205 20
-1.56763 -0.0213423 6.4079 20 205 20
-1.59024 -0.0312465 6.40664 20 205 20
-1.60167 -0.0501772 6.41768 20 205 20
-1.59522 -0.0670451 6.43456 20 205 20
-1.57467 -0.0719692 6.44738 20 205 20
-1.55206 -0.0620651 6.44864 20 205 20
-1.53827 -0.047868 6.42286 20 205 20
-1.54876 -0.0268332 6.41311 20 205 20
-1.57236 -0.0174103 6.41187 20 205 20
-1.59526 -0.0251189 6.41987 20 205 20
-1.60403 -0.0454436 6.43242 20 205 20
-1.59355 -0.0664783 6.44217 20 205 20
-1.56994 -0.0759013 6.44341 20 205 20
-1.54705 -0.0681926 6.43541 20 205 20
-1.52875 -0.0164472 6.48041 20 205 20
-1.53924 0.00458758 6.47066 20 205 20
-1.56285 0.0140105 6.46942 20 205 20
-1.58574 0.00630188 6.47742 20 205 20
-1.59452 -0.0140228 6.48996 20 205 20
-1.58403 -0.0350575 6.49971 20 205 20
-1.56042 -0.0444805 6.50096 20 205 20
-1.53753 -0.0367718 6.49296 20 205 20
-1.54133 -0.0263045 6.4613 20 205 20
-1.5551 -0.00624821 6.45385 20 205 20
-1.5727 0.00854377 6.46476 20 205 20
-1.58382 0.00940649 6.48763 20 205 20
-1.58194 -0.00416544 6.50907 20 205 20
-1.56817 -0.0242217 6.51652 20 205 20
-1.55057 -0.0390137 6.50562 20 205 20
-1.53945 -0.0398764 6.48275 20 205 20
-1.48856 0.0188368 6.48525 20 205 20
-1.50233 0.0388932 6.4778 20 205 20
-1.51993 0.0536851 6.4887 20 205 20
-1.53105 0.0545479 6.51158 20 205 20
-1.52917 0.0409759 6.53302 20 205 20
-1.51539 0.0209196 6.54047 20 205 20
-1.49779 0.00612764 6.52956 20 205 20
-1.48668 0.00526492 6.50669 20 205 20
-1.49419 0.0361892 6.52585 20 205 20
-1.49405 0.0473866 6.51216 20 205 20
-1.50258 0.0483443 6.49669 20 205 20
-1.51479 0.0385014 6.48851 20 205 20
-1.52353 0.0236236 6.49241 20 205 20
-1.52368 0.0124262 6.50611 20 205 20
-1.51514 0.0114685 6.52157 20 205 20
-1.50293 0.0213114 6.52975 20 205 20
-1.57047 0.0929358 6.57144 20 205 20
-1.57032 0.104133 6.55775 20 205 20
-1.57886 0.105091 6.54228 20 205 20
-1.59107 0.095248 6.5341 20 205 20
-1.59981 0.0803702 6.538 20 205 20
-1.59995 0.0691728 6.55169 20 205 20
-1.59142 0.0682151 6.56716 20 205 20
-1.57921 0.078058 6.57534 20 205 20
-1.55768 0.0860666 6.5526 20 205 20
-1.56613 0.102941 6.54321 20 205 20
-1.58572 0.110274 6.54055 20 205 20
-1.60497 0.10377 6.5462 20 205 20
-1.6126 0.0872393 6.55683 20 205 20
-1.60414 0.0703648 6.56623 20 205 20
-1.58455 0.0630316 6.56888 20 205 20
-1.56531 0.0695355 6.56324 20 205 20
-1.55161 0.126694 6.6201 20 205 20
-1.56007 0.143568 6.61071 20 205 20
-1.57966 0.150901 6.60805 20 205 20
-1.59891 0.144398 6.6137 20 205 20
-1.60653 0.127866 6.62433 20 205 20
-1.59808 0.110992 6.63373 20 205 20
-1.57849 0.103659 6.63638 20 205 20
-1.55924 0.110163 6.63074 20 205 20
-1.56455 0.124761 6.61462 20 205 20
-1.57059 0.135043 6.61028 20 205 20
-1.58159 0.140777 6.61292 20 205 20
-1.59112 0.138605 6.62102 20 205 20
-1.59359 0.129799 6.62981 20 205 20
-1.58756 0.119517 6.63416 20 205 20
-1.57655 0.113783 6.63151 20 205 20
-1.56702 0.115955 6.62342 20 205 20
-1.53177 0.164882 6.66401 20 205 20
-1.5378 0.175164 6.65966 20 205 20
-1.54881 0.180898 6.66231 20 205 20
-1.55834 0.178726 6.6704 20 205 20
-1.56081 0.16992 6.67919 20 205 20
-1.55478 0.159638 6.68354 20 205 20
-1.54377 0.153904 6.68089 20 205 20
-1.53424 0.156076 6.6728 20 205 20
-1.37449 -0.173101 6.08841 20 205 20
-1.38308 -0.156846 6.09942 20 205 20
-1.403 -0.149781 6.10295 20 205 20
-1.42259 -0.156043 6.09693 20 205 20
-1.43037 -0.171965 6.08488 20 205 20
-1.42178 -0.18822 6.07386 20 205 20
-1.40186 -0.195286 6.07034 20 205 20
-1.38227 -0.189024 6.07636 20 205 20
-1.38375 -0.25859 6.20735 20 205 20
-1.39233 -0.242335 6.21837 20 205 20
-1.41225 -0.235269 6.2219 20 205 20
-1.43184 -0.241531 6.21587 20 205 20
-1.43962 -0.257453 6.20382 20 205 20
-1.43104 -0.273708 6.19281 20 205 20
-1.41112 -0.280774 6.18928 20 205 20
-1.39153 -0.274512 6.1953 20 205 20
-1.38593 -0.25804 6.20572 20 205 20
-1.39349 -0.240493 6.21057 20 205 20
-1.4117 -0.233215 6.2125 20 205 20
-1.42991 -0.240468 6.21038 20 205 20
-1.43744 -0.258003 6.20545 20 205 20
-1.42988 -0.275549 6.2006 20 205 20
-1.41167 -0.282828 6.19867 20 205 20
-1.39346 -0.275575 6.20079 20 205 20
-1.38625 -0.274252 6.26387 20 205 20
-1.3938 -0.256706 6.26872 20 205 20
-1.41202 -0.249427 6.27065 20 205 20
-1.43022 -0.25668 6.26853 20 205 20
-1.43775 -0.274215 6.2636 20 205 20
-1.4302 -0.291761 6.25875 20 205 20
-1.41198 -0.29904 6.25682 20 205 20
-1.39378 -0.291787 6.25894 20 205 20
-1.39185 -0.276696 6.27771 20 205 20
-1.39949 -0.259504 6.27903 20 205 20
-1.41446 -0.250941 6.27139 20 205 20
-1.42799 -0.256022 6.25927 20 205 20
-1.43215 -0.271771 6.24976 20 205 20
-1.4245 -0.288963 6.24844 20 205 20
-1.40954 -0.297526 6.25608 20 205 20
-1.39601 -0.292445 6.2682 20 205 20
-1.42566 -0.295219 6.3232 20 205 20
-1.43331 -0.278027 6.32452 20 205 20
-1.44827 -0.269464 6.31688 20 205 20
-1.4618 -0.274545 6.30475 20 205 20
-1.46596 -0.290294 6.29525 20 205 20
-1.45832 -0.307486 6.29393 20 205 20
-1.44335 -0.316049 6.30157 20 205 20
-1.42982 -0.310968 6.31369 20 205 20
-1.41817 -0.293002 6.30239 20 205 20
-1.42644 -0.272847 6.30297 20 205 20
-1.44606 -0.264355 6.30721 20 205 20
-1.46553 -0.2725 6.31263 20 205 20
-1.47345 -0.292511 6.31606 20 205 20
-1.46518 -0.312666 6.31548 20 205 20
-1.44557 -0.321158 6.31123 20 205 20
-1.42609 -0.313013 6.30581 20 205 20
-1.40089 -0.287917 6.37209 20 205 20
-1.40915 -0.267762 6.37267 20 205 20
-1.42877 -0.25927 6.37692 20 205 20
-1.44824 -0.267415 6.38234 20 205 20
-1.45617 -0.287426 6.38577 20 205 20
-1.4479 -0.307581 6.38518 20 205 20
-1.42828 -0.316074 6.38094 20 205 20
-1.40881 -0.307928 6.37552 20 205 20
-1.40535 -0.28772 6.37948 20 205 20
-1.41217 -0.271561 6.38215 20 205 20
-1.42857 -0.264839 6.38293 20 205 20
-1.44495 -0.271492 6.38137 20 205 20
-1.4517 -0.287623 6.37837 20 205 20
-1.44488 -0.303783 6.37571 20 205 20
-1.42848 -0.310504 6.37493 20 205 20
-1.41211 -0.303851 6.37649 20 205 20
-1.407 -0.299595 6.44723 20 205 20
-1.41382 -0.283436 6.4499 20 205 20
-1.43022 -0.276714 6.45068 20 205 20
-1.44659 -0.283368 6.44912 20 205 20
-1.45335 -0.299498 6.44612 20 205 20
-1.44652 -0.315658 6.44346 20 205 20
-1.43012 -0.322379 6.44268 20 205 20
-1.41375 -0.315726 6.44424 20 205 20
-1.41151 -0.300014 6.45137 20 205 20
-1.4173 -0.286528 6.45264 20 205 20
-1.43064 -0.280668 6.45042 20 205 20
-1.4437 -0.285867 6.446 20 205 20
-1.44884 -0.299079 6.44198 20 205 20
-1.44304 -0.312565 6.44071 20 205 20
-1.4297 -0.318425 6.44294 20 205 20
-1.41664 -0.313226 6.44735 20 205 20
-1.42513 -0.310864 6.50444 20 205 20
-1.43092 -0.297378 6.50571 20 205 20
-1.44426 -0.291518 6.50349 20 205 20
-1.45732 -0.296717 6.49907 20 205 20
-1.46246 -0.309929 6.49505 20 205 20
-1.45666 -0.323415 6.49379 20 205 20
-1.44332 -0.329275 6.49601 20 205 20
-1.43026 -0.324076 6.50042 20 205 20
-1.42096 -0.310514 6.49763 20 205 20
-1.42773 -0.294365 6.49645 20 205 20
-1.44391 -0.287606 6.49721 20 205 20
-1.46002 -0.294198 6.49945 20 205 20
-1.46663 -0.310279 6.50186 20 205 20
-1.45985 -0.326428 6.50304 20 205 20
-1.44367 -0.333187 6.50229 20 205 20
-1.42756 -0.326595 6.50005 20 205 20
-1.4144 -0.302626 6.568 20 205 20
-1.42117 -0.286477 6.56682 20 205 20
-1.43735 -0.279718 6.56757 20 205 20
-1.45346 -0.28631 6.56981 20 205 20
-1.46007 -0.30239 6.57223 20 205 20
-1.4533 -0.31854 6.57341 20 205 20
-1.43712 -0.325299 6.57266 20 205 20
-1.421 -0.318707 6.57042 20 205 20
-1.22673 -0.0727141 6.32711 20 205 20
-1.23478 -0.0632271 6.34382 20 205 20
-1.25407 -0.05923 6.35063 20 205 20
-1.27329 -0.0630641 6.34354 20 205 20
-1.28119 -0.0724835 6.32671 20 205 20
-1.27313 -0.0819705 6.30999 20 205 20
-1.25384 -0.0859677 6.30318 20 205 20
-1.23462 -0.0821335 6.31027 20 205 20
-1.22765 -0.183499 6.38953 20 205 20
-1.23571 -0.174012 6.40625 20 205 20
-1.25499 -0.170015 6.41306 20 205 20
-1.27422 -0.173849 6.40597 20 205 20
-1.28211 -0.183268 6.38914 20 205 20
-1.27405 -0.192755 6.37242 20 205 20
-1.25476 -0.196752 6.36561 20 205 20
-1.23554 -0.192918 6.3727 20 205 20
-1.22992 -0.184484 6.39212 20 205 20
-1.23801 -0.171178 6.40341 20 205 20
-1.25598 -0.165022 6.40646 20 205 20
-1.2733 -0.169621 6.39948 20 205 20
-1.27984 -0.182283 6.38655 20 205 20
-1.27175 -0.195589 6.37525 20 205 20
-1.25378 -0.201745 6.3722 20 205 20
-1.23645 -0.197145 6.37919 20 205 20
-1.23399 -0.209491 6.41866 20 205 20
-1.24207 -0.196185 6.42996 20 205 20
-1.26004 -0.190029 6.43301 20 205 20
-1.27737 -0.194629 6.42602 20 205 20
-1.2839 -0.20729 6.4131 20 205 20
-1.27581 -0.220597 6.4018 20 205 20
-1.25784 -0.226753 6.39875 20 205 20
-1.24052 -0.222153 6.40574 20 205 20
-1.2355 -0.211042 6.42222 20 205 20
-1.24424 -0.198035 6.43241 20 205 20
-1.26159 -0.191094 6.43292 20 205 20
-1.27739 -0.194286 6.42345 20 205 20
-1.28238 -0.20574 6.40954 20 205 20
-1.27364 -0.218747 6.39935 20 205 20
-1.25629 -0.225687 6.39884 20 205 20
-1.24049 -0.222496 6.40831 20 205 20
-1.25585 -0.265765 6.47459 20 205 20
-1.26459 -0.252758 6.48478 20 205 20
-1.28194 -0.245818 6.48529 20 205 20
-1.29774 -0.249009 6.47582 20 205 20
-1.30273 -0.260463 6.46191 20 205 20
-1.29399 -0.27347 6.45172 20 205 20
-1.27664 -0.28041 6.45121 20 205 20
-1.26084 -0.277219 6.46068 20 205 20
-1.25664 -0.262657 6.46721 20 205 20
-1.26295 -0.251928 6.47931 20 205 20
-1.27883 -0.247751 6.48493 20 205 20
-1.29498 -0.252574 6.48078 20 205 20
-1.30194 -0.263571 6.46929 20 205 20
-1.29563 -0.274301 6.45719 20 205 20
-1.27975 -0.278477 6.45157 20 205 20
-1.2636 -0.273655 6.45572 20 205 20
-1.25398 -0.305234 6.50636 20 205 20
-1.26029 -0.294505 6.51846 20 205 20
-1.27618 -0.290328 6.52408 20 205 20
-1.29233 -0.295151 6.51993 20 205 20
-1.29928 -0.306148 6.50844 20 205 20
-1.29297 -0.316878 6.49634 20 205 20
-1.27709 -0.321054 6.49072 20 205 20
-1.26094 -0.316232 6.49487 20 205 20
-1.25814 -0.305337 6.50644 20 205 20
-1.2633 -0.295471 6.51521 20 205 20
-1.27628 -0.291592 6.51941 20 205 20
-1.28946 -0.295972 6.51657 20 205 20
-1.29513 -0.306045 6.50836 20 205 20
-1.28996 -0.315911 6.49959 20 205 20
-1.27699 -0.31979 6.49539 20 205 20
-1.2638 -0.31541 6.49823 20 205 20
-1.25515 -0.342677 6.55018 20 205 20
-1.26031 -0.332812 6.55896 20 205 20
-1.27329 -0.328933 6.56315 20 205 20
-1.28647 -0.333313 6.56032 20 205 20
-1.29214 -0.343386 6.5521 20 205 20
-1.28697 -0.353252 6.54333 20 205 20
-1.274 -0.357131 6.53913 20 205 20
-1.26081 -0.352751 6.54197 20 205 20
-1.25457 -0.34304 6.55167 20 205 20
-1.26016 -0.329553 6.55193 20 205 20
-1.27365 -0.323962 6.55172 20 205 20
-1.28713 -0.329542 6.55118 20 205 20
-1.29271 -0.343024 6.55061 20 205 20
-1.28712 -0.35651 6.55035 20 205 20
-1.27363 -0.362101 6.55056 20 205 20
-1.26015 -0.356522 6.5511 20 205 20
-1.25554 -0.344107 6.58658 20 205 20
-1.26113 -0.33062 6.58683 20 205 20
-1.27462 -0.325029 6.58663 20 205 20
-1.2881 -0.330609 6.58608 20 205 20
-1.29368 -0.344091 6.58552 20 205 20
-1.28809 -0.357577 6.58526 20 205 20
-1.2746 -0.363168 6.58546 20 205 20
-1.26112 -0.357589 6.58601 20 205 20
-1.24894 -0.344311 6.5864 20 205 20
-1.25661 -0.335692 6.60231 20 205 20
-1.27482 -0.331999 6.60869 20 205 20
-1.29292 -0.335393 6.60181 20 205 20
-1.30029 -0.343887 6.58569 20 205 20
-1.29262 -0.352505 6.56978 20 205 20
-1.2744 -0.356199 6.5634 20 205 20
-1.25631 -0.352805 6.57028 20 205 20
-1.25014 -0.421679 6.62772 20 205 20
-1.25781 -0.413061 6.64363 20 205 20
-1.27603 -0.409367 6.65002 20 205 20
-1.29412 -0.412761 6.64313 20 205 20
-1.3015 -0.421255 6.62702 20 205 20
-1.29383 -0.429874 6.6111 20 205 20
-1.27561 -0.433567 6.60472 20 205 20
-1.25751 -0.430173 6.6116 20 205 20
-1.22774 -0.0719025 6.33321 20 205 20
-1.23493 -0.0534873 6.32726 20 205 20
-1.25326 -0.0462674 6.3211 20 205 20
-1.272 -0.054472 6.31835 20 205 20
-1.28018 -0.0732951 6.32061 20 205 20
-1.27299 -0.0917103 6.32656 20 205 20
-1.25465 -0.0989303 6.33272 20 205 20
-1.23591 -0.0907256 6.33547 20 205 20
-1.24829 -0.0529592 6.41664 20 205 20
-1.25548 -0.0345439 6.41068 20 205 20
-1.27381 -0.027324 6.40453 20 205 20
-1.29256 -0.0355287 6.40177 20 205 20
-1.30073 -0.0543518 6.40403 20 205 20
-1.29354 -0.072767 6.40999 20 205 20
-1.27521 -0.0799869 6.41614 20 205 20
-1.25646 -0.0717823 6.4189 20 205 20
-1.24899 -0.0536563 6.40939 20 205 20
-1.25647 -0.0356021 6.40964 20 205 20
-1.27451 -0.0281233 6.41029 20 205 20
-1.29255 -0.0356009 6.41097 20 205 20
-1.30002 -0.0536546 6.41128 20 205 20
-1.29255 -0.0717089 6.41103 20 205 20
-1.27451 -0.0791877 6.41038 20 205 20
-1.25647 -0.0717101 6.4097 20 205 20
-1.24592 -0.0535072 6.49266 20 205 20
-1.25339 -0.035453 6.4929 20 205 20
-1.27144 -0.0279742 6.49356 20 205 20
-1.28948 -0.0354518 6.49424 20 205 20
-1.29695 -0.0535055 6.49454 20 205 20
-1.28948 -0.0715598 6.4943 20 205 20
-1.27143 -0.0790386 6.49365 20 205 20
-1.25339 -0.071561 6.49297 20 205 20
-1.24925 -0.0546277 6.50246 20 205 20
-1.25654 -0.0379029 6.50393 20 205 20
-1.27256 -0.0303185 6.49934 20 205 20
-1.28791 -0.0363172 6.4914 20 205 20
-1.29362 -0.0523851 6.48474 20 205 20
-1.28633 -0.0691098 6.48328 20 205 20
-1.27031 -0.0766943 6.48786 20 205 20
-1.25495 -0.0706956 6.49581 20 205 20
-1.27048 -0.0683841 6.55387 20 205 20
-1.27777 -0.0516593 6.55533 20 205 20
-1.29378 -0.0440749 6.55075 20 205 20
-1.30914 -0.0500736 6.5428 20 205 20
-1.31485 -0.0661415 6.53615 20 205 20
-1.30755 -0.0828663 6.53468 20 205 20
-1.29154 -0.0904507 6.53927 20 205 20
-1.27618 -0.084452 6.54721 20 205 20
-1.27018 -0.0673652 6.54284 20 205 20
-1.27683 -0.0514319 6.54197 20 205 20
-1.29276 -0.0447721 6.54289 20 205 20
-1.30863 -0.0512871 6.54505 20 205 20
-1.31515 -0.0671604 6.54718 20 205 20
-1.30849 -0.0830937 6.54804 20 205 20
-1.29256 -0.0897535 6.54713 20 205 20
-1.27669 -0.0832386 6.54497 20 205 20
-1.26525 -0.0625614 6.59356 20 205 20
-1.27191 -0.046628 6.5927 20 205 20
-1.28784 -0.0399682 6.59361 20 205 20
-1.30371 -0.0464832 6.59577 20 205 20
-1.31022 -0.0623565 6.5979 20 205 20
-1.30357 -0.0782898 6.59877 20 205 20
-1.28764 -0.0849496 6.59785 20 205 20
-1.27177 -0.0784347 6.59569 20 205 20
-1.26658 -0.0624799 6.59472 20 205 20
-1.27279 -0.0475054 6.5944 20 205 20
-1.28776 -0.0412905 6.59485 20 205 20
-1.30272 -0.0474758 6.59582 20 205 20
-1.3089 -0.062438 6.59674 20 205 20
-1.30269 -0.0774125 6.59707 20 205 20
-1.28772 -0.0836274 6.59661 20 205 20
-1.27276 -0.0774421 6.59564 20 205 20
-1.26291 -0.0592766 6.6716 20 205 20
-1.26913 -0.0443022 6.67127 20 205 20
-1.2841 -0.0380872 6.67173 20 205 20
-1.29906 -0.0442725 6.6727 20 205 20
-1.30524 -0.0592347 6.67362 20 205 20
-1.29903 -0.0742092 6.67394 20 205 20
-1.28406 -0.0804241 6.67349 20 205 20
-1.2691 -0.0742388 6.67252 20 205 20
-1.26582 -0.0599406 6.67056 20 205 20
-1.27165 -0.0493454 6.66337 20 205 20
-1.28476 -0.0445555 6.66159 20 205 20
-1.29747 -0.0483768 6.66627 20 205 20
-1.30233 -0.0585708 6.67466 20 205 20
-1.2965 -0.069166 6.68185 20 205 20
-1.28339 -0.0739559 6.68362 20 205 20
-1.27069 -0.0701346 6.67895 20 205 20
-1.25397 0.00378507 6.75487 20 205 20
-1.2598 0.0143803 6.74768 20 205 20
-1.27291 0.0191702 6.7459 20 205 20
-1.28562 0.0153489 6.75058 20 205 20
-1.29048 0.00515487 6.75896 20 205 20
-1.28465 -0.00544033 6.76615 20 205 20
-1.27154 -0.0102302 6.76793 20 205 20
-1.25883 -0.00640892 6.76326 20 205 20
-0.978698 0.297727 3.50952 20 205 20
-0.990222 0.329768 3.51816 20 205 20
-1.01936 0.342495 3.5331 20 205 20
-1.04904 0.328453 3.54559 20 205 20
-1.06188 0.295868 3.54831 20 205 20
-1.05035 0.263827 3.53967 20 205 20
-1.02122 0.2511 3.52473 20 205 20
-0.991537 0.265142 3.51224 20 205 20
-0.887389 0.278025 3.70438 20 205 20
-0.898913 0.310065 3.71302 20 205 20
-0.928048 0.322792 3.72796 20 205 20
-0.957728 0.30875 3.74045 20 205 20
-0.970567 0.276165 3.74317 20 205 20
-0.959043 0.244125 3.73453 20 205 20
-0.929908 0.231398 3.71959 20 205 20
-0.900228 0.24544 3.7071 20 205 20
-0.883954 0.277135 3.72722 20 205 20
-0.897113 0.309044 3.72547 20 205 20
-0.928938 0.322238 3.72272 20 205 20
-0.960786 0.308988 3.7206 20 205 20
-0.974002 0.277055 3.72033 20 205 20
-0.960843 0.245146 3.72208 20 205 20
-0.929018 0.231952 3.72482 20 205 20
-0.89717 0.245202 3.72695 20 205 20
-0.891441 0.279418 3.82509 20 205 20
-0.9046 0.311327 3.82334 20 205 20
-0.936424 0.324521 3.82059 20 205 20
-0.968273 0.31127 3.81847 20 205 20
-0.981488 0.279338 3.8182 20 205 20
-0.968329 0.247429 3.81995 20 205 20
-0.936505 0.234235 3.82269 20 205 20
-0.904656 0.247485 3.82482 20 205 20
-0.892009 0.279063 3.82722 20 205 20
-0.905252 0.310637 3.82914 20 205 20
-0.936779 0.3239 3.82666 20 205 20
-0.968122 0.311083 3.82125 20 205 20
-0.98092 0.279693 3.81606 20 205 20
-0.967677 0.248118 3.81415 20 205 20
-0.936149 0.234855 3.81662 20 205 20
-0.904807 0.247673 3.82204 20 205 20
-0.902684 0.26946 3.91171 20 205 20
-0.915927 0.301035 3.91362 20 205 20
-0.947455 0.314298 3.91115 20 205 20
-0.978797 0.30148 3.90573 20 205 20
-0.991595 0.27009 3.90055 20 205 20
-0.978352 0.238516 3.89863 20 205 20
-0.946825 0.225253 3.90111 20 205 20
-0.915482 0.23807 3.90652 20 205 20
-0.902645 0.269772 3.90602 20 205 20
-0.91568 0.301177 3.90414 20 205 20
-0.947143 0.314188 3.90343 20 205 20
-0.978604 0.301182 3.90429 20 205 20
-0.991634 0.269779 3.90624 20 205 20
-0.9786 0.238373 3.90811 20 205 20
-0.947136 0.225363 3.90883 20 205 20
-0.915675 0.238368 3.90796 20 205 20
-0.902434 0.275084 3.99339 20 205 20
-0.915468 0.30649 3.99151 20 205 20
-0.946931 0.3195 3.99079 20 205 20
-0.978393 0.306494 3.99166 20 205 20
-0.991423 0.275091 3.9936 20 205 20
-0.978388 0.243685 3.99548 20 205 20
-0.946925 0.230675 3.99619 20 205 20
-0.915463 0.243681 3.99533 20 205 20
-0.902762 0.275119 3.99291 20 205 20
-0.915676 0.306167 3.99638 20 205 20
-0.946897 0.31901 3.99817 20 205 20
-0.978136 0.306123 3.99721 20 205 20
-0.991094 0.275056 3.99408 20 205 20
-0.97818 0.244008 3.9906 20 205 20
-0.946959 0.231165 3.98882 20 205 20
-0.91572 0.244052 3.98977 20 205 20
-0.90189 0.268155 4.05832 20 205 20
-0.914804 0.299204 4.0618 20 205 20
-0.946025 0.312046 4.06358 20 205 20
-0.977264 0.29916 4.06262 20 205 20
-0.990222 0.268093 4.05949 20 205 20
-0.977308 0.237045 4.05601 20 205 20
-0.946087 0.224202 4.05423 20 205 20
-0.914848 0.237089 4.05518 20 205 20
-0.902974 0.267542 4.05038 20 205 20
-0.916004 0.298485 4.0487 20 205 20
-0.946638 0.311643 4.05299 20 205 20
-0.976931 0.299308 4.06076 20 205 20
-0.989138 0.268706 4.06743 20 205 20
-0.976108 0.237764 4.06911 20 205 20
-0.945474 0.224606 4.06482 20 205 20
-0.915181 0.236941 4.05705 20 205 20
-0.885445 0.279691 4.1381 20 205 20
-0.898475 0.310633 4.13642 20 205 20
-0.929109 0.323791 4.14072 20 205 20
-0.959402 0.311457 4.14848 20 205 20
-0.971609 0.280855 4.15516 20 205 20
-0.958579 0.249912 4.15684 20 205 20
-0.927945 0.236754 4.15254 20 205 20
-0.897652 0.249089 4.14478 20 205 20
-0.884962 0.280322 4.14575 20 205 20
-0.897687 0.310927 4.14945 20 205 20
-0.928478 0.323575 4.1515 20 205 20
-0.959298 0.310857 4.15069 20 205 20
-0.972093 0.280224 4.14751 20 205 20
-0.959367 0.249619 4.14381 20 205 20
-0.928576 0.236971 4.14177 20 205 20
-0.897757 0.249688 4.14257 20 205 20
-0.883407 0.271703 4.22246 20 205 20
-0.896132 0.302308 4.22615 20 205 20
-0.926923 0.314956 4.2282 20 205 20
-0.957743 0.302239 4.22739 20 205 20
-0.970538 0.271605 4.22421 20 205 20
-0.957813 0.241 4.22052 20 205 20
-0.927022 0.228352 4.21847 20 205 20
-0.896202 0.24107 4.21927 20 205 20
-0.883943 0.271198 4.22787 20 205 20
-0.896868 0.30132 4.23261 20 205 20
-0.927428 0.314064 4.23191 20 205 20
-0.957721 0.301965 4.22619 20 205 20
-0.970002 0.27211 4.21879 20 205 20
-0.957077 0.241988 4.21406 20 205 20
-0.926517 0.229245 4.21476 20 205 20
-0.896224 0.241344 4.22048 20 205 20
-0.892867 0.254339 4.31075 20 205 20
-0.905792 0.28446 4.31549 20 205 20
-0.936352 0.297204 4.31479 20 205 20
-0.966645 0.285105 4.30907 20 205 20
-0.978926 0.25525 4.30167 20 205 20
-0.966001 0.225129 4.29694 20 205 20
-0.935441 0.212385 4.29763 20 205 20
-0.905148 0.224484 4.30336 20 205 20
-0.893051 0.254844 4.30353 20 205 20
-0.905565 0.285164 4.30544 20 205 20
-0.935847 0.297694 4.3078 20 205 20
-0.966158 0.285094 4.30923 20 205 20
-0.978742 0.254745 4.30889 20 205 20
-0.966228 0.224425 4.30698 20 205 20
-0.935946 0.211895 4.30462 20 205 20
-0.905635 0.224495 4.30319 20 205 20
-0.88921 0.252565 4.36496 20 205 20
-0.901724 0.282885 4.36686 20 205 20
-0.932006 0.295415 4.36922 20 205 20
-0.962317 0.282815 4.37065 20 205 20
-0.974901 0.252466 4.37031 20 205 20
-0.962387 0.222146 4.3684 20 205 20
-0.932105 0.209616 4.36604 20 205 20
-0.901794 0.222216 4.36462 20 205 20
-0.889395 0.252615 4.36643 20 205 20
-0.90182 0.282353 4.37174 20 205 20
-0.931956 0.294613 4.37464 20 205 20
-0.96215 0.282213 4.37344 20 205 20
-0.974715 0.252416 4.36883 20 205 20
-0.962291 0.222678 4.36353 20 205 20
-0.932155 0.210418 4.36062 20 205 20
-0.90196 0.222818 4.36183 20 205 20
-0.887236 0.240006 4.44213 20 205 20
-0.89966 0.269744 4.44744 20 205 20
-0.929796 0.282004 4.45034 20 205 20
-0.959991 0.269604 4.44913 20 205 20
-0.972556 0.239807 4.44453 20 205 20
-0.960131 0.210069 4.43922 20 205 20
-0.929995 0.197809 4.43632 20 205 20
-0.899801 0.210209 4.43752 20 205 20
-0.887952 0.239837 4.43743 20 205 20
-0.900286 0.2698 4.43846 20 205 20
-0.929965 0.282252 4.44234 20 205 20
-0.959603 0.269898 4.4468 20 205 20
-0.971839 0.239976 4.44923 20 205 20
-0.959505 0.210013 4.4482 20 205 20
-0.929826 0.197562 4.44432 20 205 20
-0.900188 0.209915 4.43986 20 205 20
-0.877332 0.241623 4.5129 20 205 20
-0.889666 0.271585 4.51393 20 205 20
-0.919345 0.284037 4.51781 20 205 20
-0.948984 0.271684 4.52227 20 205 20
-0.96122 0.241762 4.5247 20 205 20
-0.948886 0.211799 4.52368 20 205 20
-0.919207 0.199347 4.5198 20 205 20
-0.889568 0.2117 4.51533 20 205 20
-0.877248 0.241729 4.5183 20 205 20
-0.889531 0.271126 4.52275 20 205 20
-0.919239 0.283281 4.52489 20 205 20
-0.948969 0.271074 4.52346 20 205 20
-0.961304 0.241655 4.51931 20 205 20
-0.949021 0.212258 4.51486 20 205 20
-0.919313 0.200103 4.51272 20 205 20
-0.889583 0.21231 4.51414 20 205 20
-0.876325 0.230676 4.59387 20 205 20
-0.888609 0.260074 4.59832 20 205 20
-0.918317 0.272229 4.60046 20 205 20
-0.948046 0.260021 4.59904 20 205 20
-0.960382 0.230603 4.59489 20 205 20
-0.948099 0.201205 4.59044 20 205 20
-0.918391 0.18905 4.5883 20 205 20
-0.888661 0.201258 4.58972 20 205 20
-0.877042 0.230615 4.58871 20 205 20
-0.889159 0.260106 4.59012 20 205 20
-0.918378 0.272336 4.59402 20 205 20
-0.947583 0.260141 4.59813 20 205 20
-0.959666 0.230664 4.60004 20 205 20
-0.947548 0.201173 4.59864 20 205 20
-0.918329 0.188943 4.59474 20 205 20
-0.889125 0.201138 4.59063 20 205 20
-0.866303 0.231297 4.66702 20 205 20
-0.878421 0.260788 4.66843 20 205 20
-0.90764 0.273018 4.67233 20 205 20
-0.936844 0.260823 4.67644 20 205 20
-0.948927 0.231346 4.67835 20 205 20
-0.93681 0.201854 4.67695 20 205 20
-0.907591 0.189624 4.67305 20 205 20
-0.878386 0.20182 4.66893 20 205 20
-0.866384 0.231439 4.66962 20 205 20
-0.878377 0.260554 4.67276 20 205 20
-0.907497 0.272544 4.67586 20 205 20
-0.936687 0.260387 4.6771 20 205 20
-0.948847 0.231203 4.67575 20 205 20
-0.936854 0.202088 4.67261 20 205 20
-0.907734 0.190098 4.66951 20 205 20
-0.878544 0.202256 4.66827 20 205 20
-0.860786 0.225641 4.74463 20 205 20
-0.872778 0.254756 4.74778 20 205 20
-0.901899 0.266746 4.75087 20 205 20
-0.931089 0.254589 4.75211 20 205 20
-0.943249 0.225405 4.75077 20 205 20
-0.931256 0.19629 4.74762 20 205 20
-0.902135 0.1843 4.74452 20 205 20
-0.872946 0.196458 4.74328 20 205 20
-0.861147 0.225556 4.74443 20 205 20
-0.873094 0.254533 4.74597 20 205 20
-0.901984 0.266516 4.74852 20 205 20
-0.930894 0.254486 4.75059 20 205 20
-0.942888 0.22549 4.75096 20 205 20
-0.93094 0.196514 4.74942 20 205 20
-0.90205 0.184531 4.74687 20 205 20
-0.873141 0.196561 4.7448 20 205 20
-0.854664 0.223913 4.82558 20 205 20
-0.866612 0.252889 4.82712 20 205 20
-0.895502 0.264872 4.82967 20 205 20
-0.924412 0.252843 4.83174 20 205 20
-0.936406 0.223847 4.83211 20 205 20
-0.924458 0.194871 4.83057 20 205 20
-0.895568 0.182888 4.82802 20 205 20
-0.866658 0.194917 4.82595 20 205 20
-0.855176 0.223879 4.82426 20 205 20
-0.866998 0.252601 4.82559 20 205 20
-0.895536 0.264499 4.82883 20 205 20
-0.924074 0.252603 4.83208 20 205 20
-0.935894 0.223881 4.83344 20 205 20
-0.924072 0.195159 4.83211 20 205 20
-0.895534 0.183261 4.82887 20 205 20
-0.866996 0.195157 4.82562 20 205 20
-0.848449 0.22391 4.88343 20 205 20
-0.860271 0.252632 4.88476 20 205 20
-0.88881 0.26453 4.888 20 205 20
-0.917347 0.252634 4.89125 20 205 20
-0.929168 0.223912 4.89261 20 205 20
-0.917346 0.19519 4.89128 20 205 20
-0.888807 0.183292 4.88804 20 205 20
-0.860269 0.195188 4.88479 20 205 20
-0.848475 0.223913 4.8879 20 205 20
-0.860287 0.252408 4.88912 20 205 20
-0.888806 0.26421 4.88969 20 205 20
-0.917326 0.252405 4.88929 20 205 20
-0.929141 0.223909 4.88814 20 205 20
-0.91733 0.195414 4.88692 20 205 20
-0.888811 0.183612 4.88635 20 205 20
-0.86029 0.195417 4.88675 20 205 20
-0.848207 0.220086 4.98008 20 205 20
-0.860019 0.248581 4.98129 20 205 20
-0.888538 0.260383 4.98187 20 205 20
-0.917058 0.248578 4.98146 20 205 20
-0.928873 0.220082 4.98031 20 205 20
-0.917062 0.191587 4.97909 20 205 20
-0.888543 0.179785 4.97852 20 205 20
-0.860022 0.19159 4.97893 20 205 20
-0.849462 0.220014 4.97225 20 205 20
-0.860958 0.248228 4.97408 20 205 20
-0.888611 0.259957 4.9795 20 205 20
-0.916223 0.248328 4.98532 20 205 20
-0.927619 0.220154 4.98814 20 205 20
-0.916123 0.19194 4.98631 20 205 20
-0.88847 0.180211 4.98089 20 205 20
-0.860858 0.19184 4.97507 20 205 20
-0.835941 0.221203 5.0387 20 205 20
-0.847437 0.249418 5.04053 20 205 20
-0.87509 0.261146 5.04595 20 205 20
-0.902702 0.249518 5.05177 20 205 20
-0.914098 0.221344 5.0546 20 205 20
-0.902603 0.193129 5.05276 20 205 20
-0.87495 0.181401 5.04735 20 205 20
-0.847337 0.193029 5.04152 20 205 20
-0.83553 0.221178 5.04854 20 205 20
-0.847164 0.249019 5.05081 20 205 20
-0.875116 0.260607 5.05064 20 205 20
-0.903011 0.249154 5.04813 20 205 20
-0.91451 0.221369 5.04476 20 205 20
-0.902876 0.193528 5.04249 20 205 20
-0.874924 0.18194 5.04266 20 205 20
-0.847029 0.193393 5.04517 20 205 20
-0.838788 0.214308 5.11622 20 205 20
-0.850422 0.242149 5.11849 20 205 20
-0.878373 0.253737 5.11832 20 205 20
-0.906269 0.242284 5.11581 20 205 20
-0.917767 0.214499 5.11244 20 205 20
-0.906134 0.186658 5.11017 20 205 20
-0.878182 0.17507 5.11034 20 205 20
-0.850286 0.186523 5.11285 20 205 20
-0.839217 0.214153 5.11126 20 205 20
-0.850835 0.241563 5.10766 20 205 20
-0.878529 0.253064 5.10796 20 205 20
-0.906075 0.241918 5.112 20 205 20
-0.917338 0.214655 5.11739 20 205 20
-0.90572 0.187244 5.121 20 205 20
-0.878027 0.175744 5.12069 20 205 20
-0.85048 0.186889 5.11666 20 205 20
-0.834673 0.223589 5.16839 20 205 20
-0.846291 0.250999 5.16479 20 205 20
-0.873984 0.2625 5.16509 20 205 20
-0.901531 0.251354 5.16913 20 205 20
-0.912794 0.224091 5.17453 20 205 20
-0.901175 0.196681 5.17813 20 205 20
-0.873482 0.18518 5.17782 20 205 20
-0.845936 0.196326 5.17379 20 205 20
-0.835107 0.224521 5.16714 20 205 20
-0.845939 0.250477 5.17684 20 205 20
-0.873052 0.26083 5.18339 20 205 20
-0.900564 0.249514 5.18295 20 205 20
-0.912359 0.223159 5.17577 20 205 20
-0.901527 0.197203 5.16607 20 205 20
-0.874414 0.186851 5.15953 20 205 20
-0.846902 0.198166 5.15997 20 205 20
-0.826055 0.199491 5.24423 20 205 20
-0.836887 0.225448 5.25393 20 205 20
-0.864 0.2358 5.26047 20 205 20
-0.891512 0.224485 5.26003 20 205 20
-0.903307 0.19813 5.25286 20 205 20
-0.892475 0.172173 5.24316 20 205 20
-0.865362 0.161821 5.23661 20 205 20
-0.83785 0.173136 5.23705 20 205 20
-0.8345 0.197465 5.27229 20 205 20
-0.844291 0.224875 5.26807 20 205 20
-0.866027 0.237017 5.25242 20 205 20
-0.886974 0.226778 5.23449 20 205 20
-0.894862 0.200156 5.2248 20 205 20
-0.885071 0.172746 5.22901 20 205 20
-0.863335 0.160604 5.24467 20 205 20
-0.842388 0.170843 5.26259 20 205 20
-0.855839 0.193981 5.29921 20 205 20
-0.865631 0.221392 5.295 20 205 20
-0.887366 0.233534 5.27934 20 205 20
-0.908314 0.223295 5.26142 20 205 20
-0.916202 0.196673 5.25172 20 205 20
-0.90641 0.169263 5.25594 20 205 20
-0.884675 0.157121 5.27159 20 205 20
-0.863727 0.167359 5.28952 20 205 20
-0.848127 0.195413 5.27039 20 205 20
-0.859164 0.222407 5.27279 20 205 20
-0.885934 0.233538 5.27676 20 205 20
-0.912755 0.222285 5.27997 20 205 20
-0.923914 0.195241 5.28054 20 205 20
-0.912877 0.168247 5.27814 20 205 20
-0.886107 0.157116 5.27417 20 205 20
-0.859286 0.168369 5.27096 20 205 20
-0.833827 0.191775 5.37704 20 205 20
-0.844865 0.218768 5.37944 20 205 20
-0.871634 0.229899 5.38341 20 205 20
-0.898455 0.218647 5.38663 20 205 20
-0.909615 0.191602 5.3872 20 205 20
-0.898577 0.164608 5.3848 20 205 20
-0.871807 0.153478 5.38083 20 205 20
-0.844987 0.16473 5.37762 20 205 20
-0.834241 0.192015 5.379 20 205 20
-0.844988 0.21794 5.38541 20 205 20
-0.871394 0.228487 5.38989 20 205 20
-0.897992 0.217478 5.38982 20 205 20
-0.909201 0.191362 5.38524 20 205 20
-0.898454 0.165437 5.37884 20 205 20
-0.872047 0.15489 5.37435 20 205 20
-0.845449 0.165899 5.37442 20 205 20
-0.827911 0.176267 5.45334 20 205 20
-0.838657 0.202193 5.45974 20 205 20
-0.865064 0.21274 5.46423 20 205 20
-0.891662 0.201731 5.46416 20 205 20
-0.902871 0.175614 5.45958 20 205 20
-0.892124 0.149689 5.45317 20 205 20
-0.865717 0.139142 5.44869 20 205 20
-0.839119 0.150151 5.44876 20 205 20
-0.831113 0.179997 5.4702 20 205 20
-0.838285 0.201034 5.45247 20 205 20
-0.861334 0.207371 5.43707 20 205 20
-0.88676 0.195297 5.43303 20 205 20
-0.899668 0.171884 5.44271 20 205 20
-0.892497 0.150848 5.46045 20 205 20
-0.869447 0.144511 5.47585 20 205 20
-0.844021 0.156585 5.47989 20 205 20
-0.840647 0.193447 5.49001 20 205 20
-0.847818 0.214483 5.47227 20 205 20
-0.870868 0.22082 5.45687 20 205 20
-0.896293 0.208746 5.45283 20 205 20
-0.909201 0.185334 5.46252 20 205 20
-0.90203 0.164298 5.48026 20 205 20
-0.878981 0.15796 5.49565 20 205 20
-0.853555 0.170034 5.49969 20 205 20
-0.838134 0.1889 5.48011 20 205 20
-0.849256 0.214372 5.48552 20 205 20
-0.875414 0.225209 5.4855 20 205 20
-0.901285 0.215065 5.48007 20 205 20
-0.911714 0.18988 5.47241 20 205 20
-0.900592 0.164409 5.46701 20 205 20
-0.874434 0.153572 5.46703 20 205 20
-0.848563 0.163716 5.47245 20 205 20
-0.848228 0.16469 5.57346 20 205 20
-0.85935 0.190162 5.57886 20 205 20
-0.885508 0.200999 5.57884 20 205 20
-0.911379 0.190855 5.57341 20 205 20
-0.921808 0.16567 5.56575 20 205 20
-0.910686 0.140199 5.56035 20 205 20
-0.884528 0.129362 5.56037 20 205 20
-0.858657 0.139506 5.5658 20 205 20
-0.849284 0.16512 5.56279 20 205 20
-0.859793 0.190858 5.56433 20 205 20
-0.885078 0.201554 5.56897 20 205 20
-0.910328 0.190943 5.57398 20 205 20
-0.920752 0.165241 5.57643 20 205 20
-0.910243 0.139503 5.57488 20 205 20
-0.884958 0.128807 5.57024 20 205 20
-0.859708 0.139418 5.56523 20 205 20
-0.838514 0.166125 5.61921 20 205 20
-0.849023 0.191863 5.62076 20 205 20
-0.874308 0.202559 5.6254 20 205 20
-0.899558 0.191948 5.6304 20 205 20
-0.909982 0.166245 5.63285 20 205 20
-0.899473 0.140508 5.6313 20 205 20
-0.874188 0.129812 5.62667 20 205 20
-0.848938 0.140423 5.62166 20 205 20
-0.839138 0.16625 5.61808 20 205 20
-0.849375 0.191684 5.62082 20 205 20
-0.874183 0.202181 5.62661 20 205 20
-0.899029 0.191592 5.63207 20 205 20
-0.909358 0.16612 5.63399 20 205 20
-0.899121 0.140687 5.63125 20 205 20
-0.874313 0.13019 5.62545 20 205 20
-0.849467 0.140778 5.62 20 205 20
-0.817842 0.164697 5.71206 20 205 20
-0.82808 0.190131 5.7148 20 205 20
-0.852887 0.200628 5.72059 20 205 20
-0.877733 0.190039 5.72605 20 205 20
-0.888063 0.164567 5.72797 20 205 20
-0.877825 0.139133 5.72523 20 205 20
-0.853017 0.128636 5.71943 20 205 20
-0.828171 0.139225 5.71398 20 205 20
-0.818096 0.164712 5.7142 20 205 20
-0.828248 0.189667 5.71659 20 205 20
-0.852872 0.199957 5.72098 20 205 20
-0.877543 0.189554 5.72481 20 205 20
-0.887809 0.164552 5.72583 20 205 20
-0.877656 0.139597 5.72344 20 205 20
-0.853033 0.129307 5.71905 20 205 20
-0.828362 0.13971 5.71522 20 205 20
-0.805805 0.162665 5.78783 20 205 20
-0.815957 0.18762 5.79022 20 205 20
-0.840581 0.19791 5.79461 20 205 20
-0.865252 0.187507 5.79844 20 205 20
-0.875518 0.162505 5.79946 20 205 20
-0.865365 0.13755 5.79707 20 205 20
-0.840742 0.12726 5.79268 20 205 20
-0.816071 0.137663 5.78885 20 205 20
-0.805989 0.162349 5.79662 20 205 20
-0.816311 0.186719 5.79962 20 205 20
-0.840897 0.196952 5.79912 20 205 20
-0.865345 0.187053 5.79541 20 205 20
-0.875333 0.162821 5.79067 20 205 20
-0.865011 0.138451 5.78767 20 205 20
-0.840425 0.128219 5.78817 20 205 20
-0.815978 0.138118 5.79188 20 205 20
-0.812305 0.15073 5.86932 20 205 20
-0.822627 0.1751 5.87232 20 205 20
-0.847213 0.185332 5.87182 20 205 20
-0.871661 0.175433 5.86811 20 205 20
-0.881649 0.151201 5.86337 20 205 20
-0.871327 0.126832 5.86037 20 205 20
-0.846741 0.116599 5.86087 20 205 20
-0.822294 0.126498 5.86458 20 205 20
-0.812789 0.150929 5.86828 20 205 20
-0.822828 0.175136 5.86863 20 205 20
-0.847014 0.185185 5.86763 20 205 20
-0.871178 0.175188 5.86588 20 205 20
-0.881165 0.151002 5.86441 20 205 20
-0.871126 0.126795 5.86406 20 205 20
-0.846941 0.116746 5.86506 20 205 20
-0.822777 0.126743 5.86681 20 205 20
-0.815434 0.149176 5.91488 20 205 20
-0.825474 0.173383 5.91522 20 205 20
-0.849659 0.183432 5.91423 20 205 20
-0.873823 0.173435 5.91248 20 205 20
-0.883811 0.149249 5.911 20 205 20
-0.873772 0.125042 5.91066 20 205 20
-0.849586 0.114993 5.91166 20 205 20
-0.825422 0.12499 5.9134 20 205 20
-0.816257 0.149989 5.90713 20 205 20
-0.825481 0.172884 5.91507 20 205 20
-0.848846 0.181913 5.92176 20 205 20
-0.872667 0.171786 5.92329 20 205 20
-0.882988 0.148436 5.91876 20 205 20
-0.873765 0.125541 5.91082 20 205 20
-0.850399 0.116512 5.90412 20 205 20
-0.826578 0.126639 5.90259 20 205 20
-0.809598 0.13989 5.94398 20 205 20
-0.818821 0.162785 5.95192 20 205 20
-0.842187 0.171813 5.95862 20 205 20
-0.866008 0.161687 5.96015 20 205 20
-0.876329 0.138337 5.95561 20 205 20
-0.867106 0.115442 5.94767 20 205 20
-0.84374 0.106413 5.94098 20 205 20
-0.819919 0.11654 5.93945 20 205 20
-0.809572 0.138866 5.9464 20 205 20
-0.819527 0.162423 5.94397 20 205 20
-0.843211 0.172326 5.94495 20 205 20
-0.86675 0.162773 5.94877 20 205 20
-0.876355 0.13936 5.9532 20 205 20
-0.8664 0.115803 5.95563 20 205 20
-0.842716 0.105901 5.95465 20 205 20
-0.819177 0.115454 5.95082 20 205 20
-0.79778 0.155688 6.0611 20 205 20
-0.807735 0.179245 6.05867 20 205 20
-0.831419 0.189148 6.05965 20 205 20
-0.854959 0.179595 6.06347 20 205 20
-0.864564 0.156182 6.06789 20 205 20
-0.854609 0.132625 6.07032 20 205 20
-0.830925 0.122723 6.06934 20 205 20
-0.807386 0.132276 6.06552 20 205 20
-0.798938 0.15586 6.05981 20 205 20
-0.808433 0.178903 6.06045 20 205 20
-0.831248 0.188492 6.06346 20 205 20
-0.854018 0.179009 6.06708 20 205 20
-0.863406 0.156011 6.06918 20 205 20
-0.853912 0.132968 6.06855 20 205 20
-0.831097 0.123379 6.06554 20 205 20
-0.808326 0.132861 6.06192 20 205 20
-0.788417 0.158195 6.13212 20 205 20
-0.797911 0.181238 6.13275 20 205 20
-0.820726 0.190827 6.13576 20 205 20
-0.843497 0.181345 6.13938 20 205 20
-0.852884 0.158346 6.14149 20 205 20
-0.84339 0.135303 6.14085 20 205 20
-0.820575 0.125714 6.13784 20 205 20
-0.797804 0.135197 6.13422 20 205 20
-0.789225 0.158396 6.1313 20 205 20
-0.798341 0.180896 6.13393 20 205 20
-0.820525 0.190142 6.13824 20 205 20
-0.842783 0.180719 6.14171 20 205 20
-0.852076 0.158146 6.14231 20 205 20
-0.84296 0.135646 6.13968 20 205 20
-0.820776 0.126399 6.13536 20 205 20
-0.798518 0.135823 6.13189 20 205 20
-0.777536 0.155339 6.19797 20 205 20
-0.786651 0.177839 6.2006 20 205 20
-0.808836 0.187085 6.20492 20 205 20
-0.831094 0.177662 6.20839 20 205 20
-0.840387 0.155089 6.20898 20 205 20
-0.831271 0.132589 6.20635 20 205 20
-0.809086 0.123342 6.20204 20 205 20
-0.786828 0.132766 6.19857 20 205 20
-0.777764 0.155355 6.20173 20 205 20
-0.786802 0.177125 6.20576 20 205 20
-0.80882 0.18606 6.20846 20 205 20
-0.830921 0.176926 6.20824 20 205 20
-0.840158 0.155073 6.20523 20 205 20
-0.83112 0.133303 6.20119 20 205 20
-0.809102 0.124368 6.1985 20 205 20
-0.787001 0.133502 6.19872 20 205 20
-0.772948 0.141662 6.28636 20 205 20
-0.781986 0.163432 6.2904 20 205 20
-0.804004 0.172368 6.2931 20 205 20
-0.826105 0.163233 6.29287 20 205 20
-0.835342 0.14138 6.28987 20 205 20
-0.826304 0.11961 6.28583 20 205 20
-0.804286 0.110675 6.28313 20 205 20
-0.782185 0.119809 6.28335 20 205 20
-0.773801 0.14155 6.28743 20 205 20
-0.782668 0.162928 6.28943 20 205 20
-0.804116 0.171767 6.29065 20 205 20
-0.825582 0.162888 6.29039 20 205 20
-0.834489 0.141493 6.2888 20 205 20
-0.825622 0.120114 6.2868 20 205 20
-0.804174 0.111276 6.28557 20 205 20
-0.782709 0.120155 6.28583 20 205 20
-0.772205 0.135614 6.35809 20 205 20
-0.781073 0.156993 6.36008 20 205 20
-0.802521 0.165831 6.36131 20 205 20
-0.823986 0.156952 6.36105 20 205 20
-0.832894 0.135557 6.35945 20 205 20
-0.824027 0.114178 6.35745 20 205 20
-0.802578 0.10534 6.35623 20 205 20
-0.781113 0.114219 6.35649 20 205 20
-0.773048 0.135674 6.35704 20 205 20
-0.781626 0.156435 6.35968 20 205 20
-0.802461 0.164983 6.36179 20 205 20
-0.823348 0.15631 6.36213 20 205 20
-0.832051 0.135497 6.3605 20 205 20
-0.823473 0.114736 6.35785 20 205 20
-0.802638 0.106188 6.35574 20 205 20
-0.781751 0.114861 6.35541 20 205 20
-0.768922 0.128455 6.42711 20 205 20
-0.7775 0.149216 6.42976 20 205 20
-0.798335 0.157764 6.43187 20 205 20
-0.819222 0.149091 6.4322 20 205 20
-0.827926 0.128277 6.43057 20 205 20
-0.819347 0.107516 6.42793 20 205 20
-0.798512 0.0989688 6.42582 20 205 20
-0.777626 0.107642 6.42548 20 205 20
-0.769851 0.128439 6.43144 20 205 20
-0.778168 0.148674 6.42955 20 205 20
-0.798351 0.157013 6.42725 20 205 20
-0.818576 0.148571 6.42588 20 205 20
-0.826997 0.128294 6.42624 20 205 20
-0.818679 0.108059 6.42813 20 205 20
-0.798496 0.0997197 6.43044 20 205 20
-0.778271 0.108161 6.43181 20 205 20
-0.776622 0.132594 6.50572 20 205 20
-0.784939 0.152829 6.50383 20 205 20
-0.805122 0.161168 6.50153 20 205 20
-0.825347 0.152726 6.50015 20 205 20
-0.833767 0.132449 6.50052 20 205 20
-0.82545 0.112214 6.50241 20 205 20
-0.805267 0.103875 6.50472 20 205 20
-0.785042 0.112316 6.50609 20 205 20
-0.778012 0.13255 6.49784 20 205 20
-0.785953 0.152121 6.4996 20 205 20
-0.805165 0.16021 6.50343 20 205 20
-0.824395 0.15208 6.50707 20 205 20
-0.832377 0.132492 6.5084 20 205 20
-0.824436 0.112921 6.50664 20 205 20
-0.805224 0.104832 6.50282 20 205 20
-0.785995 0.112963 6.49917 20 205 20
-0.768073 0.131979 6.54898 20 205 20
-0.776014 0.15155 6.55074 20 205 20
-0.795226 0.159639 6.55456 20 205 20
-0.814456 0.151508 6.55821 20 205 20
-0.822438 0.13192 6.55954 20 205 20
-0.814497 0.11235 6.55778 20 205 20
-0.795285 0.10426 6.55396 20 205 20
-0.776056 0.112391 6.55031 20 205 20
-0.76976 0.133352 6.56281 20 205 20
-0.776236 0.151011 6.55438 20 205 20
-0.793853 0.157504 6.54589 20 205 20
-0.812292 0.149027 6.54229 20 205 20
-0.820751 0.130547 6.54571 20 205 20
-0.814276 0.112889 6.55414 20 205 20
-0.796658 0.106396 6.56263 20 205 20
-0.778219 0.114872 6.56623 20 205 20
-0.780868 0.144232 6.59415 20 205 20
-0.787344 0.161891 6.58573 20 205 20
-0.804962 0.168384 6.57723 20 205 20
-0.823401 0.159907 6.57364 20 205 20
-0.83186 0.141427 6.57705 20 205 20
-0.825384 0.123769 6.58548 20 205 20
-0.807767 0.117276 6.59398 20 205 20
-0.789328 0.125752 6.59757 20 205 20
-0.780272 0.142998 6.58173 20 205 20
-0.787795 0.161531 6.58448 20 205 20
-0.806196 0.169109 6.58788 20 205 20
-0.824695 0.161292 6.58995 20 205 20
-0.832457 0.142661 6.58947 20 205 20
-0.824934 0.124128 6.58672 20 205 20
-0.806533 0.116551 6.58332 20 205 20
-0.788033 0.124367 6.58125 20 205 20
-0.765712 0.13441 6.67952 20 205 20
-0.773235 0.152943 6.68227 20 205 20
-0.791636 0.16052 6.68567 20 205 20
-0.810136 0.152704 6.68774 20 205 20
-0.817897 0.134073 6.68726 20 205 20
-0.810374 0.11554 6.68451 20 205 20
-0.791973 0.107963 6.68111 20 205 20
-0.773474 0.115779 6.67904 20 205 20
-0.772594 0.136095 6.69867 20 205 20
-0.77691 0.152506 6.69049 20 205 20
-0.789952 0.158219 6.67815 20 205 20
-0.804079 0.149886 6.66889 20 205 20
-0.811016 0.132389 6.66812 20 205 20
-0.806699 0.115977 6.6763 20 205 20
-0.793658 0.110264 6.68863 20 205 20
-0.779531 0.118597 6.6979 20 205 20
-0.830944 0.15611 6.76963 20 205 20
-0.83526 0.172521 6.76145 20 205 20
-0.848302 0.178234 6.74911 20 205 20
-0.862429 0.169901 6.73985 20 205 20
-0.869366 0.152404 6.73908 20 205 20
-0.865049 0.135992 6.74725 20 205 20
-0.852008 0.130279 6.75959 20 205 20
-0.837881 0.138612 6.76886 20 205 20
-0.827636 0.154289 6.75481 20 205 20
-0.834208 0.170044 6.75241 20 205 20
-0.850122 0.176551 6.75115 20 205 20
-0.866055 0.169998 6.75176 20 205 20
-0.872674 0.154224 6.75389 20 205 20
-0.866101 0.138469 6.75629 20 205 20
-0.850187 0.131962 6.75755 20 205 20
-0.834254 0.138515 6.75694 20 205 20
-0.828833 0.162693 6.81328 20 205 20
-0.835405 0.178448 6.81088 20 205 20
-0.851319 0.184955 6.80962 20 205 20
-0.867252 0.178402 6.81024 20 205 20
-0.873871 0.162628 6.81237 20 205 20
-0.867298 0.146872 6.81477 20 205 20
-0.851384 0.140365 6.81603 20 205 20
-0.835451 0.146918 6.81541 20 205 20
-0.833367 0.161644 6.8023 20 205 20
-0.839353 0.17644 6.80276 20 205 20
-0.852368 0.183163 6.80911 20 205 20
-0.864787 0.177876 6.81764 20 205 20
-0.869337 0.163676 6.82335 20 205 20
-0.863351 0.14888 6.82289 20 205 20
-0.850336 0.142157 6.81654 20 205 20
-0.837916 0.147444 6.80801 20 205 20
-0.780842 0.180191 6.89029 20 205 20
-0.786828 0.194987 6.89074 20 205 20
-0.799843 0.20171 6.8971 20 205 20
-0.812263 0.196423 6.90563 20 205 20
-0.816812 0.182223 6.91133 20 205 20
-0.810826 0.167427 6.91088 20 205 20
-0.797811 0.160704 6.90453 20 205 20
-0.785391 0.165991 6.896 20 205 20
-0.782432 0.181267 6.90031 20 205 20
-0.787192 0.19252 6.9032 20 205 20
-0.798767 0.197146 6.90469 20 205 20
-0.810378 0.192435 6.90391 20 205 20
-0.815222 0.181147 6.90131 20 205 20
-0.810462 0.169894 6.89843 20 205 20
-0.798887 0.165268 6.89694 20 205 20
-0.787276 0.169979 6.89772 20 205 20
-0.780335 0.165044 6.96702 20 205 20
-0.785095 0.176297 6.96991 20 205 20
-0.79667 0.180922 6.9714 20 205 20
-0.808281 0.176212 6.97061 20 205 20
-0.813126 0.164924 6.96802 20 205 20
-0.808366 0.153671 6.96514 20 205 20
-0.79679 0.149045 6.96365 20 205 20
-0.78518 0.153756 6.96443 20 205 20
-0.0971239 0.368883 5.03343 20 205 20
-0.109599 0.397518 5.03649 20 205 20
-0.137717 0.410207 5.03072 20 205 20
-0.165007 0.399518 5.0195 20 205 20
-0.175482 0.371711 5.0094 20 205 20
-0.163007 0.343076 5.00634 20 205 20
-0.134889 0.330387 5.01211 20 205 20
-0.107599 0.341076 5.02333 20 205 20
-0.139553 0.336028 5.1679 20 205 20
-0.152028 0.364663 5.17096 20 205 20
-0.180146 0.377352 5.16519 20 205 20
-0.207436 0.366662 5.15396 20 205 20
-0.217912 0.338855 5.14386 20 205 20
-0.205436 0.31022 5.1408 20 205 20
-0.177318 0.297531 5.14657 20 205 20
-0.150029 0.308221 5.1578 20 205 20
-0.139065 0.337705 5.14866 20 205 20
-0.150497 0.366063 5.15284 20 205 20
-0.178469 0.377654 5.1588 20 205 20
-0.206595 0.36569 5.16305 20 205 20
-0.218399 0.337178 5.1631 20 205 20
-0.206968 0.30882 5.15892 20 205 20
-0.178996 0.297229 5.15296 20 205 20
-0.15087 0.309193 5.14871 20 205 20
-0.130139 0.334098 5.19758 20 205 20
-0.141571 0.362456 5.20175 20 205 20
-0.169543 0.374048 5.20771 20 205 20
-0.197669 0.362083 5.21196 20 205 20
-0.209474 0.333571 5.21201 20 205 20
-0.198042 0.305214 5.20784 20 205 20
-0.17007 0.293622 5.20188 20 205 20
-0.141944 0.305586 5.19763 20 205 20
-0.131152 0.33244 5.19431 20 205 20
-0.14346 0.360218 5.19011 20 205 20
-0.171201 0.372542 5.19451 20 205 20
-0.198125 0.362191 5.20493 20 205 20
-0.208461 0.335229 5.21528 20 205 20
-0.196153 0.307451 5.21949 20 205 20
-0.168412 0.295128 5.21509 20 205 20
-0.141488 0.305479 5.20466 20 205 20
-0.113961 0.349311 5.25544 20 205 20
-0.126269 0.377089 5.25124 20 205 20
-0.15401 0.389412 5.25564 20 205 20
-0.180934 0.379061 5.26607 20 205 20
-0.19127 0.3521 5.27641 20 205 20
-0.178962 0.324322 5.28062 20 205 20
-0.151221 0.311999 5.27622 20 205 20
-0.124297 0.322349 5.26579 20 205 20
-0.114456 0.349058 5.25493 20 205 20
-0.126797 0.376437 5.25008 20 205 20
-0.154263 0.388743 5.25451 20 205 20
-0.180764 0.378767 5.26563 20 205 20
-0.190775 0.352353 5.27693 20 205 20
-0.178434 0.324974 5.28178 20 205 20
-0.150968 0.312668 5.27734 20 205 20
-0.124467 0.322644 5.26622 20 205 20
-0.0971142 0.367056 5.31241 20 205 20
-0.109456 0.394435 5.30756 20 205 20
-0.136922 0.406741 5.31199 20 205 20
-0.163422 0.396765 5.32311 20 205 20
-0.173434 0.370351 5.3344 20 205 20
-0.161092 0.342972 5.33925 20 205 20
-0.133627 0.330666 5.33482 20 205 20
-0.107126 0.340642 5.3237 20 205 20
-0.0973075 0.36865 5.31277 20 205 20
-0.108466 0.396543 5.31561 20 205 20
-0.135328 0.408128 5.32301 20 205 20
-0.162159 0.396619 5.33065 20 205 20
-0.173241 0.368757 5.33403 20 205 20
-0.162083 0.340863 5.3312 20 205 20
-0.135221 0.329278 5.32379 20 205 20
-0.10839 0.340788 5.31616 20 205 20
-0.08156 0.369227 5.36901 20 205 20
-0.092718 0.397121 5.37185 20 205 20
-0.11958 0.408706 5.37925 20 205 20
-0.146411 0.397196 5.38688 20 205 20
-0.157493 0.369334 5.39027 20 205 20
-0.146335 0.341441 5.38743 20 205 20
-0.119473 0.329856 5.38003 20 205 20
-0.0926423 0.341365 5.3724 20 205 20
-0.0806576 0.369133 5.3752 20 205 20
-0.0921468 0.396778 5.37467 20 205 20
-0.119675 0.408316 5.37704 20 205 20
-0.147116 0.396987 5.38094 20 205 20
-0.158396 0.369429 5.38408 20 205 20
-0.146907 0.341783 5.38462 20 205 20
-0.119379 0.330246 5.38224 20 205 20
-0.0919374 0.341574 5.37834 20 205 20
-0.0711789 0.374685 5.45806 20 205 20
-0.082668 0.402331 5.45752 20 205 20
-0.110196 0.413868 5.4599 20 205 20
-0.137637 0.40254 5.4638 20 205 20
-0.148917 0.374981 5.46694 20 205 20
-0.137428 0.347336 5.46747 20 205 20
-0.1099 0.335798 5.4651 20 205 20
-0.0824587 0.347127 5.4612 20 205 20
-0.0725231 0.372622 5.45341 20 205 20
-0.0850773 0.397604 5.4437 20 205 20
-0.112259 0.409247 5.445 20 205 20
-0.138145 0.400731 5.45655 20 205 20
-0.147573 0.377044 5.47159 20 205 20
-0.135019 0.352062 5.4813 20 205 20
-0.107837 0.340419 5.48 20 205 20
-0.0819505 0.348935 5.46845 20 205 20
-0.0540024 0.408296 5.52121 20 205 20
-0.0665566 0.433278 5.5115 20 205 20
-0.0937383 0.444921 5.5128 20 205 20
-0.119625 0.436405 5.52435 20 205 20
-0.129052 0.412718 5.53939 20 205 20
-0.116498 0.387736 5.5491 20 205 20
-0.0893163 0.376093 5.5478 20 205 20
-0.0634298 0.38461 5.53625 20 205 20
-0.0541964 0.410447 5.52203 20 205 20
-0.065173 0.437498 5.52407 20 205 20
-0.0915876 0.448739 5.52975 20 205 20
-0.117967 0.437584 5.53576 20 205 20
-0.128858 0.410568 5.53857 20 205 20
-0.117882 0.383516 5.53654 20 205 20
-0.0914671 0.372276 5.53085 20 205 20
-0.0650878 0.383431 5.52484 20 205 20
-0.0394988 0.411427 5.5884 20 205 20
-0.0504754 0.438478 5.59043 20 205 20
-0.07689 0.449718 5.59612 20 205 20
-0.103269 0.438563 5.60212 20 205 20
-0.114161 0.411547 5.60493 20 205 20
-0.103184 0.384496 5.6029 20 205 20
-0.0767694 0.373256 5.59722 20 205 20
-0.0503901 0.384411 5.59121 20 205 20
-0.0404934 0.41071 5.58611 20 205 20
-0.0516855 0.437416 5.58536 20 205 20
-0.0776068 0.448933 5.59123 20 205 20
-0.103073 0.438515 5.60029 20 205 20
-0.113166 0.412264 5.60722 20 205 20
-0.101974 0.385558 5.60797 20 205 20
-0.0760527 0.37404 5.6021 20 205 20
-0.0505866 0.384459 5.59304 20 205 20
-0.0221952 0.420126 5.64841 20 205 20
-0.0333874 0.446833 5.64766 20 205 20
-0.0593086 0.45835 5.65353 20 205 20
-0.0847747 0.447931 5.66259 20 205 20
-0.0948679 0.42168 5.66952 20 205 20
-0.0836758 0.394974 5.67027 20 205 20
-0.0577545 0.383457 5.6644 20 205 20
-0.0322884 0.393875 5.65534 20 205 20
-0.021571 0.420682 5.65287 20 205 20
-0.0325533 0.447165 5.65274 20 205 20
-0.0587533 0.458265 5.65626 20 205 20
-0.0848234 0.447479 5.66136 20 205 20
-0.0954922 0.421125 5.66506 20 205 20
-0.0845099 0.394642 5.66519 20 205 20
-0.0583099 0.383542 5.66167 20 205 20
-0.0322397 0.394328 5.65657 20 205 20
-0.0111207 0.425323 5.71612 20 205 20
-0.0221029 0.451807 5.71599 20 205 20
-0.048303 0.462906 5.7195 20 205 20
-0.0743731 0.45212 5.7246 20 205 20
-0.0850418 0.425767 5.7283 20 205 20
-0.0740595 0.399283 5.72843 20 205 20
-0.0478595 0.388184 5.72491 20 205 20
-0.0217894 0.39897 5.71981 20 205 20
-0.0118714 0.425128 5.71428 20 205 20
-0.0227716 0.45132 5.71389 20 205 20
-0.0484978 0.462413 5.71837 20 205 20
-0.07398 0.451909 5.7251 20 205 20
-0.084291 0.425962 5.73014 20 205 20
-0.0733909 0.39977 5.73053 20 205 20
-0.0476647 0.388677 5.72605 20 205 20
-0.0221825 0.399181 5.71932 20 205 20
0.00246601 0.432072 5.7794 20 205 20
-0.00843413 0.458264 5.77901 20 205 20
-0.0341603 0.469357 5.78349 20 205 20
-0.0596425 0.458853 5.79022 20 205 20
-0.0699536 0.432905 5.79526 20 205 20
-0.0590535 0.406713 5.79565 20 205 20
-0.0333273 0.39562 5.79117 20 205 20
-0.00784506 0.406124 5.78444 20 205 20
0.00156338 0.432266 5.7775 20 205 20
-0.00893554 0.45822 5.77922 20 205 20
-0.0339668 0.469102 5.7857 20 205 20
-0.0588674 0.458536 5.79312 20 205 20
-0.069051 0.432712 5.79716 20 205 20
-0.058552 0.406757 5.79543 20 205 20
-0.0335208 0.395875 5.78896 20 205 20
-0.00862015 0.406441 5.78153 20 205 20
0.0209674 0.435487 5.84713 20 205 20
0.0104685 0.461442 5.84885 20 205 20
-0.0145628 0.472324 5.85533 20 205 20
-0.0394634 0.461758 5.86275 20 205 20
-0.0496469 0.435933 5.86679 20 205 20
-0.039148 0.409979 5.86506 20 205 20
-0.0141167 0.399097 5.85859 20 205 20
0.0107839 0.409663 5.85116 20 205 20
0.0212 0.435213 5.85019 20 205 20
0.0104387 0.46067 5.84846 20 205 20
-0.0148375 0.471506 5.85171 20 205 20
-0.0398221 0.461374 5.85803 20 205 20
-0.0498795 0.436208 5.86373 20 205 20
-0.0391182 0.410751 5.86545 20 205 20
-0.0138419 0.399915 5.86221 20 205 20
0.0111427 0.410047 5.85588 20 205 20
0.0338681 0.445036 5.916 20 205 20
0.0231068 0.470493 5.91427 20 205 20
-0.00216945 0.481329 5.91752 20 205 20
-0.0271541 0.471197 5.92384 20 205 20
-0.0372114 0.446031 5.92953 20 205 20
-0.0264501 0.420574 5.93126 20 205 20
-0.00117386 0.409738 5.92801 20 205 20
0.0238108 0.41987 5.92169 20 205 20
0.0314833 0.446674 5.9095 20 205 20
0.0225793 0.471245 5.91755 20 205 20
-0.000530649 0.480754 5.92865 20 205 20
-0.024309 0.469631 5.9363 20 205 20
-0.0348266 0.444392 5.93603 20 205 20
-0.0259226 0.419822 5.92798 20 205 20
-0.00281265 0.410313 5.91688 20 205 20
0.0209657 0.421435 5.90923 20 205 20
0.0572687 0.435235 5.97299 20 205 20
0.0483646 0.459806 5.98103 20 205 20
0.0252547 0.469315 5.99213 20 205 20
0.00147638 0.458192 5.99979 20 205 20
-0.0090413 0.432953 5.99951 20 205 20
-0.000137238 0.408382 5.99147 20 205 20
0.0229727 0.398873 5.98037 20 205 20
0.046751 0.409996 5.97271 20 205 20
0.0591457 0.434121 5.9824 20 205 20
0.0489038 0.459031 5.98387 20 205 20
0.0241402 0.469333 5.98673 20 205 20
-0.000638951 0.458993 5.98931 20 205 20
-0.0109183 0.434068 5.9901 20 205 20
-0.000676345 0.409157 5.98863 20 205 20
0.0240873 0.398855 5.98577 20 205 20
0.0488664 0.409195 5.98319 20 205 20
0.0663681 0.433214 6.04816 20 205 20
0.0561262 0.458124 6.04962 20 205 20
0.0313626 0.468427 6.05249 20 205 20
0.00658348 0.458087 6.05507 20 205 20
-0.00369585 0.433161 6.05585 20 205 20
0.00654609 0.408251 6.05438 20 205 20
0.0313097 0.397948 6.05152 20 205 20
0.0560888 0.408288 6.04894 20 205 20
0.0660993 0.433209 6.05209 20 205 20
0.0559326 0.454659 6.04007 20 205 20
0.0313577 0.463531 6.03504 20 205 20
0.00677009 0.454628 6.03995 20 205 20
-0.003427 0.433166 6.05192 20 205 20
0.00673969 0.411717 6.06394 20 205 20
0.0313147 0.402845 6.06897 20 205 20
0.0559022 0.411747 6.06406 20 205 20
0.0659399 0.465993 6.11073 20 205 20
0.0557732 0.487443 6.09871 20 205 20
0.0311983 0.496315 6.09368 20 205 20
0.00661069 0.487412 6.09859 20 205 20
-0.00358641 0.46595 6.11056 20 205 20
0.00658029 0.444501 6.12258 20 205 20
0.0311553 0.435629 6.12761 20 205 20
0.0557428 0.444531 6.1227 20 205 20
0.065272 0.466024 6.10732 20 205 20
0.0553225 0.49022 6.10905 20 205 20
0.0312287 0.500211 6.11171 20 205 20
0.00710452 0.490146 6.11375 20 205 20
-0.00291849 0.46592 6.11396 20 205 20
0.00703103 0.441724 6.11223 20 205 20
0.0311248 0.431732 6.10957 20 205 20
0.055249 0.441797 6.10754 20 205 20
0.0717823 0.463925 6.17417 20 205 20
0.0618328 0.488121 6.1759 20 205 20
0.037739 0.498113 6.17856 20 205 20
0.0136148 0.488047 6.18059 20 205 20
0.00359179 0.463821 6.18081 20 205 20
0.0135413 0.439625 6.17908 20 205 20
0.0376351 0.429633 6.17642 20 205 20
0.0617593 0.439699 6.17439 20 205 20
0.0703898 0.463068 6.16928 20 205 20
0.0602418 0.486705 6.16712 20 205 20
0.0368816 0.496967 6.17103 20 205 20
0.0139932 0.487844 6.17873 20 205 20
0.00498436 0.464679 6.1857 20 205 20
0.0151323 0.441042 6.18786 20 205 20
0.0384926 0.430779 6.18394 20 205 20
0.0613809 0.439902 6.17625 20 205 20
0.0882 0.477069 6.23884 20 205 20
0.078052 0.500706 6.23668 20 205 20
0.0546917 0.510968 6.2406 20 205 20
0.0318034 0.501845 6.24829 20 205 20
0.0227945 0.47868 6.25526 20 205 20
0.0329425 0.455043 6.25742 20 205 20
0.0563027 0.44478 6.25351 20 205 20
0.0791911 0.453903 6.24581 20 205 20
0.0876672 0.476829 6.25487 20 205 20
0.0775057 0.499746 6.25864 20 205 20
0.0544519 0.509851 6.25563 20 205 20
0.0320105 0.501224 6.24759 20 205 20
0.0233273 0.478919 6.23923 20 205 20
0.0334888 0.456002 6.23546 20 205 20
0.0565426 0.445897 6.23847 20 205 20
0.078984 0.454524 6.24652 20 205 20
0.0741304 0.461983 6.30858 20 205 20
0.0639688 0.4849 6.31235 20 205 20
0.040915 0.495005 6.30933 20 205 20
0.0184736 0.486378 6.30129 20 205 20
0.00979037 0.464073 6.29294 20 205 20
0.0199519 0.441156 6.28917 20 205 20
0.0430057 0.431051 6.29218 20 205 20
0.0654471 0.439678 6.30022 20 205 20
0.0745672 0.46317 6.29963 20 205 20
0.0651171 0.485484 6.30566 20 205 20
0.0421021 0.494644 6.30882 20 205 20
0.0190041 0.485284 6.30726 20 205 20
0.00935355 0.462886 6.30189 20 205 20
0.0188036 0.440572 6.29586 20 205 20
0.0418186 0.431412 6.2927 20 205 20
0.0649166 0.440772 6.29426 20 205 20
0.0775121 0.442171 6.38198 20 205 20
0.0680621 0.464485 6.38801 20 205 20
0.0450471 0.473645 6.39117 20 205 20
0.021949 0.464284 6.38961 20 205 20
0.0122985 0.441887 6.38424 20 205 20
0.0217486 0.419573 6.37821 20 205 20
0.0447636 0.410413 6.37505 20 205 20
0.0678616 0.419773 6.37661 20 205 20
0.0720296 0.440438 6.36649 20 205 20
0.0629605 0.463046 6.36741 20 205 20
0.0433149 0.473342 6.37752 20 205 20
0.024601 0.465295 6.3909 20 205 20
0.017781 0.443619 6.39973 20 205 20
0.0268501 0.421012 6.39881 20 205 20
0.0464957 0.410716 6.3887 20 205 20
0.0652097 0.418763 6.37532 20 205 20
0.101722 0.450434 6.41401 20 205 20
0.0926525 0.473042 6.41492 20 205 20
0.0730069 0.483338 6.42503 20 205 20
0.054293 0.475291 6.43842 20 205 20
0.047473 0.453615 6.44724 20 205 20
0.0565421 0.431008 6.44633 20 205 20
0.0761877 0.420712 6.43622 20 205 20
0.0949017 0.428758 6.42283 20 205 20
0.105536 0.45226 6.43533 20 205 20
0.0966408 0.474211 6.43176 20 205 20
0.0748325 0.483166 6.42752 20 205 20
0.0528864 0.473878 6.4251 20 205 20
0.0436583 0.45179 6.42592 20 205 20
0.0525538 0.429838 6.42949 20 205 20
0.0743622 0.420884 6.43373 20 205 20
0.0963083 0.430171 6.43615 20 205 20
0.0966877 0.458091 6.49321 20 205 20
0.0877922 0.480042 6.48964 20 205 20
0.0659838 0.488997 6.4854 20 205 20
0.0440377 0.47971 6.48298 20 205 20
0.0348096 0.457621 6.48379 20 205 20
0.0437052 0.43567 6.48737 20 205 20
0.0655135 0.426715 6.4916 20 205 20
0.0874596 0.436002 6.49402 20 205 20
0.0954408 0.458029 6.49628 20 205 20
0.0868666 0.479661 6.49305 20 205 20
0.0659219 0.48852 6.48716 20 205 20
0.0448757 0.479416 6.48205 20 205 20
0.0360565 0.457683 6.48073 20 205 20
0.0446307 0.436051 6.48395 20 205 20
0.0655755 0.427192 6.48985 20 205 20
0.0866217 0.436296 6.49495 20 205 20
0.0801441 0.460674 6.55463 20 205 20
0.0715699 0.482306 6.5514 20 205 20
0.0506252 0.491165 6.54551 20 205 20
0.029579 0.482061 6.5404 20 205 20
0.0207598 0.460328 6.53908 20 205 20
0.029334 0.438696 6.54231 20 205 20
0.0502787 0.429837 6.5482 20 205 20
0.071325 0.438941 6.5533 20 205 20
0.0802201 0.459826 6.55082 20 205 20
0.0710241 0.480077 6.55665 20 205 20
0.0497772 0.48886 6.55674 20 205 20
0.0289255 0.481031 6.55103 20 205 20
0.0206838 0.461176 6.54288 20 205 20
0.0298798 0.440925 6.53706 20 205 20
0.0511267 0.432142 6.53697 20 205 20
0.0719784 0.439971 6.54267 20 205 20
0.0702461 0.43499 6.62141 20 205 20
0.0610501 0.45524 6.62724 20 205 20
0.0398032 0.464023 6.62732 20 205 20
0.0189515 0.456194 6.62162 20 205 20
0.0107098 0.436339 6.61347 20 205 20
0.0199058 0.416089 6.60765 20 205 20
0.0411527 0.407305 6.60756 20 205 20
0.0620044 0.415134 6.61326 20 205 20
0.065324 0.433884 6.60228 20 205 20
0.0567878 0.454504 6.6023 20 205 20
0.0386975 0.464088 6.61118 20 205 20
0.0216501 0.457022 6.62374 20 205 20
0.0156318 0.437445 6.6326 20 205 20
0.024168 0.416824 6.63258 20 205 20
0.0422584 0.40724 6.6237 20 205 20
0.0593057 0.414307 6.61115 20 205 20
0.114738 0.454283 6.68089 20 205 20
0.106202 0.474903 6.6809 20 205 20
0.0881115 0.484487 6.68979 20 205 20
0.0710642 0.477421 6.70234 20 205 20
0.0650459 0.457844 6.7112 20 205 20
0.0735821 0.437223 6.71119 20 205 20
0.0916724 0.427639 6.7023 20 205 20
0.10872 0.434705 6.68975 20 205 20
0.117299 0.45689 6.70137 20 205 20
0.109857 0.475474 6.69387 20 205 20
0.0907193 0.482688 6.68764 20 205 20
0.0710974 0.474304 6.68634 20 205 20
0.0624851 0.455236 6.69072 20 205 20
0.0699273 0.436652 6.69822 20 205 20
0.0890646 0.429439 6.70445 20 205 20
0.108686 0.437822 6.70575 20 205 20
0.105345 0.475764 6.76 20 205 20
0.0979032 0.494348 6.7525 20 205 20
0.0787659 0.501561 6.74628 20 205 20
0.059144 0.493178 6.74498 20 205 20
0.0505317 0.474109 6.74936 20 205 20
0.0579739 0.455525 6.75686 20 205 20
0.0771112 0.448312 6.76308 20 205 20
0.0967331 0.456695 6.76438 20 205 20
0.104946 0.474981 6.75571 20 205 20
0.0970671 0.49401 6.75379 20 205 20
0.0779826 0.501867 6.75238 20 205 20
0.0588723 0.493948 6.75232 20 205 20
0.0509307 0.474893 6.75364 20 205 20
0.05881 0.455863 6.75557 20 205 20
0.0778945 0.448007 6.75698 20 205 20
0.0970048 0.455926 6.75704 20 205 20
0.101551 0.48252 6.84402 20 205 20
0.0936722 0.501549 6.8421 20 205 20
0.0745877 0.509405 6.84069 20 205 20
0.0554774 0.501487 6.84063 20 205 20
0.0475359 0.482431 6.84196 20 205 20
0.0554151 0.463402 6.84388 20 205 20
0.0744996 0.455546 6.84529 20 205 20
0.0936099 0.463464 6.84535 20 205 20
0.0987634 0.482327 6.83475 20 205 20
0.0915643 0.500449 6.83653 20 205 20
0.0743947 0.508042 6.84209 20 205 20
0.0573124 0.500659 6.84818 20 205 20
0.0503239 0.482624 6.85123 20 205 20
0.0575231 0.464502 6.84945 20 205 20
0.0746926 0.456909 6.84389 20 205 20
0.0917749 0.464292 6.8378 20 205 20
0.122154 0.484882 6.90346 20 205 20
0.114955 0.503004 6.90524 20 205 20
0.0977851 0.510598 6.9108 20 205 20
0.0807028 0.503215 6.91689 20 205 20
0.0737144 0.48518 6.91994 20 205 20
0.0809135 0.467058 6.91817 20 205 20
0.098083 0.459464 6.9126 20 205 20
0.115165 0.466847 6.90651 20 205 20
0.122121 0.48513 6.91093 20 205 20
0.115107 0.501657 6.91548 20 205 20
0.098033 0.508445 6.91782 20 205 20
0.0809012 0.501517 6.91657 20 205 20
0.073747 0.484932 6.91247 20 205 20
0.0807612 0.468405 6.90792 20 205 20
0.0978351 0.461617 6.90559 20 205 20
0.114967 0.468545 6.90683 20 205 20
0.123673 0.472804 6.9581 20 205 20
0.116659 0.489331 6.96265 20 205 20
0.0995852 0.496119 6.96499 20 205 20
0.0824533 0.489192 6.96374 20 205 20
0.0752991 0.472606 6.95964 20 205 20
0.0823134 0.456079 6.95509 20 205 20
0.0993873 0.449291 6.95276 20 205 20
0.116519 0.456219 6.954 20 205 20
0.122148 0.472761 6.96348 20 205 20
0.11555 0.489093 6.96174 20 205 20
0.0995416 0.495825 6.95832 20 205 20
0.0835008 0.489015 6.95522 20 205 20
0.0768241 0.47265 6.95426 20 205 20
0.0834226 0.456318 6.956 20 205 20
0.0994309 0.449585 6.95942 20 205 20
0.115472 0.456396 6.96252 20 205 20
0.108264 0.474413 7.03169 20 205 20
0.101665 0.490745 7.02995 20 205 20
0.0856569 0.497478 7.02653 20 205 20
0.0696162 0.490667 7.02343 20 205 20
0.0629395 0.474303 7.02246 20 205 20
0.069538 0.45797 7.0242 20 205 20
0.0855463 0.451238 7.02763 20 205 20
0.101587 0.458049 7.03073 20 205 20
0.106815 0.474296 7.0252 20 205 20
0.100558 0.48934 7.02476 20 205 20
0.0855398 0.495608 7.02568 20 205 20
0.0705578 0.489427 7.02741 20 205 20
0.0643883 0.47442 7.02895 20 205 20
0.0706452 0.459376 7.02939 20 205 20
0.0856634 0.453108 7.02848 20 205 20
0.100645 0.459289 7.02674 20 205 20
0.115306 0.480652 7.12121 20 205 20
0.109049 0.495696 7.12077 20 205 20
0.0940305 0.501964 7.12168 20 205 20
0.0790485 0.495784 7.12341 20 205 20
0.0728789 0.480776 7.12495 20 205 20
0.0791359 0.465732 7.1254 20 205 20
0.0941541 0.459464 7.12448 20 205 20
0.109136 0.465645 7.12275 20 205 20
0.111673 0.481172 7.12419 20 205 20
0.106848 0.48989 7.1151 20 205 20
0.09455 0.493233 7.11069 20 205 20
0.0819842 0.489243 7.11353 20 205 20
0.0765112 0.480256 7.12197 20 205 20
0.081337 0.471538 7.13106 20 205 20
0.0936346 0.468195 7.13547 20 205 20
0.1062 0.472185 7.13263 20 205 20
0.105969 0.544777 7.18823 20 205 20
0.101143 0.553495 7.17914 20 205 20
0.0888457 0.556839 7.17472 20 205 20
0.0762799 0.552848 7.17757 20 205 20
0.070807 0.543862 7.18601 20 205 20
0.0756327 0.535144 7.1951 20 205 20
0.0879304 0.531801 7.19951 20 205 20
0.100496 0.535791 7.19667 20 205 20
-0.113471 0.373013 4.99083 20 205 20
-0.118238 0.398935 5.0036 20 205 20
-0.133587 0.40808 5.0268 20 205 20
-0.150527 0.395093 5.04685 20 205 20
-0.159135 0.367581 5.052 20 205 20
-0.154369 0.341659 5.03923 20 205 20
-0.13902 0.332514 5.01603 20 205 20
-0.122079 0.345501 4.99598 20 205 20
0.00395571 0.35234 5.07666 20 205 20
-0.00081078 0.378262 5.08943 20 205 20
-0.0161597 0.387407 5.11263 20 205 20
-0.0330998 0.37442 5.13268 20 205 20
-0.0417079 0.346908 5.13783 20 205 20
-0.0369414 0.320986 5.12506 20 205 20
-0.0215925 0.311841 5.10186 20 205 20
-0.00465237 0.324828 5.08181 20 205 20
0.0142868 0.347591 5.09006 20 205 20
0.00313644 0.37395 5.08927 20 205 20
-0.0209086 0.386059 5.09901 20 205 20
-0.0437631 0.376824 5.11358 20 205 20
-0.052039 0.351657 5.12443 20 205 20
-0.0408886 0.325298 5.12522 20 205 20
-0.0168436 0.313189 5.11547 20 205 20
0.00601085 0.322424 5.10091 20 205 20
0.0463013 0.36292 5.15001 20 205 20
0.0351509 0.389279 5.14923 20 205 20
0.0111059 0.401387 5.15897 20 205 20
-0.0117486 0.392153 5.17353 20 205 20
-0.0200245 0.366985 5.18439 20 205 20
-0.00887414 0.340627 5.18517 20 205 20
0.0151709 0.328518 5.17543 20 205 20
0.0380254 0.337752 5.16087 20 205 20
0.0479995 0.365435 5.15486 20 205 20
0.0381299 0.391367 5.16046 20 205 20
0.0136205 0.401826 5.17 20 205 20
-0.0111712 0.390685 5.17791 20 205 20
-0.0217227 0.364471 5.17954 20 205 20
-0.0118531 0.338538 5.17394 20 205 20
0.0126563 0.328079 5.1644 20 205 20
0.037448 0.33922 5.15649 20 205 20
0.0682351 0.360837 5.21186 20 205 20
0.0583654 0.386769 5.21746 20 205 20
0.0338561 0.397228 5.227 20 205 20
0.00906433 0.386087 5.23491 20 205 20
-0.00148718 0.359873 5.23654 20 205 20
0.00838248 0.33394 5.23094 20 205 20
0.0328918 0.323481 5.2214 20 205 20
0.0576836 0.334622 5.21349 20 205 20
0.0631925 0.36002 5.20298 20 205 20
0.0542222 0.385987 5.20845 20 205 20
0.0330393 0.39694 5.22315 20 205 20
0.0120524 0.386461 5.23847 20 205 20
0.00355538 0.360689 5.24542 20 205 20
0.0125257 0.334722 5.23995 20 205 20
0.0337086 0.32377 5.22525 20 205 20
0.0546955 0.334249 5.20993 20 205 20
0.101631 0.361917 5.25695 20 205 20
0.0926608 0.387884 5.26243 20 205 20
0.0714778 0.398836 5.27713 20 205 20
0.0504909 0.388357 5.29244 20 205 20
0.0419939 0.362586 5.2994 20 205 20
0.0509642 0.336619 5.29392 20 205 20
0.0721472 0.325666 5.27922 20 205 20
0.0931341 0.336145 5.26391 20 205 20
0.106057 0.362082 5.26653 20 205 20
0.0959075 0.387698 5.26922 20 205 20
0.0716434 0.398407 5.27715 20 205 20
0.0474783 0.387937 5.28569 20 205 20
0.0375679 0.36242 5.28982 20 205 20
0.0477175 0.336805 5.28713 20 205 20
0.0719816 0.326095 5.2792 20 205 20
0.0961467 0.336565 5.27067 20 205 20
0.127127 0.363932 5.32846 20 205 20
0.116977 0.389548 5.33115 20 205 20
0.0927133 0.400257 5.33908 20 205 20
0.0685483 0.389787 5.34762 20 205 20
0.0586379 0.36427 5.35175 20 205 20
0.0687875 0.338654 5.34906 20 205 20
0.0930516 0.327945 5.34113 20 205 20
0.117217 0.338415 5.3326 20 205 20
0.123338 0.362612 5.32148 20 205 20
0.113365 0.388016 5.32322 20 205 20
0.091393 0.399412 5.33485 20 205 20
0.0702939 0.390123 5.34956 20 205 20
0.0624268 0.365591 5.35873 20 205 20
0.0724003 0.340186 5.357 20 205 20
0.0943719 0.32879 5.34537 20 205 20
0.115471 0.338079 5.33065 20 205 20
0.160594 0.37313 5.38155 20 205 20
0.150621 0.398535 5.38329 20 205 20
0.128649 0.40993 5.39492 20 205 20
0.10755 0.400641 5.40963 20 205 20
0.0996829 0.376109 5.41881 20 205 20
0.109656 0.350704 5.41707 20 205 20
0.131628 0.339308 5.40544 20 205 20
0.152727 0.348597 5.39073 20 205 20
0.162711 0.37526 5.38676 20 205 20
0.153624 0.399877 5.39298 20 205 20
0.13078 0.409698 5.40341 20 205 20
0.10756 0.39897 5.41195 20 205 20
0.0975662 0.373978 5.4136 20 205 20
0.106653 0.349361 5.40738 20 205 20
0.129497 0.33954 5.39695 20 205 20
0.152717 0.350268 5.38841 20 205 20
0.172796 0.37283 5.41113 20 205 20
0.163709 0.397447 5.41735 20 205 20
0.140865 0.407267 5.42778 20 205 20
0.117645 0.39654 5.43632 20 205 20
0.107651 0.371548 5.43796 20 205 20
0.116738 0.346931 5.43175 20 205 20
0.139582 0.33711 5.42131 20 205 20
0.162802 0.347838 5.41277 20 205 20
0.169364 0.369438 5.40528 20 205 20
0.158883 0.394116 5.40457 20 205 20
0.137473 0.40595 5.41557 20 205 20
0.117673 0.398007 5.43182 20 205 20
0.111084 0.37494 5.44382 20 205 20
0.121564 0.350261 5.44452 20 205 20
0.142975 0.338427 5.43353 20 205 20
0.162774 0.346371 5.41727 20 205 20
0.227032 0.396311 5.48865 20 205 20
0.216552 0.42099 5.48794 20 205 20
0.195142 0.432823 5.49894 20 205 20
0.175342 0.42488 5.51519 20 205 20
0.168753 0.401813 5.52719 20 205 20
0.179233 0.377134 5.52789 20 205 20
0.200643 0.3653 5.5169 20 205 20
0.220443 0.373244 5.50064 20 205 20
0.229411 0.398973 5.49449 20 205 20
0.220117 0.423223 5.49811 20 205 20
0.197803 0.43332 5.50748 20 205 20
0.175542 0.423349 5.51711 20 205 20
0.166374 0.399151 5.52135 20 205 20
0.175668 0.374901 5.51772 20 205 20
0.197982 0.364803 5.50835 20 205 20
0.220243 0.374774 5.49873 20 205 20
0.25776 0.399895 5.56101 20 205 20
0.248466 0.424146 5.56463 20 205 20
0.226152 0.434243 5.574 20 205 20
0.203891 0.424272 5.58363 20 205 20
0.194723 0.400073 5.58787 20 205 20
0.204017 0.375823 5.58424 20 205 20
0.226331 0.365726 5.57487 20 205 20
0.248592 0.375697 5.56525 20 205 20
0.258643 0.394877 5.58213 20 205 20
0.245541 0.405899 5.60141 20 205 20
0.221134 0.413456 5.60489 20 205 20
0.199719 0.413122 5.59053 20 205 20
0.19384 0.405092 5.56674 20 205 20
0.206942 0.39407 5.54746 20 205 20
0.231349 0.386513 5.54398 20 205 20
0.252764 0.386847 5.55834 20 205 20
0.246209 0.345652 5.60182 20 205 20
0.233107 0.356674 5.6211 20 205 20
0.2087 0.364231 5.62458 20 205 20
0.187285 0.363897 5.61022 20 205 20
0.181406 0.355867 5.58643 20 205 20
0.194508 0.344845 5.56715 20 205 20
0.218915 0.337288 5.56367 20 205 20
0.24033 0.337622 5.57803 20 205 20
0.242178 0.347982 5.57702 20 205 20
0.231904 0.371183 5.57514 20 205 20
0.21103 0.38242 5.58438 20 205 20
0.191783 0.37511 5.59933 20 205 20
0.185437 0.353537 5.61123 20 205 20
0.195711 0.330336 5.61311 20 205 20
0.216585 0.319099 5.60387 20 205 20
0.235832 0.326408 5.58893 20 205 20
0.310452 0.386895 5.68395 20 205 20
0.300179 0.410095 5.68207 20 205 20
0.279305 0.421332 5.69131 20 205 20
0.260057 0.414023 5.70626 20 205 20
0.253712 0.392449 5.71816 20 205 20
0.263985 0.369249 5.72004 20 205 20
0.284859 0.358012 5.71081 20 205 20
0.304107 0.365321 5.69586 20 205 20
0.308041 0.39086 5.68226 20 205 20
0.301278 0.413028 5.69035 20 205 20
0.28327 0.421514 5.70471 20 205 20
0.264566 0.411348 5.71693 20 205 20
0.256123 0.388484 5.71986 20 205 20
0.262886 0.366316 5.71177 20 205 20
0.280894 0.35783 5.6974 20 205 20
0.299598 0.367996 5.68518 20 205 20
0.349177 0.382867 5.73856 20 205 20
0.342414 0.405035 5.74665 20 205 20
0.324406 0.413521 5.76101 20 205 20
0.305702 0.403355 5.77323 20 205 20
0.297259 0.380491 5.77616 20 205 20
0.304022 0.358323 5.76807 20 205 20
0.32203 0.349837 5.7537 20 205 20
0.340734 0.360003 5.74148 20 205 20
0.349201 0.377941 5.74012 20 205 20
0.338947 0.399416 5.73676 20 205 20
0.319479 0.410501 5.74547 20 205 20
0.302202 0.404703 5.76113 20 205 20
0.297235 0.385417 5.77459 20 205 20
0.307489 0.363942 5.77795 20 205 20
0.326956 0.352857 5.76925 20 205 20
0.344234 0.358655 5.75358 20 205 20
0.376213 0.396577 5.77681 20 205 20
0.365959 0.418053 5.77345 20 205 20
0.346492 0.429138 5.78215 20 205 20
0.329214 0.423339 5.79782 20 205 20
0.324247 0.404054 5.81128 20 205 20
0.334501 0.382579 5.81463 20 205 20
0.353968 0.371494 5.80593 20 205 20
0.371246 0.377292 5.79026 20 205 20
0.377946 0.400343 5.78037 20 205 20
0.369848 0.422188 5.78446 20 205 20
0.350257 0.43122 5.79416 20 205 20
0.330651 0.422149 5.80379 20 205 20
0.322514 0.400289 5.80771 20 205 20
0.330613 0.378444 5.80363 20 205 20
0.350203 0.369411 5.79393 20 205 20
0.369809 0.378482 5.78429 20 205 20
0.410097 0.400069 5.84555 20 205 20
0.401999 0.421914 5.84963 20 205 20
0.382408 0.430946 5.85933 20 205 20
0.362802 0.421875 5.86897 20 205 20
0.354665 0.400014 5.87289 20 205 20
0.362764 0.378169 5.8688 20 205 20
0.382354 0.369137 5.8591 20 205 20
0.40196 0.378208 5.84947 20 205 20
0.40274 0.397381 5.83717 20 205 20
0.394896 0.418951 5.83938 20 205 20
0.37972 0.429444 5.85321 20 205 20
0.366104 0.422714 5.87056 20 205 20
0.362022 0.402702 5.88127 20 205 20
0.369867 0.381132 5.87906 20 205 20
0.385042 0.370638 5.86522 20 205 20
0.398659 0.377369 5.84787 20 205 20
0.450795 0.41047 5.87996 20 205 20
0.44295 0.43204 5.88217 20 205 20
0.427775 0.442534 5.89601 20 205 20
0.414158 0.435803 5.91336 20 205 20
0.410077 0.415792 5.92406 20 205 20
0.417921 0.394221 5.92185 20 205 20
0.433097 0.383728 5.90802 20 205 20
0.446713 0.390458 5.89067 20 205 20
0.458204 0.415181 5.89266 20 205 20
0.45152 0.4335 5.90384 20 205 20
0.432486 0.439887 5.91396 20 205 20
0.41225 0.430601 5.91707 20 205 20
0.402668 0.411081 5.91137 20 205 20
0.409351 0.392762 5.90018 20 205 20
0.428386 0.386375 5.89007 20 205 20
0.448621 0.395661 5.88695 20 205 20
0.477222 0.390897 5.94378 20 205 20
0.470539 0.409216 5.95497 20 205 20
0.451504 0.415603 5.96508 20 205 20
0.431269 0.406317 5.9682 20 205 20
0.421686 0.386798 5.96249 20 205 20
0.42837 0.368479 5.95131 20 205 20
0.447404 0.362091 5.94119 20 205 20
0.46764 0.371378 5.93807 20 205 20
0.474378 0.388933 5.93904 20 205 20
0.467138 0.409155 5.9434 20 205 20
0.44954 0.417481 5.95346 20 205 20
0.431891 0.409034 5.96334 20 205 20
0.424531 0.388762 5.96724 20 205 20
0.431771 0.36854 5.96288 20 205 20
0.449369 0.360214 5.95281 20 205 20
0.467018 0.36866 5.94294 20 205 20
0.508161 0.388157 5.99874 20 205 20
0.500921 0.40838 6.0031 20 205 20
0.483323 0.416706 6.01317 20 205 20
0.465674 0.408259 6.02304 20 205 20
0.458314 0.387987 6.02695 20 205 20
0.465554 0.367765 6.02259 20 205 20
0.483152 0.359438 6.01252 20 205 20
0.500801 0.367885 6.00265 20 205 20
0.508721 0.386605 6.00205 20 205 20
0.50022 0.40595 6.00019 20 205 20
0.48177 0.414823 6.00575 20 205 20
0.46418 0.408026 6.01546 20 205 20
0.457753 0.38954 6.02364 20 205 20
0.466255 0.370194 6.0255 20 205 20
0.484705 0.361321 6.01994 20 205 20
0.502295 0.368119 6.01023 20 205 20
0.534916 0.403828 6.06153 20 205 20
0.526415 0.423174 6.05967 20 205 20
0.507965 0.432047 6.06523 20 205 20
0.490375 0.425249 6.07494 20 205 20
0.483948 0.406763 6.08313 20 205 20
0.49245 0.387418 6.08498 20 205 20
0.5109 0.378545 6.07943 20 205 20
0.52849 0.385342 6.06971 20 205 20
0.532984 0.403705 6.05981 20 205 20
0.524961 0.422502 6.05903 20 205 20
0.507842 0.431219 6.06604 20 205 20
0.491654 0.424751 6.07674 20 205 20
0.48588 0.406886 6.08485 20 205 20
0.493903 0.38809 6.08563 20 205 20
0.511023 0.379372 6.07861 20 205 20
0.527211 0.38584 6.06792 20 205 20
0.562256 0.418394 6.11299 20 205 20
0.554233 0.437191 6.11221 20 205 20
0.537113 0.445908 6.11923 20 205 20
0.520925 0.43944 6.12992 20 205 20
0.515152 0.421576 6.13804 20 205 20
0.523175 0.402779 6.13881 20 205 20
0.540294 0.394062 6.1318 20 205 20
0.556482 0.40053 6.1211 20 205 20
0.564324 0.419733 6.1236 20 205 20
0.556642 0.43736 6.11947 20 205 20
0.538452 0.444809 6.11889 20 205 20
0.520409 0.437716 6.12219 20 205 20
0.513083 0.420237 6.12743 20 205 20
0.520765 0.40261 6.13155 20 205 20
0.538956 0.395161 6.13214 20 205 20
0.556998 0.402254 6.12884 20 205 20
0.568728 0.43494 6.18042 20 205 20
0.561046 0.452567 6.1763 20 205 20
0.542856 0.460016 6.17572 20 205 20
0.524814 0.452923 6.17902 20 205 20
0.517488 0.435444 6.18426 20 205 20
0.52517 0.417817 6.18838 20 205 20
0.54336 0.410369 6.18897 20 205 20
0.561402 0.417461 6.18567 20 205 20
0.566258 0.434109 6.17409 20 205 20
0.558712 0.45125 6.17215 20 205 20
0.542024 0.458984 6.17618 20 205 20
0.525972 0.452782 6.18382 20 205 20
0.519957 0.436276 6.19059 20 205 20
0.527504 0.419135 6.19254 20 205 20
0.544191 0.4114 6.18851 20 205 20
0.560244 0.417603 6.18087 20 205 20
0.588102 0.450425 6.23323 20 205 20
0.580555 0.467565 6.23128 20 205 20
0.563868 0.4753 6.23531 20 205 20
0.547815 0.469098 6.24296 20 205 20
0.541801 0.452592 6.24973 20 205 20
0.549348 0.435451 6.25167 20 205 20
0.566035 0.427716 6.24764 20 205 20
0.582088 0.433919 6.24 20 205 20
0.583821 0.447627 6.22853 20 205 20
0.575549 0.462721 6.22414 20 205 20
0.56107 0.471248 6.2299 20 205 20
0.548864 0.468211 6.24245 20 205 20
0.546082 0.45539 6.25443 20 205 20
0.554354 0.440295 6.25882 20 205 20
0.568833 0.431769 6.25305 20 205 20
0.581039 0.434806 6.24051 20 205 20
0.618078 0.478258 6.26928 20 205 20
0.609807 0.493353 6.26488 20 205 20
0.595327 0.501879 6.27065 20 205 20
0.583122 0.498842 6.28319 20 205 20
0.58034 0.486021 6.29517 20 205 20
0.588611 0.470926 6.29956 20 205 20
0.603091 0.4624 6.2938 20 205 20
0.615296 0.465437 6.28126 20 205 20
0.620477 0.482257 6.27824 20 205 20
0.614331 0.497496 6.28031 20 205 20
0.599327 0.50374 6.28349 20 205 20
0.584254 0.49733 6.28594 20 205 20
0.577941 0.482022 6.28621 20 205 20
0.584087 0.466783 6.28414 20 205 20
0.599091 0.460539 6.28096 20 205 20
0.614165 0.466949 6.27851 20 205 20
0.62322 0.481384 6.29287 20 205 20
0.617074 0.496623 6.29493 20 205 20
0.60207 0.502867 6.29812 20 205 20
0.586996 0.496457 6.30056 20 205 20
0.580684 0.481149 6.30083 20 205 20
0.58683 0.465909 6.29877 20 205 20
0.601834 0.459666 6.29558 20 205 20
0.616907 0.466076 6.29314 20 205 20
0.623052 0.480711 6.29485 20 205 20
0.616479 0.49373 6.28773 20 205 20
0.601396 0.499447 6.28596 20 205 20
0.586639 0.494515 6.29057 20 205 20
0.580851 0.481822 6.29886 20 205 20
0.587424 0.468803 6.30597 20 205 20
0.602507 0.463085 6.30775 20 205 20
0.617265 0.468018 6.30314 20 205 20
0.633963 0.540059 6.39334 20 205 20
0.62739 0.553077 6.38622 20 205 20
0.612307 0.558795 6.38445 20 205 20
0.59755 0.553863 6.38905 20 205 20
0.591762 0.54117 6.39734 20 205 20
0.598335 0.528151 6.40446 20 205 20
0.613418 0.522433 6.40623 20 205 20
0.628176 0.527366 6.40163 20 205 20
0.628821 0.539011 6.39199 20 205 20
0.623014 0.546802 6.38406 20 205 20
0.61126 0.550968 6.38274 20 205 20
0.600445 0.549069 6.3888 20 205 20
0.596904 0.542217 6.39869 20 205 20
0.602712 0.534427 6.40661 20 205 20
0.614466 0.530261 6.40794 20 205 20
0.625281 0.53216 6.40188 20 205 20
0.642797 0.591598 6.43343 20 205 20
0.63699 0.599388 6.42551 20 205 20
0.625236 0.603554 6.42418 20 205 20
0.614421 0.601655 6.43024 20 205 20
0.61088 0.594804 6.44013 20 205 20
0.616687 0.587013 6.44806 20 205 20
0.628441 0.582847 6.44938 20 205 20
0.639257 0.584746 6.44332 20 205 20
-1.16877 0.386436 -2.05047 20 205 20
-1.16793 0.415255 -2.03547 20 205 20
-1.17065 0.425214 -2.00466 20 205 20
-1.17535 0.41048 -1.97608 20 205 20
-1.17928 0.379684 -1.96647 20 205 20
-1.18013 0.350865 -1.98147 20 205 20
-1.1774 0.340906 -2.01228 20 205 20
-1.1727 0.35564 -2.04086 20 205 20
-0.949491 0.36654 -2.02465 20 205 20
-0.948642 0.395359 -2.00965 20 205 20
-0.951367 0.405319 -1.97884 20 205 20
-0.956069 0.390585 -1.95026 20 205 20
-0.959994 0.359788 -1.94065 20 205 20
-0.960843 0.33097 -1.95565 20 205 20
-0.958118 0.32101 -1.98646 20 205 20
-0.953416 0.335744 -2.01504 20 205 20
-0.914025 0.363566 -1.99067 20 205 20
-0.925667 0.392649 -1.98541 20 205 20
-0.954341 0.40446 -1.97854 20 205 20
-0.98325 0.392081 -1.97408 20 205 20
-0.99546 0.362763 -1.97463 20 205 20
-0.983818 0.33368 -1.97988 20 205 20
-0.955144 0.321869 -1.98676 20 205 20
-0.926235 0.334248 -1.99122 20 205 20
-0.902144 0.357481 -1.93064 20 205 20
-0.913787 0.386564 -1.92538 20 205 20
-0.942461 0.398375 -1.91851 20 205 20
-0.97137 0.385996 -1.91405 20 205 20
-0.98358 0.356678 -1.9146 20 205 20
-0.971938 0.327595 -1.91985 20 205 20
-0.943264 0.315784 -1.92672 20 205 20
-0.914354 0.328163 -1.93119 20 205 20
-0.902662 0.356131 -1.9317 20 205 20
-0.915107 0.384937 -1.93499 20 205 20
-0.943811 0.397424 -1.93103 20 205 20
-0.971959 0.386278 -1.92215 20 205 20
-0.983062 0.358029 -1.91354 20 205 20
-0.970617 0.329223 -1.91025 20 205 20
-0.941913 0.316735 -1.9142 20 205 20
-0.913765 0.327881 -1.92309 20 205 20
-0.891706 0.366285 -1.88426 20 205 20
-0.904151 0.395091 -1.88755 20 205 20
-0.932855 0.407579 -1.8836 20 205 20
-0.961003 0.396433 -1.87471 20 205 20
-0.972107 0.368183 -1.8661 20 205 20
-0.959661 0.339377 -1.86281 20 205 20
-0.930957 0.32689 -1.86676 20 205 20
-0.90281 0.338035 -1.87565 20 205 20
-0.899875 0.370794 -1.90052 20 205 20
-0.90674 0.39774 -1.88598 20 205 20
-0.928347 0.406816 -1.86512 20 205 20
-0.952039 0.392706 -1.85015 20 205 20
-0.963937 0.363674 -1.84984 20 205 20
-0.957073 0.336728 -1.86438 20 205 20
-0.935466 0.327652 -1.88524 20 205 20
-0.911774 0.341762 -1.90021 20 205 20
-0.860307 0.355082 -1.8527 20 205 20
-0.867172 0.382028 -1.83817 20 205 20
-0.888779 0.391105 -1.8173 20 205 20
-0.912471 0.376994 -1.80233 20 205 20
-0.924369 0.347963 -1.80203 20 205 20
-0.917505 0.321017 -1.81656 20 205 20
-0.895898 0.31194 -1.83743 20 205 20
-0.872206 0.326051 -1.8524 20 205 20
-0.855718 0.35432 -1.8449 20 205 20
-0.864466 0.38092 -1.83125 20 205 20
-0.889542 0.390299 -1.81534 20 205 20
-0.916255 0.376964 -1.80646 20 205 20
-0.928959 0.348726 -1.80984 20 205 20
-0.920211 0.322126 -1.82348 20 205 20
-0.895135 0.312746 -1.83939 20 205 20
-0.868422 0.326081 -1.84827 20 205 20
-0.827084 0.33467 -1.78821 20 205 20
-0.835832 0.36127 -1.77457 20 205 20
-0.860907 0.370649 -1.75865 20 205 20
-0.887621 0.357314 -1.74978 20 205 20
-0.900325 0.329076 -1.75315 20 205 20
-0.891576 0.302476 -1.76679 20 205 20
-0.866501 0.293096 -1.78271 20 205 20
-0.839787 0.306431 -1.79158 20 205 20
-0.823772 0.332039 -1.7647 20 205 20
-0.83535 0.360498 -1.76803 20 205 20
-0.863538 0.372189 -1.77291 20 205 20
-0.891823 0.360263 -1.77649 20 205 20
-0.903636 0.331706 -1.77667 20 205 20
-0.892058 0.303247 -1.77334 20 205 20
-0.863871 0.291556 -1.76845 20 205 20
-0.835586 0.303482 -1.76487 20 205 20
-0.831344 0.334862 -1.71427 20 205 20
-0.842922 0.363321 -1.7176 20 205 20
-0.871109 0.375012 -1.72248 20 205 20
-0.899394 0.363086 -1.72606 20 205 20
-0.911208 0.334529 -1.72624 20 205 20
-0.89963 0.30607 -1.72291 20 205 20
-0.871442 0.294379 -1.71802 20 205 20
-0.843157 0.306305 -1.71444 20 205 20
-0.831147 0.334658 -1.72056 20 205 20
-0.842927 0.362212 -1.72729 20 205 20
-0.871313 0.373648 -1.7299 20 205 20
-0.899678 0.362265 -1.72686 20 205 20
-0.911404 0.334733 -1.71995 20 205 20
-0.899624 0.307179 -1.71321 20 205 20
-0.871238 0.295743 -1.7106 20 205 20
-0.842874 0.307126 -1.71365 20 205 20
-0.830478 0.355649 -1.63583 20 205 20
-0.842258 0.383204 -1.64256 20 205 20
-0.870644 0.394639 -1.64517 20 205 20
-0.899009 0.383257 -1.64213 20 205 20
-0.910735 0.355724 -1.63521 20 205 20
-0.898955 0.32817 -1.62848 20 205 20
-0.870569 0.316735 -1.62587 20 205 20
-0.842205 0.328117 -1.62892 20 205 20
-0.843654 0.358354 -1.66454 20 205 20
-0.849663 0.385246 -1.65175 20 205 20
-0.86794 0.394822 -1.62945 20 205 20
-0.88778 0.381474 -1.61071 20 205 20
-0.89756 0.35302 -1.6065 20 205 20
-0.891551 0.326128 -1.6193 20 205 20
-0.873274 0.316551 -1.6416 20 205 20
-0.853434 0.3299 -1.66034 20 205 20
-0.789052 0.346925 -1.61487 20 205 20
-0.795061 0.373817 -1.60208 20 205 20
-0.813338 0.383394 -1.57978 20 205 20
-0.833178 0.370045 -1.56104 20 205 20
-0.842958 0.341591 -1.55684 20 205 20
-0.836949 0.314699 -1.56963 20 205 20
-0.818672 0.305123 -1.59193 20 205 20
-0.798832 0.318471 -1.61067 20 205 20
-0.780931 0.346729 -1.60343 20 205 20
-0.789456 0.372782 -1.59103 20 205 20
-0.813534 0.382126 -1.5756 20 205 20
-0.839059 0.369287 -1.56618 20 205 20
-0.851079 0.341787 -1.56828 20 205 20
-0.842554 0.315734 -1.58068 20 205 20
-0.818476 0.30639 -1.59611 20 205 20
-0.792952 0.319229 -1.60554 20 205 20
-0.749004 0.328101 -1.54234 20 205 20
-0.757529 0.354153 -1.52994 20 205 20
-0.781606 0.363497 -1.51451 20 205 20
-0.807131 0.350658 -1.50509 20 205 20
-0.819152 0.323158 -1.50719 20 205 20
-0.810626 0.297105 -1.51959 20 205 20
-0.786549 0.287762 -1.53502 20 205 20
-0.761024 0.300601 -1.54445 20 205 20
-0.749077 0.325429 -1.54182 20 205 20
-0.75947 0.35301 -1.53744 20 205 20
-0.784278 0.364552 -1.52564 20 205 20
-0.808969 0.353293 -1.51333 20 205 20
-0.819078 0.32583 -1.50772 20 205 20
-0.808685 0.298249 -1.5121 20 205 20
-0.783877 0.286707 -1.5239 20 205 20
-0.759187 0.297966 -1.53621 20 205 20
-0.728494 0.326478 -1.49957 20 205 20
-0.738887 0.354059 -1.49519 20 205 20
-0.763695 0.365601 -1.48339 20 205 20
-0.788386 0.354343 -1.47108 20 205 20
-0.798495 0.326879 -1.46547 20 205 20
-0.788102 0.299299 -1.46985 20 205 20
-0.763294 0.287757 -1.48165 20 205 20
-0.738603 0.299015 -1.49396 20 205 20
-0.729439 0.326891 -1.50086 20 205 20
-0.739263 0.354172 -1.49489 20 205 20
-0.763282 0.365347 -1.48168 20 205 20
-0.787425 0.353871 -1.46896 20 205 20
-0.79755 0.326467 -1.46419 20 205 20
-0.787725 0.299186 -1.47015 20 205 20
-0.763707 0.288011 -1.48336 20 205 20
-0.739564 0.299486 -1.49608 20 205 20
-0.696089 0.325359 -1.43893 20 205 20
-0.705913 0.35264 -1.43296 20 205 20
-0.729932 0.363815 -1.41975 20 205 20
-0.754075 0.35234 -1.40703 20 205 20
-0.764199 0.324935 -1.40226 20 205 20
-0.754375 0.297654 -1.40822 20 205 20
-0.730356 0.286479 -1.42143 20 205 20
-0.706213 0.297955 -1.43415 20 205 20
-0.695023 0.325677 -1.43583 20 205 20
-0.704935 0.352533 -1.42957 20 205 20
-0.729614 0.363347 -1.41804 20 205 20
-0.754603 0.351783 -1.40801 20 205 20
-0.765265 0.324617 -1.40535 20 205 20
-0.755353 0.297761 -1.41162 20 205 20
-0.730674 0.286947 -1.42314 20 205 20
-0.705685 0.298511 -1.43317 20 205 20
-0.669156 0.321348 -1.37637 20 205 20
-0.679068 0.348204 -1.3701 20 205 20
-0.703747 0.359018 -1.35858 20 205 20
-0.728736 0.347454 -1.34855 20 205 20
-0.739398 0.320288 -1.34589 20 205 20
-0.729486 0.293432 -1.35216 20 205 20
-0.704807 0.282618 -1.36368 20 205 20
-0.679818 0.294181 -1.37371 20 205 20
-0.671375 0.32144 -1.37997 20 205 20
-0.680571 0.348015 -1.3728 20 205 20
-0.703655 0.358659 -1.35879 20 205 20
-0.727103 0.347136 -1.34616 20 205 20
-0.73718 0.320196 -1.34229 20 205 20
-0.727983 0.29362 -1.34946 20 205 20
-0.704899 0.282977 -1.36347 20 205 20
-0.681451 0.2945 -1.3761 20 205 20
-0.640598 0.317622 -1.32634 20 205 20
-0.649795 0.344198 -1.31917 20 205 20
-0.672878 0.354841 -1.30516 20 205 20
-0.696326 0.343318 -1.29253 20 205 20
-0.706403 0.316378 -1.28866 20 205 20
-0.697206 0.289802 -1.29583 20 205 20
-0.674123 0.279159 -1.30984 20 205 20
-0.650675 0.290682 -1.32247 20 205 20
-0.639036 0.316034 -1.32239 20 205 20
-0.649813 0.342659 -1.32132 20 205 20
-0.674466 0.354254 -1.31215 20 205 20
-0.698554 0.344025 -1.30026 20 205 20
-0.707965 0.317966 -1.29261 20 205 20
-0.697187 0.291341 -1.29368 20 205 20
-0.672534 0.279746 -1.30285 20 205 20
-0.648447 0.289975 -1.31474 20 205 20
-0.617488 0.322768 -1.27295 20 205 20
-0.628266 0.349393 -1.27188 20 205 20
-0.652919 0.360988 -1.26271 20 205 20
-0.677006 0.350759 -1.25082 20 205 20
-0.686418 0.3247 -1.24317 20 205 20
-0.67564 0.298075 -1.24424 20 205 20
-0.650987 0.28648 -1.25341 20 205 20
-0.6269 0.296709 -1.2653 20 205 20
-0.617715 0.321964 -1.27257 20 205 20
-0.628994 0.348067 -1.27439 20 205 20
-0.653723 0.359916 -1.26665 20 205 20
-0.677414 0.35057 -1.25387 20 205 20
-0.686191 0.325504 -1.24355 20 205 20
-0.674911 0.299401 -1.24172 20 205 20
-0.650183 0.287552 -1.24947 20 205 20
-0.626492 0.296898 -1.26225 20 205 20
-0.594079 0.335949 -1.21852 20 205 20
-0.605358 0.362051 -1.22034 20 205 20
-0.630086 0.3739 -1.21259 20 205 20
-0.653778 0.364554 -1.19981 20 205 20
-0.662554 0.339488 -1.18949 20 205 20
-0.651275 0.313385 -1.18767 20 205 20
-0.626547 0.301536 -1.19542 20 205 20
-0.602855 0.310882 -1.20819 20 205 20
-0.592378 0.337984 -1.21217 20 205 20
-0.602716 0.363912 -1.2081 20 205 20
-0.628051 0.374496 -1.20163 20 205 20
-0.653541 0.363536 -1.19656 20 205 20
-0.664255 0.337452 -1.19584 20 205 20
-0.653917 0.311524 -1.19991 20 205 20
-0.628582 0.300941 -1.20637 20 205 20
-0.603092 0.311901 -1.21145 20 205 20
-0.579164 0.33415 -1.15412 20 205 20
-0.589502 0.360077 -1.15005 20 205 20
-0.614837 0.370661 -1.14358 20 205 20
-0.640327 0.359701 -1.13851 20 205 20
-0.651041 0.333618 -1.13779 20 205 20
-0.640703 0.30769 -1.14186 20 205 20
-0.615368 0.297106 -1.14832 20 205 20
-0.589878 0.308066 -1.1534 20 205 20
-0.58212 0.338472 -1.16084 20 205 20
-0.588536 0.358659 -1.14265 20 205 20
-0.610514 0.364332 -1.1264 20 205 20
-0.63518 0.352169 -1.1216 20 205 20
-0.648085 0.329295 -1.13107 20 205 20
-0.641669 0.309109 -1.14925 20 205 20
-0.619691 0.303435 -1.16551 20 205 20
-0.595025 0.315598 -1.17031 20 205 20
-0.553805 0.30128 -1.10957 20 205 20
-0.560221 0.321467 -1.09138 20 205 20
-0.582199 0.32714 -1.07513 20 205 20
-0.606865 0.314977 -1.07033 20 205 20
-0.61977 0.292103 -1.0798 20 205 20
-0.613355 0.271917 -1.09798 20 205 20
-0.591376 0.266243 -1.11423 20 205 20
-0.56671 0.278406 -1.11903 20 205 20
-0.552079 0.297629 -1.10427 20 205 20
-0.561583 0.322351 -1.09662 20 205 20
-0.58585 0.332043 -1.08783 20 205 20
-0.610667 0.321026 -1.08306 20 205 20
-0.621496 0.295754 -1.08509 20 205 20
-0.611993 0.271032 -1.09274 20 205 20
-0.587725 0.261341 -1.10153 20 205 20
-0.562908 0.272357 -1.1063 20 205 20
-0.531499 0.28293 -1.03121 20 205 20
-0.541002 0.307653 -1.02356 20 205 20
-0.56527 0.317344 -1.01477 20 205 20
-0.590087 0.306327 -1.01 20 205 20
-0.600916 0.281056 -1.01203 20 205 20
-0.591413 0.256333 -1.01969 20 205 20
-0.567145 0.246642 -1.02847 20 205 20
-0.542328 0.257659 -1.03325 20 205 20
-0.532499 0.285013 -1.01093 20 205 20
-0.540236 0.305612 -1.02686 20 205 20
-0.563187 0.312374 -1.03972 20 205 20
-0.587907 0.30134 -1.04198 20 205 20
-0.599916 0.278972 -1.03232 20 205 20
-0.592179 0.258374 -1.01639 20 205 20
-0.569228 0.251611 -1.00352 20 205 20
-0.544508 0.262646 -1.00126 20 205 20
-0.538676 0.295468 -0.994411 20 205 20
-0.546414 0.316066 -1.01034 20 205 20
-0.569364 0.322829 -1.02321 20 205 20
-0.594084 0.311794 -1.02547 20 205 20
-0.606093 0.289427 -1.0158 20 205 20
-0.598356 0.268828 -0.99987 20 205 20
-0.575405 0.262066 -0.987006 20 205 20
-0.550685 0.2731 -0.984744 20 205 20
-0.541994 0.294487 -1.02305 20 205 20
-0.549453 0.318292 -1.01257 20 205 20
-0.570345 0.326958 -0.997726 20 205 20
-0.592432 0.315407 -0.987202 20 205 20
-0.602775 0.290407 -0.987166 20 205 20
-0.595317 0.266602 -0.997639 20 205 20
-0.574425 0.257937 -1.01249 20 205 20
-0.552338 0.269487 -1.02301 20 205 20
-0.481755 0.269707 -0.923817 20 205 20
-0.489214 0.293512 -0.913345 20 205 20
-0.510106 0.302178 -0.898498 20 205 20
-0.532193 0.290627 -0.887974 20 205 20
-0.542537 0.265627 -0.887938 20 205 20
-0.535078 0.241822 -0.89841 20 205 20
-0.514186 0.233157 -0.913257 20 205 20
-0.492099 0.244707 -0.923781 20 205 20
-0.481023 0.267439 -0.920723 20 205 20
-0.4903 0.291878 -0.917089 20 205 20
-0.512375 0.302135 -0.906887 20 205 20
-0.534315 0.292201 -0.896094 20 205 20
-0.543269 0.267896 -0.891032 20 205 20
-0.533992 0.243456 -0.894666 20 205 20
-0.511918 0.233199 -0.904868 20 205 20
-0.489977 0.243133 -0.915661 20 205 20
-0.456619 0.269098 -0.869589 20 205 20
-0.465897 0.293537 -0.865954 20 205 20
-0.487971 0.303795 -0.855752 20 205 20
-0.509912 0.293861 -0.844959 20 205 20
-0.518866 0.269555 -0.839897 20 205 20
-0.509589 0.245116 -0.843531 20 205 20
-0.487514 0.234859 -0.853733 20 205 20
-0.465574 0.244792 -0.864527 20 205 20
-0.455337 0.269114 -0.865185 20 205 20
-0.464979 0.293232 -0.863082 20 205 20
-0.487955 0.303346 -0.856094 20 205 20
-0.510807 0.293532 -0.848314 20 205 20
-0.520148 0.269539 -0.8443 20 205 20
-0.510507 0.245421 -0.846404 20 205 20
-0.48753 0.235307 -0.853392 20 205 20
-0.464678 0.245121 -0.861172 20 205 20
-0.433385 0.271954 -0.797122 20 205 20
-0.443027 0.296072 -0.795018 20 205 20
-0.466003 0.306186 -0.78803 20 205 20
-0.488855 0.296372 -0.78025 20 205 20
-0.498197 0.272379 -0.776237 20 205 20
-0.488555 0.248261 -0.77834 20 205 20
-0.465579 0.238147 -0.785328 20 205 20
-0.442727 0.247961 -0.793108 20 205 20
-0.435183 0.272977 -0.800204 20 205 20
-0.443575 0.296246 -0.793538 20 205 20
-0.464981 0.30541 -0.782853 20 205 20
-0.486861 0.2951 -0.77441 20 205 20
-0.496399 0.271356 -0.773154 20 205 20
-0.488007 0.248087 -0.779821 20 205 20
-0.466601 0.238923 -0.790505 20 205 20
-0.444721 0.249233 -0.798948 20 205 20
-0.405543 0.264592 -0.733629 20 205 20
-0.413934 0.287861 -0.726962 20 205 20
-0.43534 0.297025 -0.716278 20 205 20
-0.45722 0.286715 -0.707835 20 205 20
-0.466758 0.262971 -0.706579 20 205 20
-0.458366 0.239702 -0.713245 20 205 20
-0.436961 0.230538 -0.72393 20 205 20
-0.41508 0.240848 -0.732373 20 205 20
-0.40843 0.262976 -0.737718 20 205 20
-0.417119 0.286353 -0.734514 20 205 20
-0.436956 0.296508 -0.722869 20 205 20
-0.456321 0.287493 -0.709604 20 205 20
-0.46387 0.264587 -0.70249 20 205 20
-0.455182 0.24121 -0.705694 20 205 20
-0.435344 0.231055 -0.717339 20 205 20
-0.415979 0.240071 -0.730604 20 205 20
-0.371022 0.268848 -0.679117 20 205 20
-0.379711 0.292225 -0.675913 20 205 20
-0.399548 0.30238 -0.664268 20 205 20
-0.418913 0.293365 -0.651003 20 205 20
-0.426462 0.270459 -0.643888 20 205 20
-0.417774 0.247082 -0.647092 20 205 20
-0.397937 0.236927 -0.658738 20 205 20
-0.378571 0.245943 -0.672003 20 205 20
-0.368117 0.269221 -0.671539 20 205 20
-0.377392 0.292057 -0.670511 20 205 20
-0.399175 0.301769 -0.664205 20 205 20
-0.420704 0.292668 -0.656317 20 205 20
-0.429368 0.270086 -0.651466 20 205 20
-0.420092 0.247251 -0.652495 20 205 20
-0.39831 0.237539 -0.6588 20 205 20
-0.376781 0.246639 -0.666689 20 205 20
-0.35178 0.27362 -0.621879 20 205 20
-0.361055 0.296456 -0.62085 20 205 20
-0.382838 0.306168 -0.614545 20 205 20
-0.404367 0.297067 -0.606656 20 205 20
-0.413031 0.274485 -0.601805 20 205 20
-0.403755 0.25165 -0.602834 20 205 20
-0.381973 0.241938 -0.60914 20 205 20
-0.360444 0.251038 -0.617028 20 205 20
-0.35443 0.273276 -0.626817 20 205 20
-0.363173 0.295834 -0.624615 20 205 20
-0.383182 0.305633 -0.614931 20 205 20
-0.402736 0.296932 -0.603437 20 205 20
-0.410381 0.274829 -0.596868 20 205 20
-0.401638 0.252271 -0.59907 20 205 20
-0.381629 0.242473 -0.608754 20 205 20
-0.362075 0.251173 -0.620247 20 205 20
-0.303755 0.283728 -0.532689 20 205 20
-0.312498 0.306286 -0.530486 20 205 20
-0.332507 0.316084 -0.520802 20 205 20
-0.352061 0.307384 -0.509309 20 205 20
-0.359706 0.285281 -0.50274 20 205 20
-0.350963 0.262723 -0.504942 20 205 20
-0.330954 0.252924 -0.514626 20 205 20
-0.3114 0.261625 -0.526119 20 205 20
-0.301771 0.283836 -0.524207 20 205 20
-0.311019 0.305263 -0.526672 20 205 20
-0.332399 0.31453 -0.52389 20 205 20
-0.353388 0.306209 -0.51749 20 205 20
-0.36169 0.285173 -0.511222 20 205 20
-0.352442 0.263745 -0.508756 20 205 20
-0.331062 0.254478 -0.511538 20 205 20
-0.310073 0.2628 -0.517938 20 205 20
-0.287196 0.297701 -0.458376 20 205 20
-0.296443 0.319128 -0.460841 20 205 20
-0.317824 0.328395 -0.458059 20 205 20
-0.338812 0.320073 -0.45166 20 205 20
-0.347115 0.299037 -0.445391 20 205 20
-0.337867 0.27761 -0.442925 20 205 20
-0.316487 0.268343 -0.445707 20 205 20
-0.295498 0.276665 -0.452107 20 205 20
-0.292104 0.296479 -0.468115 20 205 20
-0.300778 0.317662 -0.467826 20 205 20
-0.319046 0.327543 -0.458199 20 205 20
-0.336206 0.320335 -0.444872 20 205 20
-0.342207 0.300259 -0.435652 20 205 20
-0.333533 0.279076 -0.43594 20 205 20
-0.315265 0.269194 -0.445568 20 205 20
-0.298104 0.276403 -0.458895 20 205 20
-0.248254 0.31354 -0.402424 20 205 20
-0.256928 0.334724 -0.402136 20 205 20
-0.275196 0.344605 -0.392508 20 205 20
-0.292356 0.337397 -0.379181 20 205 20
-0.298357 0.317321 -0.369961 20 205 20
-0.289683 0.296138 -0.37025 20 205 20
-0.271415 0.286256 -0.379877 20 205 20
-0.254255 0.293465 -0.393204 20 205 20
-0.247198 0.317056 -0.398603 20 205 20
-0.253696 0.336396 -0.389957 20 205 20
-0.271681 0.343456 -0.379106 20 205 20
-0.290617 0.334099 -0.372406 20 205 20
-0.299413 0.313806 -0.373782 20 205 20
-0.292915 0.294465 -0.382428 20 205 20
-0.27493 0.287406 -0.393279 20 205 20
-0.255994 0.296763 -0.399979 20 205 20
-0.218043 0.300408 -0.339453 20 205 20
-0.224541 0.319749 -0.330807 20 205 20
-0.242526 0.326808 -0.319955 20 205 20
-0.261463 0.317451 -0.313255 20 205 20
-0.270258 0.297159 -0.314631 20 205 20
-0.26376 0.277818 -0.323277 20 205 20
-0.245775 0.270758 -0.334128 20 205 20
-0.226839 0.280116 -0.340829 20 205 20
-0.219064 0.296824 -0.339484 20 205 20
-0.227797 0.316338 -0.341615 20 205 20
-0.24611 0.325568 -0.33521 20 205 20
-0.263275 0.319108 -0.32402 20 205 20
-0.269237 0.300743 -0.3146 20 205 20
-0.260504 0.281229 -0.312468 20 205 20
-0.242191 0.271999 -0.318874 20 205 20
-0.225026 0.278458 -0.330064 20 205 20
-0.19896 0.310023 -0.301026 20 205 20
-0.207693 0.329536 -0.303158 20 205 20
-0.226006 0.338767 -0.296753 20 205 20
-0.243171 0.332307 -0.285563 20 205 20
-0.249133 0.313941 -0.276143 20 205 20
-0.2404 0.294428 -0.274011 20 205 20
-0.222088 0.285197 -0.280416 20 205 20
-0.204923 0.291657 -0.291606 20 205 20
-0.204036 0.314592 -0.307172 20 205 20
-0.208051 0.332579 -0.297107 20 205 20
-0.221437 0.3385 -0.28205 20 205 20
-0.236351 0.328888 -0.270821 20 205 20
-0.244058 0.309372 -0.269997 20 205 20
-0.240042 0.291385 -0.280062 20 205 20
-0.226657 0.285464 -0.295119 20 205 20
-0.211743 0.295076 -0.306348 20 205 20
-0.132642 0.289494 -0.233834 20 205 20
-0.136657 0.307481 -0.22377 20 205 20
-0.150042 0.313402 -0.208713 20 205 20
-0.164957 0.303789 -0.197483 20 205 20
-0.172663 0.284273 -0.19666 20 205 20
-0.168648 0.266286 -0.206724 20 205 20
-0.155263 0.260365 -0.221781 20 205 20
-0.140348 0.269978 -0.233011 20 205 20
-0.130386 0.285768 -0.228181 20 205 20
-0.137697 0.304069 -0.227302 20 205 20
-0.153768 0.312303 -0.219361 20 205 20
-0.169186 0.305647 -0.209011 20 205 20
-0.174919 0.287999 -0.202313 20 205 20
-0.167608 0.269698 -0.203192 20 205 20
-0.151537 0.261464 -0.211133 20 205 20
-0.136119 0.26812 -0.221483 20 205 20
-0.0998744 0.295474 -0.176489 20 205 20
-0.107185 0.313775 -0.17561 20 205 20
-0.123257 0.322009 -0.16767 20 205 20
-0.138675 0.315353 -0.157319 20 205 20
-0.144407 0.297705 -0.150622 20 205 20
-0.137097 0.279404 -0.151501 20 205 20
-0.121025 0.27117 -0.159441 20 205 20
-0.105607 0.277826 -0.169792 20 205 20
-0.0987838 0.296187 -0.171448 20 205 20
-0.10591 0.313652 -0.170864 20 205 20
-0.122544 0.321122 -0.166 20 205 20
-0.138942 0.314222 -0.159704 20 205 20
-0.145498 0.296992 -0.155664 20 205 20
-0.138372 0.279527 -0.156247 20 205 20
-0.121738 0.272056 -0.161111 20 205 20
-0.10534 0.278957 -0.167408 20 205 20
-0.076361 0.303132 -0.105439 20 205 20
-0.083487 0.320597 -0.104856 20 205 20
-0.100121 0.328067 -0.0999913 20 205 20
-0.116519 0.321167 -0.093695 20 205 20
-0.123075 0.303937 -0.089655 20 205 20
-0.115949 0.286472 -0.0902381 20 205 20
-0.0993154 0.279001 -0.0951026 20 205 20
-0.0829174 0.285902 -0.101399 20 205 20
-0.0793478 0.303404 -0.10857 20 205 20
-0.0854063 0.319816 -0.105705 20 205 20
-0.0998485 0.32669 -0.0980616 20 205 20
-0.114214 0.32 -0.0901163 20 205 20
-0.120089 0.303665 -0.0865238 20 205 20
-0.11403 0.287253 -0.0893885 20 205 20
-0.0995879 0.280378 -0.0970323 20 205 20
-0.085222 0.287068 -0.104978 20 205 20
-0.0389801 0.305289 -0.0339946 20 205 20
-0.0450386 0.321701 -0.0311299 20 205 20
-0.0594809 0.328575 -0.0234861 20 205 20
-0.0738467 0.321885 -0.0155408 20 205 20
-0.0797209 0.305549 -0.0119482 20 205 20
-0.0736624 0.289137 -0.0148129 20 205 20
-0.0592202 0.282263 -0.0224567 20 205 20
-0.0448543 0.288953 -0.0304021 20 205 20
-0.0390036 0.304484 -0.0275567 20 205 20
-0.0456244 0.318357 -0.0319218 20 205 20
-0.0602857 0.324651 -0.0310438 20 205 20
-0.0743993 0.319679 -0.0254371 20 205 20
-0.0796974 0.306354 -0.0183861 20 205 20
-0.0730767 0.292482 -0.014021 20 205 20
-0.0584153 0.286187 -0.014899 20 205 20
-0.0443018 0.291159 -0.0205057 20 205 20
-0.0196546 0.338548 0.0513549 20 205 20
-0.0262754 0.35242 0.0469899 20 205 20
-0.0409367 0.358714 0.0478678 20 205 20
-0.0550503 0.353743 0.0534745 20 205 20
-0.0603484 0.340418 0.0605256 20 205 20
-0.0537277 0.326545 0.0648906 20 205 20
-0.0390663 0.320251 0.0640126 20 205 20
-0.0249528 0.325223 0.058406 20 205 20
-0.0257865 0.338002 0.0460997 20 205 20
-0.0309972 0.350211 0.045697 20 205 20
-0.0414825 0.356136 0.0512947 20 205 20
-0.0511003 0.352305 0.0596137 20 205 20
-0.0542165 0.340964 0.0657808 20 205 20
-0.0490058 0.328754 0.0661834 20 205 20
-0.0385206 0.32283 0.0605858 20 205 20
-0.0289028 0.32666 0.0522668 20 205 20
0.0225513 0.360821 0.112491 20 205 20
0.0173406 0.37303 0.112088 20 205 20
0.00685532 0.378955 0.117686 20 205 20
-0.00276243 0.375125 0.126005 20 205 20
-0.0058787 0.363783 0.132172 20 205 20
-0.000668019 0.351574 0.132575 20 205 20
0.00981727 0.345649 0.126977 20 205 20
0.019435 0.349479 0.118658 20 205 20
-0.29597 1.87679 2.77189 20 205 20
-0.310054 1.9125 2.76761 20 205 20
-0.343924 1.92735 2.75644 20 205 20
-0.37774 1.91264 2.74495 20 205 20
-0.391691 1.87698 2.73985 20 205 20
-0.377607 1.84126 2.74413 20 205 20
-0.343737 1.82641 2.75529 20 205 20
-0.309921 1.84113 2.76679 20 205 20
-0.325934 1.87571 2.86139 20 205 20
-0.340018 1.91143 2.85711 20 205 20
-0.373888 1.92627 2.84595 20 205 20
-0.407704 1.91156 2.83445 20 205 20
-0.421655 1.8759 2.82935 20 205 20
-0.407571 1.84019 2.83364 20 205 20
-0.373701 1.82534 2.8448 20 205 20
-0.339885 1.84005 2.85629 20 205 20
-0.324977 1.87573 2.84948 20 205 20
-0.339332 1.91036 2.84963 20 205 20
-0.373875 1.92476 2.84729 20 205 20
-0.408371 1.91048 2.84382 20 205 20
-0.422613 1.87589 2.84127 20 205 20
-0.408257 1.84125 2.84111 20 205 20
-0.373714 1.82685 2.84346 20 205 20
-0.339218 1.84113 2.84692 20 205 20
-0.332733 1.87211 2.94164 20 205 20
-0.347088 1.90674 2.9418 20 205 20
-0.381632 1.92114 2.93945 20 205 20
-0.416128 1.90686 2.93599 20 205 20
-0.430369 1.87227 2.93343 20 205 20
-0.416014 1.83763 2.93328 20 205 20
-0.381471 1.82323 2.93562 20 205 20
-0.346975 1.83751 2.93909 20 205 20
-0.340421 1.86927 2.90285 20 205 20
-0.354531 1.90775 2.9074 20 205 20
-0.384469 1.9254 2.9296 20 205 20
-0.412698 1.91188 2.95646 20 205 20
-0.422681 1.8751 2.97223 20 205 20
-0.408571 1.83662 2.96768 20 205 20
-0.378633 1.81897 2.94548 20 205 20
-0.350404 1.83249 2.91862 20 205 20
-0.292376 1.88026 2.95889 20 205 20
-0.306486 1.91874 2.96344 20 205 20
-0.336424 1.9364 2.98564 20 205 20
-0.364653 1.92287 3.0125 20 205 20
-0.374636 1.8861 3.02827 20 205 20
-0.360526 1.84761 3.02372 20 205 20
-0.330588 1.82996 3.00151 20 205 20
-0.30236 1.84348 2.97466 20 205 20
-0.287735 1.88156 3.01097 20 205 20
-0.302288 1.91609 3.01207 20 205 20
-0.335128 1.93135 3.00234 20 205 20
-0.367019 1.91839 2.98748 20 205 20
-0.379278 1.8848 2.97619 20 205 20
-0.364725 1.85026 2.97508 20 205 20
-0.331884 1.835 2.98481 20 205 20
-0.299994 1.84797 2.99968 20 205 20
-0.323374 1.8636 3.1031 20 205 20
-0.337927 1.89814 3.1042 20 205 20
-0.370767 1.91339 3.09447 20 205 20
-0.402657 1.90043 3.07961 20 205 20
-0.414917 1.86684 3.06832 20 205 20
-0.400364 1.8323 3.06721 20 205 20
-0.367523 1.81705 3.07694 20 205 20
-0.335633 1.83001 3.09181 20 205 20
-0.326054 1.86498 3.08113 20 205 20
-0.338847 1.89552 3.07924 20 205 20
-0.369388 1.90831 3.08113 20 205 20
-0.399787 1.89586 3.08571 20 205 20
-0.412236 1.86546 3.09028 20 205 20
-0.399443 1.83492 3.09218 20 205 20
-0.368902 1.82213 3.09028 20 205 20
-0.338504 1.83458 3.0857 20 205 20
-0.320525 1.8705 3.13288 20 205 20
-0.333318 1.90104 3.13099 20 205 20
-0.363859 1.91383 3.13289 20 205 20
-0.394258 1.90139 3.13746 20 205 20
-0.406707 1.87099 3.14204 20 205 20
-0.393914 1.84044 3.14393 20 205 20
-0.363373 1.82765 3.14203 20 205 20
-0.332975 1.8401 3.13746 20 205 20
-0.317316 1.87051 3.13438 20 205 20
-0.331038 1.90304 3.13045 20 205 20
-0.363845 1.91664 3.13062 20 205 20
-0.396517 1.90336 3.1348 20 205 20
-0.409917 1.87097 3.14054 20 205 20
-0.396194 1.83845 3.14447 20 205 20
-0.363388 1.82485 3.1443 20 205 20
-0.330715 1.83813 3.14012 20 205 20
-0.311821 1.88271 3.21609 20 205 20
-0.325543 1.91523 3.21215 20 205 20
-0.35835 1.92884 3.21233 20 205 20
-0.391022 1.91555 3.21651 20 205 20
-0.404422 1.88317 3.22225 20 205 20
-0.390699 1.85065 3.22618 20 205 20
-0.357893 1.83704 3.226 20 205 20
-0.32522 1.85032 3.22182 20 205 20
-0.317363 1.88334 3.23388 20 205 20
-0.329018 1.91382 3.22796 20 205 20
-0.357722 1.92621 3.21689 20 205 20
-0.38666 1.91326 3.20715 20 205 20
-0.39888 1.88254 3.20445 20 205 20
-0.387224 1.85206 3.21037 20 205 20
-0.35852 1.83967 3.22144 20 205 20
-0.329583 1.85262 3.23118 20 205 20
-0.340946 1.88699 3.29912 20 205 20
-0.352602 1.91747 3.2932 20 205 20
-0.381305 1.92986 3.28213 20 205 20
-0.410243 1.91691 3.27239 20 205 20
-0.422463 1.88619 3.26969 20 205 20
-0.410807 1.85571 3.27561 20 205 20
-0.382103 1.84332 3.28668 20 205 20
-0.353166 1.85628 3.29642 20 205 20
-0.341222 1.88634 3.28213 20 205 20
-0.353259 1.91437 3.27644 20 205 20
-0.381959 1.92613 3.27541 20 205 20
-0.41051 1.91473 3.27965 20 205 20
-0.422186 1.88685 3.28667 20 205 20
-0.410149 1.85882 3.29237 20 205 20
-0.381449 1.84706 3.2934 20 205 20
-0.352899 1.85846 3.28916 20 205 20
-0.336399 1.90546 3.36603 20 205 20
-0.348437 1.93349 3.36033 20 205 20
-0.377137 1.94525 3.3593 20 205 20
-0.405687 1.93385 3.36354 20 205 20
-0.417364 1.90597 3.37057 20 205 20
-0.405326 1.87794 3.37626 20 205 20
-0.376626 1.86618 3.37729 20 205 20
-0.348076 1.87757 3.37306 20 205 20
-0.334304 1.9057 3.36911 20 205 20
-0.346783 1.9358 3.3698 20 205 20
-0.376894 1.94828 3.36962 20 205 20
-0.406997 1.93582 3.36866 20 205 20
-0.419459 1.90572 3.36749 20 205 20
-0.40698 1.87562 3.3668 20 205 20
-0.376869 1.86315 3.36698 20 205 20
-0.346766 1.8756 3.36794 20 205 20
-0.335524 1.90371 3.43324 20 205 20
-0.348004 1.93381 3.43394 20 205 20
-0.378115 1.94629 3.43375 20 205 20
-0.408218 1.93383 3.43279 20 205 20
-0.42068 1.90374 3.43162 20 205 20
-0.4082 1.87364 3.43093 20 205 20
-0.37809 1.86116 3.43111 20 205 20
-0.347986 1.87362 3.43207 20 205 20
-0.340971 1.90369 3.42516 20 205 20
-0.351868 1.93046 3.42707 20 205 20
-0.378133 1.94156 3.43212 20 205 20
-0.404379 1.9305 3.43735 20 205 20
-0.415233 1.90376 3.4397 20 205 20
-0.404336 1.87699 3.43779 20 205 20
-0.378072 1.86589 3.43275 20 205 20
-0.351825 1.87695 3.42751 20 205 20
-0.328624 1.90423 3.48823 20 205 20
-0.339521 1.93099 3.49014 20 205 20
-0.365786 1.94209 3.49519 20 205 20
-0.392033 1.93103 3.50042 20 205 20
-0.402886 1.90429 3.50277 20 205 20
-0.391989 1.87753 3.50086 20 205 20
-0.365725 1.86642 3.49581 20 205 20
-0.339478 1.87748 3.49058 20 205 20
-0.323912 1.904 3.48759 20 205 20
-0.336347 1.93413 3.488 20 205 20
-0.366009 1.94676 3.4928 20 205 20
-0.395523 1.93449 3.49918 20 205 20
-0.407599 1.90451 3.50341 20 205 20
-0.395164 1.87439 3.503 20 205 20
-0.365502 1.86176 3.4982 20 205 20
-0.335988 1.87403 3.49182 20 205 20
-0.312219 1.908 3.54932 20 205 20
-0.324654 1.93812 3.54973 20 205 20
-0.354316 1.95075 3.55453 20 205 20
-0.38383 1.93848 3.56091 20 205 20
-0.395907 1.9085 3.56514 20 205 20
-0.383472 1.87838 3.56473 20 205 20
-0.35381 1.86575 3.55993 20 205 20
-0.324296 1.87802 3.55355 20 205 20
-0.305754 1.90781 3.56203 20 205 20
-0.320212 1.94171 3.56679 20 205 20
-0.354499 1.95601 3.56595 20 205 20
-0.388531 1.94233 3.56 20 205 20
-0.402372 1.90869 3.55242 20 205 20
-0.387914 1.87479 3.54766 20 205 20
-0.353627 1.86049 3.54851 20 205 20
-0.319595 1.87417 3.55446 20 205 20
-0.310509 1.89918 3.60905 20 205 20
-0.324967 1.93308 3.61381 20 205 20
-0.359255 1.94738 3.61297 20 205 20
-0.393287 1.9337 3.60702 20 205 20
-0.407127 1.90006 3.59944 20 205 20
-0.39267 1.86616 3.59468 20 205 20
-0.358382 1.85186 3.59553 20 205 20
-0.32435 1.86554 3.60148 20 205 20
-0.311129 1.89953 3.594 20 205 20
-0.325161 1.93404 3.59639 20 205 20
-0.358909 1.94839 3.60339 20 205 20
-0.392604 1.93417 3.61089 20 205 20
-0.406508 1.89971 3.6145 20 205 20
-0.392475 1.8652 3.6121 20 205 20
-0.358727 1.85085 3.6051 20 205 20
-0.325032 1.86507 3.5976 20 205 20
-0.292754 1.90107 3.67946 20 205 20
-0.306787 1.93558 3.68186 20 205 20
-0.340535 1.94993 3.68886 20 205 20
-0.37423 1.93571 3.69636 20 205 20
-0.388133 1.90125 3.69996 20 205 20
-0.374101 1.86673 3.69757 20 205 20
-0.340353 1.85239 3.69057 20 205 20
-0.306658 1.86661 3.68307 20 205 20
-0.30101 1.89964 3.66143 20 205 20
-0.313632 1.93424 3.66639 20 205 20
-0.341959 1.94945 3.68501 20 205 20
-0.369399 1.93638 3.70639 20 205 20
-0.379877 1.90267 3.71799 20 205 20
-0.367256 1.86808 3.71303 20 205 20
-0.338928 1.85286 3.69441 20 205 20
-0.311489 1.86593 3.67304 20 205 20
-0.267345 1.90524 3.70808 20 205 20
-0.279966 1.93983 3.71303 20 205 20
-0.308294 1.95505 3.73165 20 205 20
-0.335734 1.94198 3.75303 20 205 20
-0.346212 1.90827 3.76464 20 205 20
-0.333591 1.87367 3.75968 20 205 20
-0.305263 1.85846 3.74106 20 205 20
-0.277823 1.87153 3.71968 20 205 20
-0.258806 1.9055 3.729 20 205 20
-0.273742 1.93828 3.71987 20 205 20
-0.30803 1.95259 3.7204 20 205 20
-0.341585 1.94005 3.73028 20 205 20
-0.354751 1.908 3.74371 20 205 20
-0.339815 1.87523 3.75284 20 205 20
-0.305527 1.86092 3.75231 20 205 20
-0.271972 1.87346 3.74243 20 205 20
-0.246111 1.93303 3.80707 20 205 20
-0.261047 1.9658 3.79795 20 205 20
-0.295335 1.98011 3.79848 20 205 20
-0.32889 1.96757 3.80835 20 205 20
-0.342056 1.93553 3.82179 20 205 20
-0.32712 1.90275 3.83092 20 205 20
-0.292832 1.88844 3.83039 20 205 20
-0.259277 1.90098 3.82051 20 205 20
-0.262382 1.93388 3.80867 20 205 20
-0.271951 1.95656 3.80722 20 205 20
-0.294485 1.96619 3.81 20 205 20
-0.316783 1.95713 3.81538 20 205 20
-0.325785 1.93468 3.8202 20 205 20
-0.316216 1.91199 3.82164 20 205 20
-0.293682 1.90236 3.81886 20 205 20
-0.271384 1.91142 3.81349 20 205 20
-0.249514 1.94376 3.8787 20 205 20
-0.259083 1.96644 3.87726 20 205 20
-0.281617 1.97607 3.88004 20 205 20
-0.303915 1.96701 3.88542 20 205 20
-0.312916 1.94456 3.89024 20 205 20
-0.303348 1.92187 3.89168 20 205 20
-0.280814 1.91224 3.8889 20 205 20
-0.258516 1.92131 3.88353 20 205 20
-0.250127 1.94436 3.87913 20 205 20
-0.259092 1.96654 3.88234 20 205 20
-0.281016 1.97562 3.88681 20 205 20
-0.303057 1.96626 3.8899 20 205 20
-0.312304 1.94396 3.88982 20 205 20
-0.303339 1.92177 3.8866 20 205 20
-0.281415 1.9127 3.88214 20 205 20
-0.259374 1.92205 3.87904 20 205 20
-0.240196 1.94002 3.93673 20 205 20
-0.249161 1.96221 3.93995 20 205 20
-0.271085 1.97128 3.94441 20 205 20
-0.293126 1.96193 3.9475 20 205 20
-0.302373 1.93962 3.94742 20 205 20
-0.293408 1.91744 3.94421 20 205 20
-0.271484 1.90836 3.93974 20 205 20
-0.249442 1.91772 3.93665 20 205 20
-0.241465 1.94057 3.93379 20 205 20
-0.249667 1.96189 3.94008 20 205 20
-0.270532 1.97029 3.94755 20 205 20
-0.291838 1.96083 3.9518 20 205 20
-0.301104 1.93907 3.95036 20 205 20
-0.292902 1.91775 3.94407 20 205 20
-0.272036 1.90936 3.93661 20 205 20
-0.25073 1.91881 3.93235 20 205 20
-0.232573 1.93471 3.96524 20 205 20
-0.240775 1.95603 3.97154 20 205 20
-0.26164 1.96442 3.979 20 205 20
-0.282946 1.95496 3.98326 20 205 20
-0.292212 1.9332 3.98182 20 205 20
-0.28401 1.91188 3.97553 20 205 20
-0.263144 1.90349 3.96806 20 205 20
-0.241839 1.91295 3.9638 20 205 20
-0.231807 1.93371 3.97226 20 205 20
-0.240937 1.9539 3.96465 20 205 20
-0.262636 1.96241 3.96224 20 205 20
-0.284192 1.95425 3.96645 20 205 20
-0.292978 1.9342 3.9748 20 205 20
-0.283848 1.91401 3.98242 20 205 20
-0.262149 1.9055 3.98482 20 205 20
-0.240593 1.91366 3.98062 20 205 20
-0.228765 1.9607 4.04021 20 205 20
-0.237896 1.98089 4.03259 20 205 20
-0.259594 1.9894 4.03019 20 205 20
-0.28115 1.98123 4.03439 20 205 20
-0.289936 1.96119 4.04275 20 205 20
-0.280806 1.94099 4.05036 20 205 20
-0.259108 1.93249 4.05277 20 205 20
-0.237552 1.94065 4.04856 20 205 20
-0.23173 1.96085 4.03027 20 205 20
-0.239883 1.98195 4.03323 20 205 20
-0.25944 1.99075 4.04102 20 205 20
-0.278944 1.98208 4.04908 20 205 20
-0.286972 1.96103 4.05269 20 205 20
-0.278819 1.93993 4.04972 20 205 20
-0.259262 1.93114 4.04193 20 205 20
-0.239757 1.9398 4.03387 20 205 20
-0.189394 1.96257 4.13459 20 205 20
-0.197547 1.98367 4.13756 20 205 20
-0.217104 1.99247 4.14535 20 205 20
-0.236609 1.9838 4.1534 20 205 20
-0.244636 1.96275 4.15701 20 205 20
-0.236483 1.94165 4.15405 20 205 20
-0.216926 1.93286 4.14626 20 205 20
-0.197421 1.94152 4.1382 20 205 20
-0.189252 1.96268 4.13967 20 205 20
-0.197372 1.98278 4.14157 20 205 20
-0.216999 1.99109 4.14595 20 205 20
-0.236635 1.98275 4.15025 20 205 20
-0.244778 1.96264 4.15194 20 205 20
-0.236658 1.94254 4.15003 20 205 20
-0.217031 1.93423 4.14565 20 205 20
-0.197395 1.94257 4.14136 20 205 20
-0.173518 1.96229 4.21086 20 205 20
-0.181638 1.98239 4.21276 20 205 20
-0.201265 1.99071 4.21715 20 205 20
-0.220901 1.98237 4.22144 20 205 20
-0.229045 1.96226 4.22313 20 205 20
-0.220925 1.94216 4.22123 20 205 20
-0.201298 1.93384 4.21684 20 205 20
-0.181661 1.94218 4.21255 20 205 20
-0.176357 1.96417 4.22829 20 205 20
-0.182316 1.982 4.21894 20 205 20
-0.199385 1.98827 4.20845 20 205 20
-0.217565 1.97932 4.20296 20 205 20
-0.226206 1.96038 4.2057 20 205 20
-0.220246 1.94255 4.21505 20 205 20
-0.203177 1.93628 4.22554 20 205 20
-0.184998 1.94523 4.23103 20 205 20
-0.195437 1.9786 4.26796 20 205 20
-0.201397 1.99643 4.25861 20 205 20
-0.218466 2.0027 4.24812 20 205 20
-0.236645 1.99375 4.24263 20 205 20
-0.245286 1.97481 4.24536 20 205 20
-0.239327 1.95698 4.25471 20 205 20
-0.222258 1.95071 4.26521 20 205 20
-0.204078 1.95966 4.27069 20 205 20
-0.198015 1.98148 4.24278 20 205 20
-0.201184 1.99531 4.25752 20 205 20
-0.215587 1.99825 4.27176 20 205 20
-0.232787 1.98856 4.27715 20 205 20
-0.242709 1.97193 4.27054 20 205 20
-0.23954 1.95809 4.2558 20 205 20
-0.225136 1.95516 4.24156 20 205 20
-0.207936 1.96485 4.23617 20 205 20
-0.161838 1.94213 4.28749 20 205 20
-0.165007 1.95596 4.30223 20 205 20
-0.17941 1.9589 4.31647 20 205 20
-0.196611 1.94921 4.32186 20 205 20
-0.206532 1.93258 4.31525 20 205 20
-0.203363 1.91874 4.30051 20 205 20
-0.18896 1.91581 4.28627 20 205 20
-0.171759 1.9255 4.28088 20 205 20
-0.158981 1.93753 4.29698 20 205 20
-0.166242 1.95551 4.29967 20 205 20
-0.184014 1.96286 4.30335 20 205 20
-0.201886 1.95527 4.30587 20 205 20
-0.209389 1.93718 4.30576 20 205 20
-0.202128 1.9192 4.30307 20 205 20
-0.184356 1.91185 4.29939 20 205 20
-0.166484 1.91944 4.29687 20 205 20
-0.142531 1.9301 4.39119 20 205 20
-0.149792 1.94808 4.39388 20 205 20
-0.167564 1.95543 4.39756 20 205 20
-0.185436 1.94784 4.40008 20 205 20
-0.192939 1.92975 4.39997 20 205 20
-0.185678 1.91177 4.39728 20 205 20
-0.167907 1.90442 4.3936 20 205 20
-0.150034 1.91201 4.39108 20 205 20
-0.144284 1.93054 4.39898 20 205 20
-0.150718 1.94607 4.39215 20 205 20
-0.167121 1.95214 4.38733 20 205 20
-0.183883 1.9452 4.38734 20 205 20
-0.191187 1.92931 4.39218 20 205 20
-0.184752 1.91378 4.39901 20 205 20
-0.16835 1.90771 4.40383 20 205 20
-0.151587 1.91465 4.40382 20 205 20
-0.15501 1.95654 4.46823 20 205 20
-0.161444 1.97207 4.4614 20 205 20
-0.177847 1.97814 4.45658 20 205 20
-0.19461 1.9712 4.45659 20 205 20
-0.201913 1.95531 4.46142 20 205 20
-0.195478 1.93979 4.46825 20 205 20
-0.179076 1.93371 4.47307 20 205 20
-0.162313 1.94066 4.47306 20 205 20
-0.164995 1.95521 4.4476 20 205 20
-0.169447 1.97085 4.4516 20 205 20
-0.179179 1.97775 4.46335 20 205 20
-0.188491 1.97186 4.47597 20 205 20
-0.191928 1.95665 4.48205 20 205 20
-0.187476 1.94101 4.47805 20 205 20
-0.177743 1.93411 4.4663 20 205 20
-0.168431 1.93999 4.45368 20 205 20
-0.0662422 1.96364 4.52444 20 205 20
-0.0706942 1.97928 4.52844 20 205 20
-0.0804267 1.98618 4.54019 20 205 20
-0.0897385 1.98029 4.55281 20 205 20
-0.0931749 1.96508 4.55889 20 205 20
-0.0887229 1.94944 4.55489 20 205 20
-0.0789904 1.94254 4.54314 20 205 20
-0.0696786 1.94843 4.53052 20 205 20
-0.0606466 1.96427 4.54071 20 205 20
-0.0662964 1.97753 4.53835 20 205 20
-0.0798028 1.98308 4.53793 20 205 20
-0.093254 1.97766 4.5397 20 205 20
-0.0987705 1.96445 4.54262 20 205 20
-0.0931207 1.95119 4.54498 20 205 20
-0.0796143 1.94564 4.5454 20 205 20
-0.0661631 1.95106 4.54363 20 205 20
-0.056544 1.9803 4.62103 20 205 20
-0.0621938 1.99356 4.61867 20 205 20
-0.0757003 1.99911 4.61825 20 205 20
-0.0891514 1.99369 4.62002 20 205 20
-0.0946679 1.98049 4.62294 20 205 20
-0.0890181 1.96722 4.6253 20 205 20
-0.0755117 1.96167 4.62572 20 205 20
-0.0620605 1.96709 4.62395 20 205 20
-0.313922 1.86734 2.74029 20 205 20
-0.329432 1.88237 2.72439 20 205 20
-0.353377 1.89419 2.72693 20 205 20
-0.371729 1.89587 2.74642 20 205 20
-0.373739 1.88643 2.77145 20 205 20
-0.358229 1.87139 2.78735 20 205 20
-0.334284 1.85957 2.78481 20 205 20
-0.315932 1.85789 2.76532 20 205 20
-0.261809 1.96416 2.78102 20 205 20
-0.277319 1.9792 2.76512 20 205 20
-0.301263 1.99102 2.76765 20 205 20
-0.319616 1.9927 2.78714 20 205 20
-0.321626 1.98325 2.81217 20 205 20
-0.306115 1.96821 2.82807 20 205 20
-0.282171 1.95639 2.82553 20 205 20
-0.263819 1.95471 2.80604 20 205 20
-0.26916 1.9735 2.7935 20 205 20
-0.275912 1.98952 2.79228 20 205 20
-0.291923 1.99627 2.79359 20 205 20
-0.307813 1.98981 2.79665 20 205 20
-0.314275 1.97391 2.79968 20 205 20
-0.307522 1.95789 2.8009 20 205 20
-0.291511 1.95114 2.7996 20 205 20
-0.275621 1.9576 2.79653 20 205 20
-0.259307 1.98309 2.86482 20 205 20
-0.266059 1.9991 2.8636 20 205 20
-0.28207 2.00586 2.8649 20 205 20
-0.29796 1.99939 2.86796 20 205 20
-0.304422 1.9835 2.87099 20 205 20
-0.29767 1.96748 2.87221 20 205 20
-0.281659 1.96072 2.87091 20 205 20
-0.265768 1.96719 2.86785 20 205 20
-0.259388 1.98294 2.86331 20 205 20
-0.26622 1.99908 2.86221 20 205 20
-0.282216 2.00597 2.86445 20 205 20
-0.298007 1.99958 2.86871 20 205 20
-0.304341 1.98364 2.8725 20 205 20
-0.297509 1.9675 2.8736 20 205 20
-0.281513 1.96061 2.87136 20 205 20
-0.265722 1.96701 2.8671 20 205 20
-0.248165 1.99138 2.91756 20 205 20
-0.254997 2.00752 2.91646 20 205 20
-0.270994 2.01441 2.91869 20 205 20
-0.286784 2.00802 2.92296 20 205 20
-0.293119 1.99209 2.92675 20 205 20
-0.286287 1.97595 2.92785 20 205 20
-0.27029 1.96906 2.92561 20 205 20
-0.2545 1.97545 2.92135 20 205 20
-0.253235 1.99152 2.92892 20 205 20
-0.258487 2.00476 2.92776 20 205 20
-0.270859 2.01038 2.92331 20 205 20
-0.283103 2.00507 2.91818 20 205 20
-0.288049 1.99195 2.91538 20 205 20
-0.282797 1.97871 2.91655 20 205 20
-0.270425 1.97309 2.921 20 205 20
-0.25818 1.9784 2.92613 20 205 20
-0.278237 1.98726 2.99305 20 205 20
-0.283489 2.00051 2.99188 20 205 20
-0.295861 2.00612 2.98743 20 205 20
-0.308106 2.00081 2.98231 20 205 20
-0.313051 1.98769 2.97951 20 205 20
-0.307799 1.97445 2.98068 20 205 20
-0.295427 1.96884 2.98513 20 205 20
-0.283183 1.97414 2.99025 20 205 20
-0.284886 1.98579 2.97653 20 205 20
-0.289228 1.9961 2.97638 20 205 20
-0.297329 2.00136 2.98202 20 205 20
-0.304443 1.99848 2.99016 20 205 20
-0.306403 1.98916 2.99603 20 205 20
-0.30206 1.97885 2.99618 20 205 20
-0.293959 1.9736 2.99054 20 205 20
-0.286845 1.97647 2.9824 20 205 20
-0.255457 1.99865 3.00679 20 205 20
-0.259799 2.00895 3.00663 20 205 20
-0.2679 2.01421 3.01228 20 205 20
-0.275014 2.01134 3.02042 20 205 20
-0.276974 2.00202 3.02628 20 205 20
-0.272631 1.99171 3.02644 20 205 20
-0.26453 1.98645 3.02079 20 205 20
-0.257416 1.98933 3.01265 20 205 20
-0.105473 1.79426 2.12852 20 205 20
-0.117341 1.81467 2.11336 20 205 20
-0.143523 1.82414 2.10989 20 205 20
-0.168681 1.81714 2.12015 20 205 20
-0.178078 1.79776 2.13813 20 205 20
-0.16621 1.77735 2.1533 20 205 20
-0.140028 1.76787 2.15677 20 205 20
-0.11487 1.77488 2.1465 20 205 20
-0.0933246 1.85352 2.19875 20 205 20
-0.105193 1.87393 2.18358 20 205 20
-0.131375 1.8834 2.18012 20 205 20
-0.156533 1.8764 2.19038 20 205 20
-0.16593 1.85702 2.20836 20 205 20
-0.154062 1.83661 2.22353 20 205 20
-0.12788 1.82713 2.227 20 205 20
-0.102722 1.83414 2.21673 20 205 20
-0.0939222 1.85458 2.19857 20 205 20
-0.104866 1.87933 2.19316 20 205 20
-0.130315 1.88999 2.19385 20 205 20
-0.155361 1.8803 2.20021 20 205 20
-0.165333 1.85596 2.20854 20 205 20
-0.154389 1.8312 2.21395 20 205 20
-0.12894 1.82055 2.21327 20 205 20
-0.103894 1.83023 2.2069 20 205 20
-0.0815162 1.87875 2.28409 20 205 20
-0.0924601 1.9035 2.27868 20 205 20
-0.117909 1.91415 2.27936 20 205 20
-0.142955 1.90447 2.28573 20 205 20
-0.152927 1.88012 2.29406 20 205 20
-0.141983 1.85537 2.29947 20 205 20
-0.116534 1.84471 2.29878 20 205 20
-0.0914879 1.8544 2.29242 20 205 20
-0.0650487 1.88065 2.29599 20 205 20
-0.0794681 1.91529 2.2813 20 205 20
-0.116003 1.92892 2.27116 20 205 20
-0.153251 1.91356 2.27152 20 205 20
-0.169394 1.87821 2.28216 20 205 20
-0.154975 1.84358 2.29685 20 205 20
-0.11844 1.82995 2.30699 20 205 20
-0.0811915 1.8453 2.30663 20 205 20
-0.0747613 1.90581 2.36483 20 205 20
-0.0891806 1.94044 2.35013 20 205 20
-0.125715 1.95408 2.34 20 205 20
-0.162964 1.93872 2.34035 20 205 20
-0.179107 1.90337 2.351 20 205 20
-0.164687 1.86874 2.36569 20 205 20
-0.128153 1.8551 2.37582 20 205 20
-0.090904 1.87046 2.37547 20 205 20
-0.0924282 1.90406 2.35259 20 205 20
-0.102912 1.92841 2.34927 20 205 20
-0.127468 1.93882 2.35102 20 205 20
-0.151711 1.92917 2.3568 20 205 20
-0.16144 1.90512 2.36323 20 205 20
-0.150956 1.88076 2.36655 20 205 20
-0.1264 1.87036 2.3648 20 205 20
-0.102157 1.88001 2.35902 20 205 20
-0.0797108 1.92052 2.43339 20 205 20
-0.0901947 1.94488 2.43008 20 205 20
-0.11475 1.95529 2.43182 20 205 20
-0.138993 1.94564 2.4376 20 205 20
-0.148722 1.92159 2.44404 20 205 20
-0.138239 1.89723 2.44735 20 205 20
-0.113683 1.88683 2.44561 20 205 20
-0.08944 1.89648 2.43982 20 205 20
-0.0820042 1.92006 2.42699 20 205 20
-0.0921442 1.94426 2.42645 20 205 20
-0.115214 1.95487 2.4331 20 205 20
-0.137699 1.94567 2.44303 20 205 20
-0.146429 1.92206 2.45043 20 205 20
-0.136289 1.89785 2.45097 20 205 20
-0.113219 1.88724 2.44433 20 205 20
-0.0907338 1.89644 2.4344 20 205 20
-0.0606518 1.93029 2.4848 20 205 20
-0.0707918 1.9545 2.48426 20 205 20
-0.0938615 1.96511 2.4909 20 205 20
-0.116347 1.95591 2.50084 20 205 20
-0.125077 1.93229 2.50824 20 205 20
-0.114937 1.90809 2.50878 20 205 20
-0.091867 1.89748 2.50214 20 205 20
-0.0693815 1.90667 2.4922 20 205 20
-0.0594279 1.93217 2.49163 20 205 20
-0.0685976 1.95432 2.50136 20 205 20
-0.0919823 1.96298 2.50826 20 205 20
-0.115884 1.95307 2.50828 20 205 20
-0.126301 1.93041 2.50141 20 205 20
-0.117131 1.90826 2.49168 20 205 20
-0.0937462 1.8996 2.48478 20 205 20
-0.0698448 1.90951 2.48476 20 205 20
-0.0513582 1.91281 2.54329 20 205 20
-0.0605278 1.93495 2.55303 20 205 20
-0.0839126 1.94361 2.55993 20 205 20
-0.107814 1.93371 2.55995 20 205 20
-0.118231 1.91104 2.55308 20 205 20
-0.109061 1.88889 2.54334 20 205 20
-0.0856764 1.88024 2.53644 20 205 20
-0.0617751 1.89014 2.53642 20 205 20
-0.0515041 1.91159 2.54624 20 205 20
-0.061489 1.93395 2.53902 20 205 20
-0.085126 1.9434 2.53717 20 205 20
-0.108569 1.93441 2.54178 20 205 20
-0.118085 1.91225 2.55014 20 205 20
-0.1081 1.8899 2.55735 20 205 20
-0.084463 1.88045 2.5592 20 205 20
-0.0610202 1.88943 2.55459 20 205 20
-0.0455594 1.94517 2.64204 20 205 20
-0.0555443 1.96753 2.63482 20 205 20
-0.0791813 1.97698 2.63298 20 205 20
-0.102624 1.968 2.63758 20 205 20
-0.11214 1.94584 2.64594 20 205 20
-0.102155 1.92348 2.65315 20 205 20
-0.0785183 1.91403 2.655 20 205 20
-0.0550755 1.92301 2.6504 20 205 20
-0.0468582 1.94459 2.6385 20 205 20
-0.0568741 1.96659 2.63272 20 205 20
-0.0797632 1.97624 2.63355 20 205 20
-0.102117 1.96788 2.64048 20 205 20
-0.110841 1.94642 2.64947 20 205 20
-0.100825 1.92442 2.65525 20 205 20
-0.0779365 1.91477 2.65443 20 205 20
-0.0555825 1.92313 2.64749 20 205 20
-0.0340627 1.96895 2.70906 20 205 20
-0.0440787 1.99095 2.70329 20 205 20
-0.0669677 2.00059 2.70411 20 205 20
-0.0893217 1.99224 2.71104 20 205 20
-0.098046 1.97077 2.72004 20 205 20
-0.08803 1.94878 2.72581 20 205 20
-0.065141 1.93913 2.72499 20 205 20
-0.042787 1.94748 2.71805 20 205 20
-0.0343278 1.96983 2.71287 20 205 20
-0.0436452 1.99228 2.71242 20 205 20
-0.0660897 2.0016 2.71322 20 205 20
-0.0885134 1.99233 2.7148 20 205 20
-0.097781 1.9699 2.71623 20 205 20
-0.0884635 1.94744 2.71668 20 205 20
-0.0660191 1.93812 2.71588 20 205 20
-0.0435953 1.94739 2.7143 20 205 20
-0.0302927 1.97301 2.78884 20 205 20
-0.0396101 1.99547 2.78839 20 205 20
-0.0620546 2.00479 2.78919 20 205 20
-0.0844783 1.99552 2.79077 20 205 20
-0.0937459 1.97309 2.79221 20 205 20
-0.0844284 1.95063 2.79265 20 205 20
-0.061984 1.94131 2.79185 20 205 20
-0.0395602 1.95058 2.79027 20 205 20
-0.0310705 1.97323 2.79262 20 205 20
-0.0400115 1.99481 2.78837 20 205 20
-0.0618443 2.00364 2.78538 20 205 20
-0.0837797 1.99456 2.78541 20 205 20
-0.092968 1.97288 2.78843 20 205 20
-0.084027 1.9513 2.79268 20 205 20
-0.0621942 1.94246 2.79566 20 205 20
-0.0402589 1.95154 2.79564 20 205 20
-0.0353703 1.98377 2.85526 20 205 20
-0.0443113 2.00535 2.85102 20 205 20
-0.0661442 2.01419 2.84803 20 205 20
-0.0880795 2.00511 2.84805 20 205 20
-0.0972679 1.98342 2.85107 20 205 20
-0.0883269 1.96184 2.85532 20 205 20
-0.066494 1.95301 2.85831 20 205 20
-0.0445587 1.96209 2.85828 20 205 20
-0.0359753 1.98371 2.85376 20 205 20
-0.0447857 2.00374 2.84597 20 205 20
-0.0662101 2.01197 2.84239 20 205 20
-0.0876983 2.00358 2.84513 20 205 20
-0.0966629 1.98349 2.85258 20 205 20
-0.0878524 1.96346 2.86037 20 205 20
-0.066428 1.95523 2.86395 20 205 20
-0.0449398 1.96361 2.86121 20 205 20
-0.0369562 2.00152 2.90065 20 205 20
-0.0457667 2.02155 2.89286 20 205 20
-0.0671911 2.02978 2.88928 20 205 20
-0.0886793 2.0214 2.89202 20 205 20
-0.0976438 2.0013 2.89946 20 205 20
-0.0888333 1.98127 2.90726 20 205 20
-0.067409 1.97304 2.91083 20 205 20
-0.0459208 1.98143 2.9081 20 205 20
-0.03782 2.0016 2.90434 20 205 20
-0.0463201 2.02253 2.90123 20 205 20
-0.06711 2.03109 2.89743 20 205 20
-0.0880112 2.02226 2.89517 20 205 20
-0.09678 2.00122 2.89577 20 205 20
-0.0882799 1.9803 2.89888 20 205 20
-0.06749 1.97174 2.90268 20 205 20
-0.0465888 1.98056 2.90494 20 205 20
-0.0481665 2.00794 2.97524 20 205 20
-0.0566666 2.02886 2.97213 20 205 20
-0.0774565 2.03742 2.96833 20 205 20
-0.0983577 2.02859 2.96607 20 205 20
-0.107127 2.00756 2.96667 20 205 20
-0.0986264 1.98663 2.96978 20 205 20
-0.0778365 1.97807 2.97358 20 205 20
-0.0569353 1.9869 2.97584 20 205 20
-0.0502083 2.00736 2.96179 20 205 20
-0.0585138 2.02787 2.96282 20 205 20
-0.0780271 2.03658 2.96862 20 205 20
-0.0973173 2.0284 2.97579 20 205 20
-0.105085 2.00813 2.98013 20 205 20
-0.0967791 1.98763 2.97909 20 205 20
-0.0772659 1.97891 2.97329 20 205 20
-0.0579756 1.98709 2.96612 20 205 20
-0.0279846 2.01303 3.02805 20 205 20
-0.0362901 2.03353 3.02909 20 205 20
-0.0558034 2.04224 3.03489 20 205 20
-0.0750936 2.03406 3.04205 20 205 20
-0.082861 2.01379 3.04639 20 205 20
-0.0745554 1.99329 3.04536 20 205 20
-0.0550422 1.98457 3.03956 20 205 20
-0.0357519 1.99275 3.03239 20 205 20
-0.0297411 2.01631 3.04804 20 205 20
-0.0352106 2.03272 3.03537 20 205 20
-0.0525201 2.03782 3.02379 20 205 20
-0.07153 2.02862 3.02007 20 205 20
-0.0811045 2.0105 3.0264 20 205 20
-0.075635 1.99409 3.03907 20 205 20
-0.0583254 1.98899 3.05066 20 205 20
-0.0393156 1.99819 3.05437 20 205 20
-0.047006 2.03774 3.08326 20 205 20
-0.0524755 2.05415 3.07059 20 205 20
-0.069785 2.05925 3.059 20 205 20
-0.0887949 2.05005 3.05528 20 205 20
-0.0983694 2.03193 3.06161 20 205 20
-0.0928999 2.01552 3.07429 20 205 20
-0.0755903 2.01042 3.08587 20 205 20
-0.0565805 2.01962 3.08959 20 205 20
-0.0473845 2.02952 3.08148 20 205 20
-0.0585549 2.04088 3.09511 20 205 20
-0.0780042 2.04869 3.09546 20 205 20
-0.0943391 2.04839 3.08232 20 205 20
-0.0979909 2.04015 3.0634 20 205 20
-0.0868204 2.0288 3.04976 20 205 20
-0.0673712 2.02098 3.04942 20 205 20
-0.0510363 2.02128 3.06255 20 205 20
-0.0712423 1.96878 3.11253 20 205 20
-0.0824127 1.98014 3.12616 20 205 20
-0.101862 1.98795 3.12651 20 205 20
-0.118197 1.98765 3.11337 20 205 20
-0.121849 1.97941 3.09444 20 205 20
-0.110678 1.96806 3.08081 20 205 20
-0.091229 1.96024 3.08046 20 205 20
-0.0748941 1.96054 3.0936 20 205 20
-0.0708416 1.97363 3.09804 20 205 20
-0.0786989 1.99208 3.09652 20 205 20
-0.0970104 2 3.09908 20 205 20
-0.11505 1.99274 3.10422 20 205 20
-0.122249 1.97456 3.10893 20 205 20
-0.114392 1.95611 3.11045 20 205 20
-0.0960806 1.94819 3.10789 20 205 20
-0.0780414 1.95545 3.10275 20 205 20
-0.0304541 2.00628 3.2858 20 205 20
-0.0383113 2.02473 3.28429 20 205 20
-0.0566229 2.03265 3.28685 20 205 20
-0.0746621 2.02539 3.29199 20 205 20
-0.0818618 2.00721 3.2967 20 205 20
-0.0740046 1.98876 3.29822 20 205 20
-0.0556931 1.98084 3.29566 20 205 20
-0.0376539 1.9881 3.29051 20 205 20
-0.0374025 2.00441 3.27937 20 205 20
-0.0445459 2.01981 3.27736 20 205 20
-0.0584915 2.02755 3.28349 20 205 20
-0.0710702 2.02311 3.29417 20 205 20
-0.0749134 2.00908 3.30314 20 205 20
-0.06777 1.99369 3.30515 20 205 20
-0.0538244 1.98594 3.29902 20 205 20
-0.0412458 1.99039 3.28834 20 205 20
-0.0078341 2.02373 3.32223 20 205 20
-0.0149775 2.03912 3.32022 20 205 20
-0.0289232 2.04687 3.32635 20 205 20
-0.0415018 2.04242 3.33703 20 205 20
-0.0453451 2.0284 3.346 20 205 20
-0.0382016 2.013 3.34801 20 205 20
-0.024256 2.00526 3.34188 20 205 20
-0.0116774 2.0097 3.3312 20 205 20
-0.00588489 2.02584 3.33514 20 205 20
-0.0121085 2.03921 3.34098 20 205 20
-0.0268149 2.04488 3.34281 20 205 20
-0.0413893 2.03953 3.33954 20 205 20
-0.0472943 2.02629 3.33309 20 205 20
-0.0410707 2.01291 3.32724 20 205 20
-0.0263643 2.00724 3.32542 20 205 20
-0.0117898 2.0126 3.32869 20 205 20
-0.010817 1.98401 3.4256 20 205 20
-0.0170406 1.99738 3.43144 20 205 20
-0.031747 2.00305 3.43326 20 205 20
-0.0463215 1.9977 3.42999 20 205 20
-0.0522264 1.98446 3.42355 20 205 20
-0.0460028 1.97108 3.4177 20 205 20
-0.0312964 1.96541 3.41588 20 205 20
-0.016722 1.97076 3.41915 20 205 20
-0.0155307 1.98505 3.4282 20 205 20
-0.0196383 1.99532 3.42224 20 205 20
-0.0307071 1.99909 3.41764 20 205 20
-0.042253 1.99416 3.41711 20 205 20
-0.0475127 1.98342 3.42095 20 205 20
-0.0434051 1.97315 3.42691 20 205 20
-0.0323364 1.96937 3.4315 20 205 20
-0.0207904 1.9743 3.43204 20 205 20
-0.0307565 2.01414 3.4888 20 205 20
-0.0348641 2.02441 3.48283 20 205 20
-0.0459328 2.02818 3.47824 20 205 20
-0.0574788 2.02326 3.4777 20 205 20
-0.0627385 2.01251 3.48154 20 205 20
-0.0586309 2.00224 3.4875 20 205 20
-0.0475622 1.99846 3.4921 20 205 20
-0.0360162 2.00339 3.49263 20 205 20
-0.121285 1.79553 2.13745 20 205 20
-0.127623 1.81007 2.13957 20 205 20
-0.14225 1.81637 2.13803 20 205 20
-0.1566 1.81074 2.13374 20 205 20
-0.162266 1.79648 2.12921 20 205 20
-0.155929 1.78194 2.12709 20 205 20
-0.141301 1.77564 2.12862 20 205 20
-0.126951 1.78127 2.13292 20 205 20
-0.144211 1.76937 2.24839 20 205 20
-0.150548 1.78391 2.25051 20 205 20
-0.165175 1.79021 2.24898 20 205 20
-0.179525 1.78458 2.24468 20 205 20
-0.185191 1.77032 2.24015 20 205 20
-0.178854 1.75578 2.23803 20 205 20
-0.164226 1.74948 2.23957 20 205 20
-0.149876 1.75511 2.24386 20 205 20
-0.150094 1.7698 2.25001 20 205 20
-0.154404 1.78091 2.24849 20 205 20
-0.164745 1.78553 2.24451 20 205 20
-0.175061 1.78097 2.24038 20 205 20
-0.179308 1.76989 2.23854 20 205 20
-0.174998 1.75878 2.24005 20 205 20
-0.164656 1.75415 2.24404 20 205 20
-0.154341 1.75872 2.24816 20 205 20
-0.171275 1.76893 2.30395 20 205 20
-0.175585 1.78004 2.30243 20 205 20
-0.185927 1.78467 2.29845 20 205 20
-0.196242 1.7801 2.29432 20 205 20
-0.200489 1.76902 2.29248 20 205 20
-0.196179 1.75791 2.29399 20 205 20
-0.185837 1.75328 2.29798 20 205 20
-0.175522 1.75785 2.3021 20 205 20
-0.147489 1.76322 2.03483 20 205 20
-0.144935 1.77019 2.04978 20 205 20
-0.151206 1.76792 2.06508 20 205 20
-0.162628 1.75775 2.07177 20 205 20
-0.172511 1.74563 2.06593 20 205 20
-0.175064 1.73867 2.05097 20 205 20
-0.168793 1.74093 2.03567 20 205 20
-0.157371 1.7511 2.02898 20 205 20
-0.0564252 1.67711 2.05939 20 205 20
-0.0538716 1.68408 2.07435 20 205 20
-0.0601425 1.68181 2.08965 20 205 20
-0.0715645 1.67164 2.09634 20 205 20
-0.0814468 1.65952 2.0905 20 205 20
-0.0840004 1.65256 2.07554 20 205 20
-0.0777295 1.65482 2.06024 20 205 20
-0.0663074 1.66499 2.05355 20 205 20
-0.0592294 1.67045 2.06126 20 205 20
-0.0605657 1.68134 2.06813 20 205 20
-0.0668053 1.6846 2.07899 20 205 20
-0.074293 1.67832 2.08748 20 205 20
-0.0786426 1.66619 2.08863 20 205 20
-0.0773062 1.6553 2.08176 20 205 20
-0.0710667 1.65203 2.0709 20 205 20
-0.063579 1.65831 2.06241 20 205 20
0.00327731 1.65197 2.10272 20 205 20
0.00194093 1.66286 2.10959 20 205 20
-0.00429862 1.66612 2.12045 20 205 20
-0.0117863 1.65984 2.12894 20 205 20
-0.016136 1.64771 2.13009 20 205 20
-0.0147996 1.63682 2.12322 20 205 20
-0.00856002 1.63355 2.11236 20 205 20
-0.00107233 1.63983 2.10386 20 205 20
-0.31227 1.65591 1.74392 20 205 20
-0.313541 1.68659 1.74931 20 205 20
-0.300855 1.70582 1.77031 20 205 20
-0.281643 1.70234 1.79461 20 205 20
-0.267159 1.67819 1.80797 20 205 20
-0.265888 1.64752 1.80258 20 205 20
-0.278575 1.62829 1.78158 20 205 20
-0.297786 1.63176 1.75728 20 205 20
-0.112741 1.69104 1.59119 20 205 20
-0.114012 1.72171 1.59658 20 205 20
-0.101326 1.74094 1.61758 20 205 20
-0.0821138 1.73746 1.64188 20 205 20
-0.0676303 1.71332 1.65524 20 205 20
-0.0663594 1.68264 1.64985 20 205 20
-0.0790456 1.66341 1.62885 20 205 20
-0.0982575 1.66689 1.60455 20 205 20
-0.107959 1.71922 1.61199 20 205 20
-0.0906995 1.72878 1.6183 20 205 20
-0.0731393 1.72276 1.62748 20 205 20
-0.0655647 1.70468 1.63417 20 205 20
-0.0724127 1.68513 1.63444 20 205 20
-0.0896719 1.67557 1.62813 20 205 20
-0.107232 1.68159 1.61895 20 205 20
-0.114807 1.69968 1.61226 20 205 20
-0.0744621 1.70649 1.5396 20 205 20
-0.0572029 1.71605 1.54591 20 205 20
-0.0396427 1.71002 1.55509 20 205 20
-0.032068 1.69194 1.56178 20 205 20
-0.038916 1.67239 1.56205 20 205 20
-0.0561752 1.66283 1.55575 20 205 20
-0.0737354 1.66886 1.54656 20 205 20
-0.0813101 1.68694 1.53987 20 205 20
-0.0325108 1.70709 1.54889 20 205 20
-0.0271157 1.68528 1.55362 20 205 20
-0.0390442 1.66591 1.55672 20 205 20
-0.0613089 1.66033 1.55637 20 205 20
-0.0808673 1.6718 1.55277 20 205 20
-0.0862624 1.6936 1.54803 20 205 20
-0.0743338 1.71297 1.54494 20 205 20
-0.0520692 1.71856 1.54529 20 205 20
-0.0285289 1.69501 1.48873 20 205 20
-0.0231338 1.6732 1.49346 20 205 20
-0.0350624 1.65383 1.49656 20 205 20
-0.057327 1.64825 1.49621 20 205 20
-0.0768854 1.65972 1.49261 20 205 20
-0.0822806 1.68152 1.48788 20 205 20
-0.070352 1.70089 1.48478 20 205 20
-0.0480873 1.70648 1.48513 20 205 20
-0.0294303 1.69396 1.48495 20 205 20
-0.0245105 1.67657 1.49804 20 205 20
-0.036108 1.65965 1.50681 20 205 20
-0.057429 1.6531 1.50613 20 205 20
-0.0759841 1.66076 1.49639 20 205 20
-0.0809039 1.67815 1.4833 20 205 20
-0.0693064 1.69508 1.47453 20 205 20
-0.0479853 1.70163 1.47521 20 205 20
-0.0182288 1.66233 1.43873 20 205 20
-0.013309 1.64494 1.45182 20 205 20
-0.0249065 1.62802 1.46059 20 205 20
-0.0462276 1.62147 1.4599 20 205 20
-0.0647826 1.62913 1.45016 20 205 20
-0.0697024 1.64652 1.43707 20 205 20
-0.0581049 1.66345 1.4283 20 205 20
-0.0367839 1.67 1.42898 20 205 20
-0.0477736 1.66677 1.437 20 205 20
-0.0310603 1.66637 1.44294 20 205 20
-0.0204658 1.65388 1.44976 20 205 20
-0.0221962 1.63661 1.45346 20 205 20
-0.0352378 1.62469 1.45188 20 205 20
-0.0519511 1.62509 1.44594 20 205 20
-0.0625456 1.63759 1.43913 20 205 20
-0.0608153 1.65485 1.43543 20 205 20
-0.0290145 1.65337 1.38328 20 205 20
-0.0123012 1.65297 1.38922 20 205 20
-0.00170669 1.64048 1.39603 20 205 20
-0.00343706 1.62321 1.39973 20 205 20
-0.0164787 1.61129 1.39816 20 205 20
-0.033192 1.61169 1.39222 20 205 20
-0.0437865 1.62418 1.3854 20 205 20
-0.0420561 1.64145 1.3817 20 205 20
-0.0160929 1.64867 1.38417 20 205 20
-0.00648478 1.64167 1.39231 20 205 20
-0.00640258 1.6292 1.39952 20 205 20
-0.0158945 1.61856 1.40157 20 205 20
-0.0294003 1.61598 1.39727 20 205 20
-0.0390084 1.62298 1.38913 20 205 20
-0.0390906 1.63546 1.38192 20 205 20
-0.0295987 1.6461 1.37987 20 205 20
0.00301786 1.62301 1.33954 20 205 20
0.012626 1.61601 1.34768 20 205 20
0.0127082 1.60353 1.35488 20 205 20
0.0032163 1.59289 1.35694 20 205 20
-0.0102895 1.59032 1.35264 20 205 20
-0.0198976 1.59732 1.3445 20 205 20
-0.0199798 1.60979 1.33729 20 205 20
-0.0104879 1.62043 1.33523 20 205 20
-0.015348 1.61528 1.33526 20 205 20
-0.00582651 1.62381 1.34064 20 205 20
0.00497824 1.6223 1.34921 20 205 20
0.010737 1.61163 1.35595 20 205 20
0.00807637 1.59805 1.35691 20 205 20
-0.0014451 1.58951 1.35153 20 205 20
-0.0122498 1.59102 1.34296 20 205 20
-0.0180086 1.60169 1.33622 20 205 20
0.0153142 1.60642 1.29505 20 205 20
0.0248357 1.61496 1.30043 20 205 20
0.0356404 1.61345 1.309 20 205 20
0.0413992 1.60278 1.31574 20 205 20
0.0387386 1.5892 1.3167 20 205 20
0.0292171 1.58066 1.31132 20 205 20
0.0184123 1.58217 1.30275 20 205 20
0.0126536 1.59284 1.29601 20 205 20
1.27482 1.09163 4.82637 20 205 20
1.26878 1.10938 4.83273 20 205 20
1.25279 1.11615 4.84224 20 205 20
1.23621 1.10797 4.84933 20 205 20
1.22876 1.08963 4.84985 20 205 20
1.2348 1.07188 4.84349 20 205 20
1.25079 1.06511 4.83398 20 205 20
1.26737 1.07329 4.82689 20 205 20
1.33212 1.07147 4.93709 20 205 20
1.32608 1.08922 4.94344 20 205 20
1.31009 1.09599 4.95295 20 205 20
1.29351 1.08781 4.96004 20 205 20
1.28606 1.06948 4.96056 20 205 20
1.2921 1.05172 4.95421 20 205 20
1.30809 1.04495 4.9447 20 205 20
1.32467 1.05313 4.9376 20 205 20
1.33095 1.07081 4.94049 20 205 20
1.32478 1.0872 4.94421 20 205 20
1.30942 1.0938 4.95063 20 205 20
1.29387 1.08673 4.956 20 205 20
1.28723 1.07014 4.95716 20 205 20
1.2934 1.05375 4.95344 20 205 20
1.30876 1.04715 4.94702 20 205 20
1.32431 1.05422 4.94165 20 205 20
1.35607 1.06537 5.00614 20 205 20
1.3499 1.08176 5.00985 20 205 20
1.33454 1.08836 5.01628 20 205 20
1.31899 1.08129 5.02164 20 205 20
1.31235 1.0647 5.02281 20 205 20
1.31851 1.04831 5.01909 20 205 20
1.33387 1.04171 5.01267 20 205 20
1.34943 1.04878 5.0073 20 205 20
1.35486 1.0653 5.00812 20 205 20
1.349 1.08045 5.01121 20 205 20
1.33447 1.08657 5.0162 20 205 20
1.31979 1.08008 5.02019 20 205 20
1.31355 1.06477 5.02082 20 205 20
1.31942 1.04962 5.01774 20 205 20
1.33395 1.0435 5.01274 20 205 20
1.34863 1.04999 5.00876 20 205 20
1.37507 1.05979 5.07364 20 205 20
1.36921 1.07494 5.07673 20 205 20
1.35468 1.08106 5.08172 20 205 20
1.34 1.07457 5.08571 20 205 20
1.33377 1.05926 5.08634 20 205 20
1.33963 1.04411 5.08326 20 205 20
1.35416 1.03799 5.07826 20 205 20
1.36884 1.04448 5.07428 20 205 20
1.37212 1.0604 5.07226 20 205 20
1.36755 1.07348 5.07744 20 205 20
1.35529 1.07839 5.08411 20 205 20
1.34252 1.07225 5.08837 20 205 20
1.33672 1.05865 5.08772 20 205 20
1.34129 1.04557 5.08255 20 205 20
1.35355 1.04066 5.07587 20 205 20
1.36632 1.0468 5.07161 20 205 20
1.40746 1.04157 5.15103 20 205 20
1.40289 1.05466 5.1562 20 205 20
1.39063 1.05957 5.16288 20 205 20
1.37786 1.05343 5.16714 20 205 20
1.37206 1.03983 5.16649 20 205 20
1.37663 1.02674 5.16132 20 205 20
1.38889 1.02183 5.15464 20 205 20
1.40166 1.02798 5.15038 20 205 20
1.40404 1.04025 5.15788 20 205 20
1.39953 1.04619 5.14987 20 205 20
1.38931 1.04893 5.14706 20 205 20
1.37935 1.04684 5.15111 20 205 20
1.37549 1.04116 5.15964 20 205 20
1.37999 1.03521 5.16765 20 205 20
1.39022 1.03248 5.17046 20 205 20
1.40018 1.03457 5.16641 20 205 20
1.40653 1.07351 5.18116 20 205 20
1.40203 1.07946 5.17314 20 205 20
1.3918 1.08219 5.17034 20 205 20
1.38184 1.0801 5.17438 20 205 20
1.37798 1.07442 5.18292 20 205 20
1.38248 1.06847 5.19093 20 205 20
1.39271 1.06574 5.19374 20 205 20
1.40267 1.06783 5.18969 20 205 20
1.27492 1.09 4.86352 20 205 20
1.26771 1.11447 4.85707 20 205 20
1.25117 1.12497 4.83951 20 205 20
1.23499 1.11535 4.82113 20 205 20
1.22866 1.09125 4.81269 20 205 20
1.23587 1.06679 4.81914 20 205 20
1.25241 1.05629 4.8367 20 205 20
1.26859 1.06591 4.85508 20 205 20
1.16767 1.08406 4.961 20 205 20
1.16045 1.10853 4.95455 20 205 20
1.14391 1.11902 4.93699 20 205 20
1.12774 1.10941 4.9186 20 205 20
1.1214 1.08531 4.91016 20 205 20
1.12862 1.06085 4.91661 20 205 20
1.14516 1.05035 4.93417 20 205 20
1.16133 1.05997 4.95256 20 205 20
1.16204 1.08484 4.92737 20 205 20
1.15702 1.09846 4.93027 20 205 20
1.14469 1.10401 4.93628 20 205 20
1.13226 1.09824 4.94187 20 205 20
1.12703 1.08453 4.94378 20 205 20
1.13205 1.07091 4.94089 20 205 20
1.14438 1.06537 4.93488 20 205 20
1.1568 1.07113 4.92929 20 205 20
1.1899 1.08248 4.98678 20 205 20
1.18488 1.09609 4.98968 20 205 20
1.17255 1.10164 4.99568 20 205 20
1.16013 1.09587 5.00128 20 205 20
1.15489 1.08217 5.00319 20 205 20
1.15991 1.06855 5.00029 20 205 20
1.17224 1.063 4.99429 20 205 20
1.18466 1.06877 4.98869 20 205 20
1.18846 1.08234 4.99483 20 205 20
1.18377 1.09348 4.99707 20 205 20
1.17241 1.09809 4.99808 20 205 20
1.16105 1.09346 4.99728 20 205 20
1.15633 1.08231 4.99514 20 205 20
1.16102 1.07116 4.9929 20 205 20
1.17238 1.06656 4.99189 20 205 20
1.18374 1.07118 4.99269 20 205 20
1.18905 1.07011 5.05707 20 205 20
1.18436 1.08125 5.05931 20 205 20
1.173 1.08586 5.06032 20 205 20
1.16164 1.08123 5.05952 20 205 20
1.15692 1.07008 5.05737 20 205 20
1.16162 1.05893 5.05514 20 205 20
1.17297 1.05433 5.05413 20 205 20
1.18434 1.05895 5.05493 20 205 20
0.778439 1.08279 3.19826 20 205 20
0.767549 1.10551 3.195 20 205 20
0.747835 1.11764 3.20546 20 205 20
0.730845 1.11209 3.2235 20 205 20
0.726533 1.09209 3.23857 20 205 20
0.737423 1.06938 3.24183 20 205 20
0.757137 1.05724 3.23137 20 205 20
0.774126 1.0628 3.21332 20 205 20
0.864589 1.13817 3.2964 20 205 20
0.853699 1.16089 3.29315 20 205 20
0.833985 1.17302 3.3036 20 205 20
0.816995 1.16746 3.32165 20 205 20
0.812683 1.14747 3.33672 20 205 20
0.823573 1.12476 3.33997 20 205 20
0.843287 1.11262 3.32952 20 205 20
0.860276 1.11818 3.31147 20 205 20
0.878792 1.14382 3.29897 20 205 20
0.867737 1.17434 3.30749 20 205 20
0.839635 1.1864 3.32132 20 205 20
0.810948 1.17293 3.33236 20 205 20
0.79848 1.14182 3.33415 20 205 20
0.809535 1.1113 3.32563 20 205 20
0.837637 1.09924 3.3118 20 205 20
0.866324 1.11271 3.30076 20 205 20
0.907002 1.13619 3.36295 20 205 20
0.895947 1.16671 3.37146 20 205 20
0.867845 1.17877 3.38529 20 205 20
0.839158 1.1653 3.39634 20 205 20
0.82669 1.13419 3.39812 20 205 20
0.837745 1.10367 3.38961 20 205 20
0.865847 1.09161 3.37578 20 205 20
0.894534 1.10508 3.36474 20 205 20
0.907381 1.1358 3.36382 20 205 20
0.895941 1.16655 3.3709 20 205 20
0.867458 1.17893 3.38362 20 205 20
0.838616 1.16569 3.39454 20 205 20
0.826312 1.13458 3.39725 20 205 20
0.837752 1.10383 3.39018 20 205 20
0.866235 1.09145 3.37746 20 205 20
0.895076 1.1047 3.36654 20 205 20
0.928693 1.13187 3.41536 20 205 20
0.917253 1.16262 3.42243 20 205 20
0.88877 1.175 3.43516 20 205 20
0.859929 1.16176 3.44607 20 205 20
0.847625 1.13065 3.44879 20 205 20
0.859065 1.0999 3.44172 20 205 20
0.887548 1.08753 3.42899 20 205 20
0.916389 1.10077 3.41808 20 205 20
0.928906 1.13025 3.42361 20 205 20
0.916253 1.15916 3.4192 20 205 20
0.887143 1.17172 3.42233 20 205 20
0.858628 1.16059 3.43117 20 205 20
0.847412 1.13228 3.44054 20 205 20
0.860065 1.10337 3.44495 20 205 20
0.889175 1.0908 3.44182 20 205 20
0.91769 1.10193 3.43298 20 205 20
0.944498 1.14819 3.49648 20 205 20
0.931845 1.17709 3.49207 20 205 20
0.902735 1.18966 3.49521 20 205 20
0.87422 1.17853 3.50405 20 205 20
0.863004 1.15022 3.51342 20 205 20
0.875657 1.12131 3.51782 20 205 20
0.904767 1.10874 3.51469 20 205 20
0.933282 1.11987 3.50585 20 205 20
0.941304 1.14803 3.48963 20 205 20
0.929477 1.17674 3.48992 20 205 20
0.90258 1.18932 3.49901 20 205 20
0.876369 1.1784 3.51158 20 205 20
0.866198 1.15037 3.52026 20 205 20
0.878025 1.12166 3.51998 20 205 20
0.904922 1.10908 3.51089 20 205 20
0.931134 1.12 3.49832 20 205 20
0.970229 1.15925 3.55969 20 205 20
0.958401 1.18796 3.55997 20 205 20
0.931504 1.20054 3.56907 20 205 20
0.905293 1.18962 3.58164 20 205 20
0.895122 1.16159 3.59032 20 205 20
0.906949 1.13288 3.59004 20 205 20
0.933847 1.1203 3.58095 20 205 20
0.960058 1.13122 3.56837 20 205 20
0.973859 1.16023 3.56316 20 205 20
0.961661 1.19057 3.56567 20 205 20
0.932484 1.20325 3.57365 20 205 20
0.903419 1.19084 3.58242 20 205 20
0.891492 1.16061 3.58685 20 205 20
0.90369 1.13027 3.58434 20 205 20
0.932867 1.11759 3.57636 20 205 20
0.961932 1.13 3.56759 20 205 20
0.989972 1.16208 3.61915 20 205 20
0.977775 1.19242 3.62165 20 205 20
0.948597 1.2051 3.62963 20 205 20
0.919533 1.19269 3.63841 20 205 20
0.907606 1.16246 3.64284 20 205 20
0.919804 1.13212 3.64033 20 205 20
0.948981 1.11944 3.63235 20 205 20
0.978046 1.13185 3.62358 20 205 20
0.974041 1.161 3.61858 20 205 20
0.965748 1.1809 3.6184 20 205 20
0.947521 1.18988 3.62559 20 205 20
0.930037 1.18269 3.63595 20 205 20
0.923537 1.16354 3.6434 20 205 20
0.93183 1.14364 3.64359 20 205 20
0.950057 1.13466 3.63639 20 205 20
0.967541 1.14185 3.62604 20 205 20
1.00323 1.17371 3.67669 20 205 20
0.994938 1.1936 3.67651 20 205 20
0.976711 1.20259 3.6837 20 205 20
0.959227 1.1954 3.69405 20 205 20
0.952728 1.17624 3.70151 20 205 20
0.96102 1.15635 3.70169 20 205 20
0.979247 1.14736 3.6945 20 205 20
0.996731 1.15456 3.68415 20 205 20
1.00366 1.17439 3.68006 20 205 20
0.995722 1.19366 3.68029 20 205 20
0.977392 1.20199 3.68568 20 205 20
0.959406 1.19449 3.69308 20 205 20
0.952301 1.17556 3.69815 20 205 20
0.960237 1.15629 3.69792 20 205 20
0.978567 1.14797 3.69252 20 205 20
0.996552 1.15546 3.68512 20 205 20
1.02542 1.18262 3.74132 20 205 20
1.01749 1.20189 3.74155 20 205 20
0.999159 1.21022 3.74694 20 205 20
0.981173 1.20272 3.75434 20 205 20
0.974068 1.1838 3.75941 20 205 20
0.982004 1.16453 3.75918 20 205 20
1.00033 1.1562 3.75379 20 205 20
1.01832 1.1637 3.74639 20 205 20
1.02356 1.1827 3.73943 20 205 20
1.01623 1.20131 3.741 20 205 20
0.99924 1.20931 3.74805 20 205 20
0.982548 1.20203 3.75646 20 205 20
0.975931 1.18372 3.7613 20 205 20
0.983265 1.16511 3.75973 20 205 20
1.00025 1.15711 3.75268 20 205 20
1.01694 1.16439 3.74427 20 205 20
1.0625 1.19094 3.82386 20 205 20
1.05517 1.20955 3.82543 20 205 20
1.03818 1.21755 3.83248 20 205 20
1.02149 1.21026 3.84089 20 205 20
1.01487 1.19195 3.84573 20 205 20
1.0222 1.17335 3.84416 20 205 20
1.03919 1.16534 3.83711 20 205 20
1.05588 1.17263 3.8287 20 205 20
1.0608 1.18735 3.82501 20 205 20
1.05142 1.20097 3.81612 20 205 20
1.03459 1.20901 3.81818 20 205 20
1.02015 1.20676 3.82996 20 205 20
1.01657 1.19555 3.84458 20 205 20
1.02595 1.18193 3.85347 20 205 20
1.04279 1.17388 3.85142 20 205 20
1.05722 1.17613 3.83963 20 205 20
1.09469 1.24491 3.87748 20 205 20
1.08532 1.25853 3.86859 20 205 20
1.06848 1.26657 3.87065 20 205 20
1.05404 1.26433 3.88243 20 205 20
1.05047 1.25311 3.89705 20 205 20
1.05984 1.23949 3.90594 20 205 20
1.07668 1.23145 3.90389 20 205 20
1.09111 1.23369 3.8921 20 205 20
1.09369 1.24569 3.8798 20 205 20
1.08516 1.25755 3.87049 20 205 20
1.06925 1.26441 3.871 20 205 20
1.0553 1.26225 3.88104 20 205 20
1.05146 1.25234 3.89473 20 205 20
1.06 1.24048 3.90404 20 205 20
1.0759 1.23362 3.90353 20 205 20
1.08986 1.23577 3.89349 20 205 20
1.10802 1.27692 3.90644 20 205 20
1.09949 1.28878 3.89712 20 205 20
1.08358 1.29564 3.89763 20 205 20
1.06963 1.29348 3.90767 20 205 20
1.06579 1.28357 3.92136 20 205 20
1.07433 1.27171 3.93068 20 205 20
1.09023 1.26485 3.93017 20 205 20
1.10419 1.26701 3.92013 20 205 20
1.10507 1.28386 3.92477 20 205 20
1.10231 1.2952 3.9132 20 205 20
1.09052 1.29777 3.90203 20 205 20
1.07662 1.29008 3.89782 20 205 20
1.06875 1.27663 3.90303 20 205 20
1.07151 1.26529 3.9146 20 205 20
1.08329 1.26272 3.92577 20 205 20
1.09719 1.27041 3.92998 20 205 20
1.08134 1.30975 3.95578 20 205 20
1.07858 1.32109 3.9442 20 205 20
1.0668 1.32366 3.93303 20 205 20
1.0529 1.31597 3.92882 20 205 20
1.04502 1.30252 3.93403 20 205 20
1.04779 1.29119 3.94561 20 205 20
1.05957 1.28861 3.95677 20 205 20
1.07347 1.2963 3.96099 20 205 20
1.08006 1.30602 3.93421 20 205 20
1.07503 1.32018 3.93706 20 205 20
1.06307 1.32611 3.94451 20 205 20
1.05117 1.32034 3.95218 20 205 20
1.04631 1.30625 3.95559 20 205 20
1.05134 1.2921 3.95274 20 205 20
1.0633 1.28617 3.9453 20 205 20
1.0752 1.29194 3.93763 20 205 20
1.15833 1.30893 4.05772 20 205 20
1.15331 1.32309 4.06057 20 205 20
1.14134 1.32902 4.06801 20 205 20
1.12945 1.32325 4.07569 20 205 20
1.12459 1.30916 4.0791 20 205 20
1.12961 1.29501 4.07625 20 205 20
1.14157 1.28908 4.06881 20 205 20
1.15347 1.29485 4.06113 20 205 20
0.000546353 1.23524 0.301204 20 205 20
-0.00497522 1.24814 0.30628 20 205 20
-0.0186506 1.25333 0.309201 20 205 20
-0.032469 1.24779 0.308256 20 205 20
-0.0383358 1.23475 0.303998 20 205 20
-0.0328142 1.22185 0.298922 20 205 20
-0.0191388 1.21666 0.296001 20 205 20
-0.00532039 1.2222 0.296946 20 205 20
0.00537085 1.21245 0.364354 20 205 20
-0.000150727 1.22535 0.36943 20 205 20
-0.0138262 1.23054 0.372351 20 205 20
-0.0276446 1.225 0.371406 20 205 20
-0.0335113 1.21196 0.367148 20 205 20
-0.0279897 1.19906 0.362072 20 205 20
-0.0143143 1.19386 0.359151 20 205 20
-0.000495898 1.19941 0.360096 20 205 20
0.00198237 1.21319 0.363604 20 205 20
-0.0020238 1.22042 0.372874 20 205 20
-0.0130866 1.22283 0.377971 20 205 20
-0.0247256 1.21902 0.375911 20 205 20
-0.0301228 1.21122 0.367899 20 205 20
-0.0261166 1.20399 0.358629 20 205 20
-0.0150538 1.20158 0.353531 20 205 20
-0.00341484 1.20538 0.355592 20 205 20
0.0107023 1.16357 0.406057 20 205 20
0.00669617 1.1708 0.415327 20 205 20
-0.00436664 1.17322 0.420425 20 205 20
-0.0160056 1.16941 0.418364 20 205 20
-0.0214028 1.1616 0.410352 20 205 20
-0.0173967 1.15438 0.401083 20 205 20
-0.00633387 1.15196 0.395985 20 205 20
0.00530513 1.15577 0.398045 20 205 20
3 0 1 9
3 9 8 0
3 1 2 10
3 10 9 1
3 2 3 11
3 11 10 2
3 3 4 12
3 12 11 3
3 4 5 13
3 13 12 4
3 5 6 14
3 14 13 5
3 6 7 15
3 15 14 6
3 7 0 8
3 8 15 7
3 16 17 25
3 25 24 16
3 17 18 26
3 26 25 17
3 18 19 27
3 27 26 18
3 19 20 28
3 28 27 19
3 20 21 29
3 29 28 20
3 21 22 30
3 30 29 21
3 22 23 31
3 31 30 22
3 23 16 24
3 24 31 23
3 32 33 41
3 41 40 32
3 33 34 42
3 42 41 33
3 34 35 43
3 43 42 34
3 35 36 44
3 44 43 35
3 36 37 45
3 45 44 36
3 37 38 46
3 46 45 37
3 38 39 47
3 47 46 38
3 39 32 40
3 40 47 39
3 48 49 57
3 57 56 48
3 49 50 58
3 58 57 49
3 50 51 59
3 59 58 50
3 51 52 60
3 60 59 51
3 52 53 61
3 61 60 52
3 53 54 62
3 62 61 53
3 54 55 63
3 63 62 54
3 55 48 56
3 56 63 55
3 64 65 73
3 73 72 64
3 65 66 74
3 74 73 65
3 66 67 75
3 75 74 66
3 67 68 76
3 76 75 67
3 68 69 77
3 77 76 68
3 69 70 78
3 78 77 69
3 70 71 79
3 79 78 70
3 71 64 72
3 72 79 71
3 80 81 89
3 89 88 80
3 81 82 90
3 90 89 81
3 82 83 91
3 91 90 82
3 83 84 92
3 92 91 83
3 84 85 93
3 93 92 84
3 85 86 94
3 94 93 85
3 86 87 95
3 95 94 86
3 87 80 88
3 88 95 87
3 96 97 105
3 105 104 96
3 97 98 106
3 106 105 97
3 98 99 107
3 107 106 98
3 99 100 108
3 108 107 99
3 100 101 109
3 109 108 100
3 101 102 110
3 110 109 101
3 102 103 111
3 111 110 102
3 103 96 104
3 104 111 103
3 112 113 121
3 121 120 112
3 113 114 122
3 122 121 113
3 114 115 123
3 123 122 114
3 115 116 124
3 124 123 115
3 116 117 125
3 125 124 116
3 117 118 126
3 126 125 117
3 118 119 127
3 127 126 118
3 119 112 120
3 120 127 119
3 128 129 137
3 137 136 128
3 129 130 138
3 138 137 129
3 130 131 139
3 139 138 130
3 131 132 140
3 140 139 131
3 132 133 141
3 141 140 132
3 133 134 142
3 142 141 133
3 134 135 143
3 143 142 134
3 135 128 136
3 136 143 135
3 144 145 153
3 153 152 144
3 145 146 154
3 154 153 145
3 146 147 155
3 155 154 146
3 147 148 156
3 156 155 147
3 148 149 157
3 157 156 148
3 149 150 158
3 158 157 149
3 150 151 159
3 159 158 150
3 151 144 152
3 152 159 151
3 160 161 169
3 169 168 160
3 161 162 170
3 170 169 161
3 162 163 171
3 171 170 162
3 163 164 172
3 172 171 163
3 164 165 173
3 173 172 164
3 165 166 174
3 174 173 165
3 166 167 175
3 175 174 166
3 167 160 168
3 168 175 167
3 176 177 185
3 185 184 176
3 177 178 186
3 186 185 177
3 178 179 187
3 187 186 178
3 179 180 188
3 188 187 179
3 180 181 189
3 189 188 180
3 181 182 190
3 190 189 181
3 182 183 191
3 191 190 182
3 183 176 184
3 184 191 183
3 192 193 201
3 201 200 192
3 193 194 202
3 202 201 193
3 194 195 203
3 203 202 194
3 195 196 204
3 204 203 195
3 196 197 205
3 205 204 196
3 197 198 206
3 206 205 197
3 198 199 207
3 207 206 198
3 199 192 200
3 200 207 199
3 208 209 217
3 217 216 208
3 209 210 218
3 218 217 209
3 210 211 219
3 219 218 210
3 211 212 220
3 220 219 211
3 212 213 221
3 221 220 212
3 213 214 222
3 222 221 213
3 214 215 223
3 223 222 214
3 215 208 216
3 216 223 215
3 224 225 233
3 233 232 224
3 225 226 234
3 234 233 225
3 226 227 235
3 235 234 226
3 227 228 236
3 236 235 227
3 228 229 237
3 237 236 228
3 229 230 238
3 238 237 229
3 230 231 239
3 239 238 230
3 231 224 232
3 232 239 231
3 240 241 249
3 249 248 240
3 241 242 250
3 250 249 241
3 242 243 251
3 251 250 242
3 243 244 252
3 252 251 243
3 244 245 253
3 253 252 244
3 245 246 254
3 254 253 245
3 246 247 255
3 255 254 246
3 247 240 248
3 248 255 247
3 256 257 265
3 265 264 256
3 257 258 266
3 266 265 257
3 258 259 267
3 267 266 258
3 259 260 268
3 268 267 259
3 260 261 269
3 269 268 260
3 261 262 270
3 270 269 261
3 262 263 271
3 271 270 262
3 263 256 264
3 264 271 263
3 272 273 281
3 281 280 272
3 273 274 282
3 282 281 273
3 274 275 283
3 283 282 274
3 275 276 284
3 284 283 275
3 276 277 285
3 285 284 276
3 277 278 286
3 286 285 277
3 278 279 287
3 287 286 278
3 279 272 280
3 280 287 279
3 288 289 297
3 297 296 288
3 289 290 298
3 298 297 289
3 290 291 299
3 299 298 290
3 291 292 300
3 300 299 291
3 292 293 301
3 301 300 292
3 293 294 302
3 302 301 293
3 294 295 303
3 303 302 294
3 295 288 296
3 296 303 295
3 304 305 313
3 313 312 304
3 305 306 314
3 314 313 305
3 306 307 315
3 315 314 306
3 307 308 316
3 316 315 307
3 308 309 317
3 317 316 308
3 309 310 318
3 318 317 309
3 310 311 319
3 319 318 310
3 311 304 312
3 312 319 311
3 320 321 329
3 329 328 320
3 321 322 330
3 330 329 321
3 322 323 331
3 331 330 322
3 323 324 332
3 332 331 323
3 324 325 333
3 333 332 324
3 325 326 334
3 334 333 325
3 326 327 335
3 335 334 326
3 327 320 328
3 328 335 327
3 336 337 345
3 345 344 336
3 337 338 346
3 346 345 337
3 338 339 347
3 347 346 338
3 339 340 348
3 348 347 339
3 340 341 349
3 349 348 340
3 341 342 350
3 350 349 341
3 342 343 351
3 351 350 342
3 343 336 344
3 344 351 343
3 352 353 361
3 361 360 352
3 353 354 362
3 362 361 353
3 354 355 363
3 363 362 354
3 355 356 364
3 364 363 355
3 356 357 365
3 365 364 356
3 357 358 366
3 366 365 357
3 358 359 367
3 367 366 358
3 359 352 360
3 360 367 359
3 368 369 377
3 377 376 368
3 369 370 378
3 378 377 369
3 370 371 379
3 379 378 370
3 371 372 380
3 380 379 371
3 372 373 381
3 381 380 372
3 373 374 382
3 382 381 373
3 374 375 383
3 383 382 374
3 375 368 376
3 376 383 375
3 384 385 393
3 393 392 384
3 385 386 394
3 394 393 385
3 386 387 395
3 395 394 386
3 387 388 396
3 396 395 387
3 388 389 397
3 397 396 388
3 389 390 398
3 398 397 389
3 390 391 399
3 399 398 390
3 391 384 392
3 392 399 391
3 400 401 409
3 409 408 400
3 401 402 410
3 410 409 401
3 402 403 411
3 411 410 402
3 403 404 412
3 412 411 403
3 404 405 413
3 413 412 404
3 405 406 414
3 414 413 405
3 406 407 415
3 415 414 406
3 407 400 408
3 408 415 407
3 416 417 425
3 425 424 416
3 417 418 426
3 426 425 417
3 418 419 427
3 427 426 418
3 419 420 428
3 428 427 419
3 420 421 429
3 429 428 420
3 421 422 430
3 430 429 421
3 422 423 431
3 431 430 422
3 423 416 424
3 424 431 423
3 432 433 441
3 441 440 432
3 433 434 442
3 442 441 433
3 434 435 443
3 443 442 434
3 435 436 444
3 444 443 435
3 436 437 445
3 445 444 436
3 437 438 446
3 446 445 437
3 438 439 447
3 447 446 438
3 439 432 440
3 440 447 439
3 448 449 457
3 457 456 448
3 449 450 458
3 458 457 449
3 450 451 459
3 459 458 450
3 451 452 460
3 460 459 451
3 452 453 461
3 461 460 452
3 453 454 462
3 462 461 453
3 454 455 463
3 463 462 454
3 455 448 456
3 456 463 455
3 464 465 473
3 473 472 464
3 465 466 474
3 474 473 465
3 466 467 475
3 475 474 466
3 467 468 476
3 476 475 467
3 468 469 477
3 477 476 468
3 469 470 478
3 478 477 469
3 470 471 479
3 479 478 470
3 471 464 472
3 472 479 471
3 480 481 489
3 489 488 480
3 481 482 490
3 490 489 481
3 482 483 491
3 491 490 482
3 483 484 492
3 492 491 483
3 484 485 493
3 493 492 484
3 485 486 494
3 494 493 485
3 486 487 495
3 495 494 486
3 487 480 488
3 488 495 487
3 496 497 505
3 505 504 496
3 497 498 506
3 506 505 497
3 498 499 507
3 507 506 498
3 499 500 508
3 508 507 499
3 500 501 509
3 509 508 500
3 501 502 510
3 510 509 501
3 502 503 511
3 511 510 502
3 503 496 504
3 504 511 503
3 512 513 521
3 521 520 512
3 513 514 522
3 522 521 513
3 514 515 523
3 523 522 514
3 515 516 524
3 524 523 515
3 516 517 525
3 525 524 516
3 517 518 526
3 526 525 517
3 518 519 527
3 527 526 518
3 519 512 520
3 520 527 519
3 528 529 537
3 537 536 528
3 529 530 538
3 538 537 529
3 530 531 539
3 539 538 530
3 531 532 540
3 540 539 531
3 532 533 541
3 541 540 532
3 533 534 542
3 542 541 533
3 534 535 543
3 543 542 534
3 535 528 536
3 536 543 535
3 544 545 553
3 553 552 544
3 545 546 554
3 554 553 545
3 546 547 555
3 555 554 546
3 547 548 556
3 556 555 547
3 548 549 557
3 557 556 548
3 549 550 558
3 558 557 549
3 550 551 559
3 559 558 550
3 551 544 552
3 552 559 551
3 560 561 569
3 569 568 560
3 561 562 570
3 570 569 561
3 562 563 571
3 571 570 562
3 563 564 572
3 572 571 563
3 564 565 573
3 573 572 564
3 565 566 574
3 574 573 565
3 566 567 575
3 575 574 566
3 567 560 568
3 568 575 567
3 576 577 585
3 585 584 576
3 577 578 586
3 586 585 577
3 578 579 587
3 587 586 578
3 579 580 588
3 588 587 579
3 580 581 589
3 589 588 580
3 581 582 590
3 590 589 581
3 582 583 591
3 591 590 582
3 583 576 584
3 584 591 583
3 592 593 601
3 601 600 592
3 593 594 602
3 602 601 593
3 594 595 603
3 603 602 594
3 595 596 604
3 604 603 595
3 596 597 605
3 605 604 596
3 597 598 606
3 606 605 597
3 598 599 607
3 607 606 598
3 599 592 600
3 600 607 599
3 608 609 617
3 617 616 608
3 609 610 618
3 618 617 609
3 610 611 619
3 619 618 610
3 611 612 620
3 620 619 611
3 612 613 621
3 621 620 612
3 613 614 622
3 622 621 613
3 614 615 623
3 623 622 614
3 615 608 616
3 616 623 615
3 624 625 633
3 633 632 624
3 625 626 634
3 634 633 625
3 626 627 635
3 635 634 626
3 627 628 636
3 636 635 627
3 628 629 637
3 637 636 628
3 629 630 638
3 638 637 629
3 630 631 639
3 639 638 630
3 631 624 632
3 632 639 631
3 640 641 649
3 649 648 640
3 641 642 650
3 650 649 641
3 642 643 651
3 651 650 642
3 643 644 652
3 652 651 643
3 644 645 653
3 653 652 644
3 645 646 654
3 654 653 645
3 646 647 655
3 655 654 646
3 647 640 648
3 648 655 647
3 656 657 665
3 665 664 656
3 657 658 666
3 666 665 657
3 658 659 667
3 667 666 658
3 659 660 668
3 668 667 659
3 660 661 669
3 669 668 660
3 661 662 670
3 670 669 661
3 662 663 671
3 671 670 662
3 663 656 664
3 664 671 663
3 672 673 681
3 681 680 672
3 673 674 682
3 682 681 673
3 674 675 683
3 683 682 674
3 675 676 684
3 684 683 675
3 676 677 685
3 685 684 676
3 677 678 686
3 686 685 677
3 678 679 687
3 687 686 678
3 679 672 680
3 680 687 679
3 688 689 697
3 697 696 688
3 689 690 698
3 698 697 689
3 690 691 699
3 699 698 690
3 691 692 700
3 700 699 691
3 692 693 701
3 701 700 692
3 693 694 702
3 702 701 693
3 694 695 703
3 703 702 694
3 695 688 696
3 696 703 695
3 704 705 713
3 713 712 704
3 705 706 714
3 714 713 705
3 706 707 715
3 715 714 706
3 707 708 716
3 716 715 707
3 708 709 717
3 717 716 708
3 709 710 718
3 718 717 709
3 710 711 719
3 719 718 710
3 711 704 712
3 712 719 711
3 720 721 729
3 729 728 720
3 721 722 730
3 730 729 721
3 722 723 731
3 731 730 722
3 723 724 732
3 732 731 723
3 724 725 733
3 733 732 724
3 725 726 734
3 734 733 725
3 726 727 735
3 735 734 726
3 727 720 728
3 728 735 727
3 736 737 745
3 745 744 736
3 737 738 746
3 746 745 737
3 738 739 747
3 747 746 738
3 739 740 748
3 748 747 739
3 740 741 749
3 749 748 740
3 741 742 750
3 750 749 741
3 742 743 751
3 751 750 742
3 743 736 744
3 744 751 743
3 752 753 761
3 761 760 752
3 753 754 762
3 762 761 753
3 754 755 763
3 763 762 754
3 755 756 764
3 764 763 755
3 756 757 765
3 765 764 756
3 757 758 766
3 766 765 757
3 758 759 767
3 767 766 758
3 759 752 760
3 760 767 759
3 768 769 777
3 777 776 768
3 769 770 778
3 778 777 769
3 770 771 779
3 779 778 770
3 771 772 780
3 780 779 771
3 772 773 781
3 781 780 772
3 773 774 782
3 782 781 773
3 774 775 783
3 783 782 774
3 775 768 776
3 776 783 775
3 784 785 793
3 793 792 784
3 785 786 794
3 794 793 785
3 786 787 795
3 795 794 786
3 787 788 796
3 796 795 787
3 788 789 797
3 797 796 788
3 789 790 798
3 798 797 789
3 790 791 799
3 799 798 790
3 791 784 792
3 792 799 791
3 800 801 809
3 809 808 800
3 801 802 810
3 810 809 801
3 802 803 811
3 811 810 802
3 803 804 812
3 812 811 803
3 804 805 813
3 813 812 804
3 805 806 814
3 814 813 805
3 806 807 815
3 815 814 806
3 807 800 808
3 808 815 807
3 816 817 825
3 825 824 816
3 817 818 826
3 826 825 817
3 818 819 827
3 827 826 818
3 819 820 828
3 828 827 819
3 820 821 829
3 829 828 820
3 821 822 830
3 830 829 821
3 822 823 831
3 831 830 822
3 823 816 824
3 824 831 823
3 832 833 841
3 841 840 832
3 833 834 842
3 842 841 833
3 834 835 843
3 843 842 834
3 835 836 844
3 844 843 835
3 836 837 845
3 845 844 836
3 837 838 846
3 846 845 837
3 838 839 847
3 847 846 838
3 839 832 840
3 840 847 839
3 848 849 857
3 857 856 848
3 849 850 858
3 858 857 849
3 850 851 859
3 859 858 850
3 851 852 860
3 860 859 851
3 852 853 861
3 861 860 852
3 853 854 862
3 862 861 853
3 854 855 863
3 863 862 854
3 855 848 856
3 856 863 855
3 864 865 873
3 873 872 864
3 865 866 874
3 874 873 865
3 866 867 875
3 875 874 866
3 867 868 876
3 876 875 867
3 868 869 877
3 877 876 868
3 869 870 878
3 878 877 869
3 870 871 879
3 879 878 870
3 871 864 872
3 872 879 871
3 880 881 889
3 889 888 880
3 881 882 890
3 890 889 881
3 882 883 891
3 891 890 882
3 883 884 892
3 892 891 883
3 884 885 893
3 893 892 884
3 885 886 894
3 894 893 885
3 886 887 895
3 895 894 886
3 887 880 888
3 888 895 887
3 896 897 905
3 905 904 896
3 897 898 906
3 906 905 897
3 898 899 907
3 907 906 898
3 899 900 908
3 908 907 899
3 900 901 909
3 909 908 900
3 901 902 910
3 910 909 901
3 902 903 911
3 911 910 902
3 903 896 904
3 904 911 903
3 912 913 921
3 921 920 912
3 913 914 922
3 922 921 913
3 914 915 923
3 923 922 914
3 915 916 924
3 924 923 915
3 916 917 925
3 925 924 916
3 917 918 926
3 926 925 917
3 918 919 927
3 927 926 918
3 919 912 920
3 920 927 919
3 928 929 937
3 937 936 928
3 929 930 938
3 938 937 929
3 930 931 939
3 939 938 930
3 931 932 940
3 940 939 931
3 932 933 941
3 941 940 932
3 933 934 942
3 942 941 933
3 934 935 943
3 943 942 934
3 935 928 936
3 936 943 935
3 944 945 953
3 953 952 944
3 945 946 954
3 954 953 945
3 946 947 955
3 955 954 946
3 947 948 956
3 956 955 947
3 948 949 957
3 957 956 948
3 949 950 958
3 958 957 949
3 950 951 959
3 959 958 950
3 951 944 952
3 952 959 951
3 960 961 969
3 969 968 960
3 961 962 970
3 970 969 961
3 962 963 971
3 971 970 962
3 963 964 972
3 972 971 963
3 964 965 973
3 973 972 964
3 965 966 974
3 974 973 965
3 966 967 975
3 975 974 966
3 967 960 968
3 968 975 967
3 976 977 985
3 985 984 976
3 977 978 986
3 986 985 977
3 978 979 987
3 987 986 978
3 979 980 988
3 988 987 979
3 980 981 989
3 989 988 980
3 981 982 990
3 990 989 981
3 982 983 991
3 991 990 982
3 983 976 984
3 984 991 983
3 992 993 1001
3 1001 1000 992
3 993 994 1002
3 1002 1001 993
3 994 995 1003
3 1003 1002 994
3 995 996 1004
3 1004 1003 995
3 996 997 1005
3 1005 1004 996
3 997 998 1006
3 1006 1005 997
3 998 999 1007
3 1007 1006 998
3 999 992 1000
3 1000 1007 999
3 1008 1009 1017
3 1017 1016 1008
3 1009 1010 1018
3 1018 1017 1009
3 1010 1011 1019
3 1019 1018 1010
3 1011 1012 1020
3 1020 1019 1011
3 1012 1013 1021
3 1021 1020 1012
3 1013 1014 1022
3 1022 1021 1013
3 1014 1015 1023
3 1023 1022 1014
3 1015 1008 1016
3 1016 1023 1015
3 1024 1025 1033
3 1033 1032 1024
3 1025 1026 1034
3 1034 1033 1025
3 1026 1027 1035
3 1035 1034 1026
3 1027 1028 1036
3 1036 1035 1027
3 1028 1029 1037
3 1037 1036 1028
3 1029 1030 1038
3 1038 1037 1029
3 1030 1031 1039
3 1039 1038 1030
3 1031 1024 1032
3 1032 1039 1031
3 1040 1041 1049
3 1049 1048 1040
3 1041 1042 1050
3 1050 1049 1041
3 1042 1043 1051
3 1051 1050 1042
3 1043 1044 1052
3 1052 1051 1043
3 1044 1045 1053
3 1053 1052 1044
3 1045 1046 1054
3 1054 1053 1045
3 1046 1047 1055
3 1055 1054 1046
3 1047 1040 1048
3 1048 1055 1047
3 1056 1057 1065
3 1065 1064 1056
3 1057 1058 1066
3 1066 1065 1057
3 1058 1059 1067
3 1067 1066 1058
3 1059 1060 1068
3 1068 1067 1059
3 1060 1061 1069
3 1069 1068 1060
3 1061 1062 1070
3 1070 1069 1061
3 1062 1063 1071
3 1071 1070 1062
3 1063 1056 1064
3 1064 1071 1063
3 1072 1073 1081
3 1081 1080 1072
3 1073 1074 1082
3 1082 1081 1073
3 1074 1075 1083
3 1083 1082 1074
3 1075 1076 1084
3 1084 1083 1075
3 1076 1077 1085
3 1085 1084 1076
3 1077 1078 1086
3 1086 1085 1077
3 1078 1079 1087
3 1087 1086 1078
3 1079 1072 1080
3 1080 1087 1079
3 1088 1089 1097
3 1097 1096 1088
3 1089 1090 1098
3 1098 1097 1089
3 1090 1091 1099
3 1099 1098 1090
3 1091 1092 1100
3 1100 1099 1091
3 1092 1093 1101
3 1101 1100 1092
3 1093 1094 1102
3 1102 1101 1093
3 1094 1095 1103
3 1103 1102 1094
3 1095 1088 1096
3 1096 1103 1095
3 1104 1105 1113
3 1113 1112 1104
3 1105 1106 1114
3 1114 1113 1105
3 1106 1107 1115
3 1115 1114 1106
3 1107 1108 1116
3 1116 1115 1107
3 1108 1109 1117
3 1117 1116 1108
3 1109 1110 1118
3 1118 1117 1109
3 1110 1111 1119
3 1119 1118 1110
3 1111 1104 1112
3 1112 1119 1111
3 1120 1121 1129
3 1129 1128 1120
3 1121 1122 1130
3 1130 1129 1121
3 1122 1123 1131
3 1131 1130 1122
3 1123 1124 1132
3 1132 1131 1123
3 1124 1125 1133
3 1133 1132 1124
3 1125 1126 1134
3 1134 1133 1125
3 1126 1127 1135
3 1135 1134 1126
3 1127 1120 1128
3 1128 1135 1127
3 1136 1137 1145
3 1145 1144 1136
3 1137 1138 1146
3 1146 1145 1137
3 1138 1139 1147
3 1147 1146 1138
3 1139 1140 1148
3 1148 1147 1139
3 1140 1141 1149
3 1149 1148 1140
3 1141 1142 1150
3 1150 1149 1141
3 1142 1143 1151
3 1151 1150 1142
3 1143 1136 1144
3 1144 1151 1143
3 1152 1153 1161
3 1161 1160 1152
3 1153 1154 1162
3 1162 1161 1153
3 1154 1155 1163
3 1163 1162 1154
3 1155 1156 1164
3 1164 1163 1155
3 1156 1157 1165
3 1165 1164 1156
3 1157 1158 1166
3 1166 1165 1157
3 1158 1159 1167
3 1167 1166 1158
3 1159 1152 1160
3 1160 1167 1159
3 1168 1169 1177
3 1177 1176 1168
3 1169 1170 1178
3 1178 1177 1169
3 1170 1171 1179
3 1179 1178 1170
3 1171 1172 1180
3 1180 1179 1171
3 1172 1173 1181
3 1181 1180 1172
3 1173 1174 1182
3 1182 1181 1173
3 1174 1175 1183
3 1183 1182 1174
3 1175 1168 1176
3 1176 1183 1175
3 1184 1185 1193
3 1193 1192 1184
3 1185 1186 1194
3 1194 1193 1185
3 1186 1187 1195
3 1195 1194 1186
3 1187 1188 1196
3 1196 1195 1187
3 1188 1189 1197
3 1197 1196 1188
3 1189 1190 1198
3 1198 1197 1189
3 1190 1191 1199
3 1199 1198 1190
3 1191 1184 1192
3 1192 1199 1191
3 1200 1201 1209
3 1209 1208 1200
3 1201 1202 1210
3 1210 1209 1201
3 1202 1203 1211
3 1211 1210 1202
3 1203 1204 1212
3 1212 1211 1203
3 1204 1205 1213
3 1213 1212 1204
3 1205 1206 1214
3 1214 1213 1205
3 1206 1207 1215
3 1215 1214 1206
3 1207 1200 1208
3 1208 1215 1207
3 1216 1217 1225
3 1225 1224 1216
3 1217 1218 1226
3 1226 1225 1217
3 1218 1219 1227
3 1227 1226 1218
3 1219 1220 1228
3 1228 1227 1219
3 1220 1221 1229
3 1229 1228 1220
3 1221 1222 1230
3 1230 1229 1221
3 1222 1223 1231
3 1231 1230 1222
3 1223 1216 1224
3 1224 1231 1223
3 1232 1233 1241
3 1241 1240 1232
3 1233 1234 1242
3 1242 1241 1233
3 1234 1235 1243
3 1243 1242 1234
3 1235 1236 1244
3 1244 1243 1235
3 1236 1237 1245
3 1245 1244 1236
3 1237 1238 1246
3 1246 1245 1237
3 1238 1239 1247
3 1247 1246 1238
3 1239 1232 1240
3 1240 1247 1239
3 1248 1249 1257
3 1257 1256 1248
3 1249 1250 1258
3 1258 1257 1249
3 1250 1251 1259
3 1259 1258 1250
3 1251 1252 1260
3 1260 1259 1251
3 1252 1253 1261
3 1261 1260 1252
3 1253 1254 1262
3 1262 1261 1253
3 1254 1255 1263
3 1263 1262 1254
3 1255 1248 1256
3 1256 1263 1255
3 1264 1265 1273
3 1273 1272 1264
3 1265 1266 1274
3 1274 1273 1265
3 1266 1267 1275
3 1275 1274 1266
3 1267 1268 1276
3 1276 1275 1267
3 1268 1269 1277
3 1277 1276 1268
3 1269 1270 1278
3 1278 1277 1269
3 1270 1271 1279
3 1279 1278 1270
3 1271 1264 1272
3 1272 1279 1271
3 1280 1281 1289
3 1289 1288 1280
3 1281 1282 1290
3 1290 1289 1281
3 1282 1283 1291
3 1291 1290 1282
3 1283 1284 1292
3 1292 1291 1283
3 1284 1285 1293
3 1293 1292 1284
3 1285 1286 1294
3 1294 1293 1285
3 1286 1287 1295
3 1295 1294 1286
3 1287 1280 1288
3 1288 1295 1287
3 1296 1297 1305
3 1305 1304 1296
3 1297 1298 1306
3 1306 1305 1297
3 1298 1299 1307
3 1307 1306 1298
3 1299 1300 1308
3 1308 1307 1299
3 1300 1301 1309
3 1309 1308 1300
3 1301 1302 1310
3 1310 1309 1301
3 1302 1303 1311
3 1311 1310 1302
3 1303 1296 1304
3 1304 1311 1303
3 1312 1313 1321
3 1321 1320 1312
3 1313 1314 1322
3 1322 1321 1313
3 1314 1315 1323
3 1323 1322 1314
3 1315 1316 1324
3 1324 1323 1315
3 1316 1317 1325
3 1325 1324 1316
3 1317 1318 1326
3 1326 1325 1317
3 1318 1319 1327
3 1327 1326 1318
3 1319 1312 1320
3 1320 1327 1319
3 1328 1329 1337
3 1337 1336 1328
3 1329 1330 1338
3 1338 1337 1329
3 1330 1331 1339
3 1339 1338 1330
3 1331 1332 1340
3 1340 1339 1331
3 1332 1333 1341
3 1341 1340 1332
3 1333 1334 1342
3 1342 1341 1333
3 1334 1335 1343
3 1343 1342 1334
3 1335 1328 1336
3 1336 1343 1335
3 1344 1345 1353
3 1353 1352 1344
3 1345 1346 1354
3 1354 1353 1345
3 1346 1347 1355
3 1355 1354 1346
3 1347 1348 1356
3 1356 1355 1347
3 1348 1349 1357
3 1357 1356 1348
3 1349 1350 1358
3 1358 1357 1349
3 1350 1351 1359
3 1359 1358 1350
3 1351 1344 1352
3 1352 1359 1351
3 1360 1361 1369
3 1369 1368 1360
3 1361 1362 1370
3 1370 1369 1361
3 1362 1363 1371
3 1371 1370 1362
3 1363 1364 1372
3 1372 1371 1363
3 1364 1365 1373
3 1373 1372 1364
3 1365 1366 1374
3 1374 1373 1365
3 1366 1367 1375
3 1375 1374 1366
3 1367 1360 1368
3 1368 1375 1367
3 1376 1377 1385
3 1385 1384 1376
3 1377 1378 1386
3 1386 1385 1377
3 1378 1379 1387
3 1387 1386 1378
3 1379 1380 1388
3 1388 1387 1379
3 1380 1381 1389
3 1389 1388 1380
3 1381 1382 1390
3 1390 1389 1381
3 1382 1383 1391
3 1391 1390 1382
3 1383 1376 1384
3 1384 1391 1383
3 1392 1393 1401
3 1401 1400 1392
3 1393 1394 1402
3 1402 1401 1393
3 1394 1395 1403
3 1403 1402 1394
3 1395 1396 1404
3 1404 1403 1395
3 1396 1397 1405
3 1405 1404 1396
3 1397 1398 1406
3 1406 1405 1397
3 1398 1399 1407
3 1407 1406 1398
3 1399 1392 1400
3 1400 1407 1399
3 1408 1409 1417
3 1417 1416 1408
3 1409 1410 1418
3 1418 1417 1409
3 1410 1411 1419
3 1419 1418 1410
3 1411 1412 1420
3 1420 1419 1411
3 1412 1413 1421
3 1421 1420 1412
3 1413 1414 1422
3 1422 1421 1413
3 1414 1415 1423
3 1423 1422 1414
3 1415 1408 1416
3 1416 1423 1415
3 1424 1425 1433
3 1433 1432 1424
3 1425 1426 1434
3 1434 1433 1425
3 1426 1427 1435
3 1435 1434 1426
3 1427 1428 1436
3 1436 1435 1427
3 1428 1429 1437
3 1437 1436 1428
3 1429 1430 1438
3 1438 1437 1429
3 1430 1431 1439
3 1439 1438 1430
3 1431 1424 1432
3 1432 1439 1431
3 1440 1441 1449
3 1449 1448 1440
3 1441 1442 1450
3 1450 1449 1441
3 1442 1443 1451
3 1451 1450 1442
3 1443 1444 1452
3 1452 1451 1443
3 1444 1445 1453
3 1453 1452 1444
3 1445 1446 1454
3 1454 1453 1445
3 1446 1447 1455
3 1455 1454 1446
3 1447 1440 1448
3 1448 1455 1447
3 1456 1457 1465
3 1465 1464 1456
3 1457 1458 1466
3 1466 1465 1457
3 1458 1459 1467
3 1467 1466 1458
3 1459 1460 1468
3 1468 1467 1459
3 1460 1461 1469
3 1469 1468 1460
3 1461 1462 1470
3 1470 1469 1461
3 1462 1463 1471
3 1471 1470 1462
3 1463 1456 1464
3 1464 1471 1463
3 1472 1473 1481
3 1481 1480 1472
3 1473 1474 1482
3 1482 1481 1473
3 1474 1475 1483
3 1483 1482 1474
3 1475 1476 1484
3 1484 1483 1475
3 1476 1477 1485
3 1485 1484 1476
3 1477 1478 1486
3 1486 1485 1477
3 1478 1479 1487
3 1487 1486 1478
3 1479 1472 1480
3 1480 1487 1479
3 1488 1489 1497
3 1497 1496 1488
3 1489 1490 1498
3 1498 1497 1489
3 1490 1491 1499
3 1499 1498 1490
3 1491 1492 1500
3 1500 1499 1491
3 1492 1493 1501
3 1501 1500 1492
3 1493 1494 1502
3 1502 1501 1493
3 1494 1495 1503
3 1503 1502 1494
3 1495 1488 1496
3 1496 1503 1495
3 1504 1505 1513
3 1513 1512 1504
3 1505 1506 1514
3 1514 1513 1505
3 1506 1507 1515
3 1515 1514 1506
3 1507 1508 1516
3 1516 1515 1507
3 1508 1509 1517
3 1517 1516 1508
3 1509 1510 1518
3 1518 1517 1509
3 1510 1511 1519
3 1519 1518 1510
3 1511 1504 1512
3 1512 1519 1511
3 1520 1521 1529
3 1529 1528 1520
3 1521 1522 1530
3 1530 1529 1521
3 1522 1523 1531
3 1531 1530 1522
3 1523 1524 1532
3 1532 1531 1523
3 1524 1525 1533
3 1533 1532 1524
3 1525 1526 1534
3 1534 1533 1525
3 1526 1527 1535
3 1535 1534 1526
3 1527 1520 1528
3 1528 1535 1527
3 1536 1537 1545
3 1545 1544 1536
3 1537 1538 1546
3 1546 1545 1537
3 1538 1539 1547
3 1547 1546 1538
3 1539 1540 1548
3 1548 1547 1539
3 1540 1541 1549
3 1549 1548 1540
3 1541 1542 1550
3 1550 1549 1541
3 1542 1543 1551
3 1551 1550 1542
3 1543 1536 1544
3 1544 1551 1543
3 1552 1553 1561
3 1561 1560 1552
3 1553 1554 1562
3 1562 1561 1553
3 1554 1555 1563
3 1563 1562 1554
3 1555 1556 1564
3 1564 1563 1555
3 1556 1557 1565
3 1565 1564 1556
3 1557 1558 1566
3 1566 1565 1557
3 1558 1559 1567
3 1567 1566 1558
3 1559 1552 1560
3 1560 1567 1559
3 1568 1569 1577
3 1577 1576 1568
3 1569 1570 1578
3 1578 1577 1569
3 1570 1571 1579
3 1579 1578 1570
3 1571 1572 1580
3 1580 1579 1571
3 1572 1573 1581
3 1581 1580 1572
3 1573 1574 1582
3 1582 1581 1573
3 1574 1575 1583
3 1583 1582 1574
3 1575 1568 1576
3 1576 1583 1575
3 1584 1585 1593
3 1593 1592 1584
3 1585 1586 1594
3 1594 1593 1585
3 1586 1587 1595
3 1595 1594 1586
3 1587 1588 1596
3 1596 1595 1587
3 1588 1589 1597
3 1597 1596 1588
3 1589 1590 1598
3 1598 1597 1589
3 1590 1591 1599
3 1599 1598 1590
3 1591 1584 1592
3 1592 1599 1591
3 1600 1601 1609
3 1609 1608 1600
3 1601 1602 1610
3 1610 1609 1601
3 1602 1603 1611
3 1611 1610 1602
3 1603 1604 1612
3 1612 1611 1603
3 1604 1605 1613
3 1613 1612 1604
3 1605 1606 1614
3 1614 1613 1605
3 1606 1607 1615
3 1615 1614 1606
3 1607 1600 1608
3 1608 1615 1607
3 1616 1617 1625
3 1625 1624 1616
3 1617 1618 1626
3 1626 1625 1617
3 1618 1619 1627
3 1627 1626 1618
3 1619 1620 1628
3 1628 1627 1619
3 1620 1621 1629
3 1629 1628 1620
3 1621 1622 1630
3 1630 1629 1621
3 1622 1623 1631
3 1631 1630 1622
3 1623 1616 1624
3 1624 1631 1623
3 1632 1633 1641
3 1641 1640 1632
3 1633 1634 1642
3 1642 1641 1633
3 1634 1635 1643
3 1643 1642 1634
3 1635 1636 1644
3 1644 1643 1635
3 1636 1637 1645
3 1645 1644 1636
3 1637 1638 1646
3 1646 1645 1637
3 1638 1639 1647
3 1647 1646 1638
3 1639 1632 1640
3 1640 1647 1639
3 1648 1649 1657
3 1657 1656 1648
3 1649 1650 1658
3 1658 1657 1649
3 1650 1651 1659
3 1659 1658 1650
3 1651 1652 1660
3 1660 1659 1651
3 1652 1653 1661
3 1661 1660 1652
3 1653 1654 1662
3 1662 1661 1653
3 1654 1655 1663
3 1663 1662 1654
3 1655 1648 1656
3 1656 1663 1655
3 1664 1665 1673
3 1673 1672 1664
3 1665 1666 1674
3 1674 1673 1665
3 1666 1667 1675
3 1675 1674 1666
3 1667 1668 1676
3 1676 1675 1667
3 1668 1669 1677
3 1677 1676 1668
3 1669 1670 1678
3 1678 1677 1669
3 1670 1671 1679
3 1679 1678 1670
3 1671 1664 1672
3 1672 1679 1671
3 1680 1681 1689
3 1689 1688 1680
3 1681 1682 1690
3 1690 1689 1681
3 1682 1683 1691
3 1691 1690 1682
3 1683 1684 1692
3 1692 1691 1683
3 1684 1685 1693
3 1693 1692 1684
3 1685 1686 1694
3 1694 1693 1685
3 1686 1687 1695
3 1695 1694 1686
3 1687 1680 1688
3 1688 1695 1687
3 1696 1697 1705
3 1705 1704 1696
3 1697 1698 1706
3 1706 1705 1697
3 1698 1699 1707
3 1707 1706 1698
3 1699 1700 1708
3 1708 1707 1699
3 1700 1701 1709
3 1709 1708 1700
3 1701 1702 1710
3 1710 1709 1701
3 1702 1703 1711
3 1711 1710 1702
3 1703 1696 1704
3 1704 1711 1703
3 1712 1713 1721
3 1721 1720 1712
3 1713 1714 1722
3 1722 1721 1713
3 1714 1715 1723
3 1723 1722 1714
3 1715 1716 1724
3 1724 1723 1715
3 1716 1717 1725
3 1725 1724 1716
3 1717 1718 1726
3 1726 1725 1717
3 1718 1719 1727
3 1727 1726 1718
3 1719 1712 1720
3 1720 1727 1719
3 1728 1729 1737
3 1737 1736 1728
3 1729 1730 1738
3 1738 1737 1729
3 1730 1731 1739
3 1739 1738 1730
3 1731 1732 1740
3 1740 1739 1731
3 1732 1733 1741
3 1741 1740 1732
3 1733 1734 1742
3 1742 1741 1733
3 1734 1735 1743
3 1743 1742 1734
3 1735 1728 1736
3 1736 1743 1735
3 1744 1745 1753
3 1753 1752 1744
3 1745 1746 1754
3 1754 1753 1745
3 1746 1747 1755
3 1755 1754 1746
3 1747 1748 1756
3 1756 1755 1747
3 1748 1749 1757
3 1757 1756 1748
3 1749 1750 1758
3 1758 1757 1749
3 1750 1751 1759
3 1759 1758 1750
3 1751 1744 1752
3 1752 1759 1751
3 1760 1761 1769
3 1769 1768 1760
3 1761 1762 1770
3 1770 1769 1761
3 1762 1763 1771
3 1771 1770 1762
3 1763 1764 1772
3 1772 1771 1763
3 1764 1765 1773
3 1773 1772 1764
3 1765 1766 1774
3 1774 1773 1765
3 1766 1767 1775
3 1775 1774 1766
3 1767 1760 1768
3 1768 1775 1767
3 1776 1777 1785
3 1785 1784 1776
3 1777 1778 1786
3 1786 1785 1777
3 1778 1779 1787
3 1787 1786 1778
3 1779 1780 1788
3 1788 1787 1779
3 1780 1781 1789
3 1789 1788 1780
3 1781 1782 1790
3 1790 1789 1781
3 1782 1783 1791
3 1791 1790 1782
3 1783 1776 1784
3 1784 1791 1783
3 1792 1793 1801
3 1801 1800 1792
3 1793 1794 1802
3 1802 1801 1793
3 1794 1795 1803
3 1803 1802 1794
3 1795 1796 1804
3 1804 1803 1795
3 1796 1797 1805
3 1805 1804 1796
3 1797 1798 1806
3 1806 1805 1797
3 1798 1799 1807
3 1807 1806 1798
3 1799 1792 1800
3 1800 1807 1799
3 1808 1809 1817
3 1817 1816 1808
3 1809 1810 1818
3 1818 1817 1809
3 1810 1811 1819
3 1819 1818 1810
3 1811 1812 1820
3 1820 1819 1811
3 1812 1813 1821
3 1821 1820 1812
3 1813 1814 1822
3 1822 1821 1813
3 1814 1815 1823
3 1823 1822 1814
3 1815 1808 1816
3 1816 1823 1815
3 1824 1825 1833
3 1833 1832 1824
3 1825 1826 1834
3 1834 1833 1825
3 1826 1827 1835
3 1835 1834 1826
3 1827 1828 1836
3 1836 1835 1827
3 1828 1829 1837
3 1837 1836 1828
3 1829 1830 1838
3 1838 1837 1829
3 1830 1831 1839
3 1839 1838 1830
3 1831 1824 1832
3 1832 1839 1831
3 1840 1841 1849
3 1849 1848 1840
3 1841 1842 1850
3 1850 1849 1841
3 1842 1843 1851
3 1851 1850 1842
3 1843 1844 1852
3 1852 1851 1843
3 1844 1845 1853
3 1853 1852 1844
3 1845 1846 1854
3 1854 1853 1845
3 1846 1847 1855
3 1855 1854 1846
3 1847 1840 1848
3 1848 1855 1847
3 1856 1857 1865
3 1865 1864 1856
3 1857 1858 1866
3 1866 1865 1857
3 1858 1859 1867
3 1867 1866 1858
3 1859 1860 1868
3 1868 1867 1859
3 1860 1861 1869
3 1869 1868 1860
3 1861 1862 1870
3 1870 1869 1861
3 1862 1863 1871
3 1871 1870 1862
3 1863 1856 1864
3 1864 1871 1863
3 1872 1873 1881
3 1881 1880 1872
3 1873 1874 1882
3 1882 1881 1873
3 1874 1875 1883
3 1883 1882 1874
3 1875 1876 1884
3 1884 1883 1875
3 1876 1877 1885
3 1885 1884 1876
3 1877 1878 1886
3 1886 1885 1877
3 1878 1879 1887
3 1887 1886 1878
3 1879 1872 1880
3 1880 1887 1879
3 1888 1889 1897
3 1897 1896 1888
3 1889 1890 1898
3 1898 1897 1889
3 1890 1891 1899
3 1899 1898 1890
3 1891 1892 1900
3 1900 1899 1891
3 1892 1893 1901
3 1901 1900 1892
3 1893 1894 1902
3 1902 1901 1893
3 1894 1895 1903
3 1903 1902 1894
3 1895 1888 1896
3 1896 1903 1895
3 1904 1905 1913
3 1913 1912 1904
3 1905 1906 1914
3 1914 1913 1905
3 1906 1907 1915
3 1915 1914 1906
3 1907 1908 1916
3 1916 1915 1907
3 1908 1909 1917
3 1917 1916 1908
3 1909 1910 1918
3 1918 1917 1909
3 1910 1911 1919
3 1919 1918 1910
3 1911 1904 1912
3 1912 1919 1911
3 1920 1921 1929
3 1929 1928 1920
3 1921 1922 1930
3 1930 1929 1921
3 1922 1923 1931
3 1931 1930 1922
3 1923 1924 1932
3 1932 1931 1923
3 1924 1925 1933
3 1933 1932 1924
3 1925 1926 1934
3 1934 1933 1925
3 1926 1927 1935
3 1935 1934 1926
3 1927 1920 1928
3 1928 1935 1927
3 1936 1937 1945
3 1945 1944 1936
3 1937 1938 1946
3 1946 1945 1937
3 1938 1939 1947
3 1947 1946 1938
3 1939 1940 1948
3 1948 1947 1939
3 1940 1941 1949
3 1949 1948 1940
3 1941 1942 1950
3 1950 1949 1941
3 1942 1943 1951
3 1951 1950 1942
3 1943 1936 1944
3 1944 1951 1943
3 1952 1953 1961
3 1961 1960 1952
3 1953 1954 1962
3 1962 1961 1953
3 1954 1955 1963
3 1963 1962 1954
3 1955 1956 1964
3 1964 1963 1955
3 1956 1957 1965
3 1965 1964 1956
3 1957 1958 1966
3 1966 1965 1957
3 1958 1959 1967
3 1967 1966 1958
3 1959 1952 1960
3 1960 1967 1959
3 1968 1969 1977
3 1977 1976 1968
3 1969 1970 1978
3 1978 1977 1969
3 1970 1971 1979
3 1979 1978 1970
3 1971 1972 1980
3 1980 1979 1971
3 1972 1973 1981
3 1981 1980 1972
3 1973 1974 1982
3 1982 1981 1973
3 1974 1975 1983
3 1983 1982 1974
3 1975 1968 1976
3 1976 1983 1975
3 1984 1985 1993
3 1993 1992 1984
3 1985 1986 1994
3 1994 1993 1985
3 1986 1987 1995
3 1995 1994 1986
3 1987 1988 1996
3 1996 1995 1987
3 1988 1989 1997
3 1997 1996 1988
3 1989 1990 1998
3 1998 1997 1989
3 1990 1991 1999
3 1999 1998 1990
3 1991 1984 1992
3 1992 1999 1991
3 2000 2001 2009
3 2009 2008 2000
3 2001 2002 2010
3 2010 2009 2001
3 2002 2003 2011
3 2011 2010 2002
3 2003 2004 2012
3 2012 2011 2003
3 2004 2005 2013
3 2013 2012 2004
3 2005 2006 2014
3 2014 2013 2005
3 2006 2007 2015
3 2015 2014 2006
3 2007 2000 2008
3 2008 2015 2007
3 2016 2017 2025
3 2025 2024 2016
3 2017 2018 2026
3 2026 2025 2017
3 2018 2019 2027
3 2027 2026 2018
3 2019 2020 2028
3 2028 2027 2019
3 2020 2021 2029
3 2029 2028 2020
3 2021 2022 2030
3 2030 2029 2021
3 2022 2023 2031
3 2031 2030 2022
3 2023 2016 2024
3 2024 2031 2023
3 2032 2033 2041
3 2041 2040 2032
3 2033 2034 2042
3 2042 2041 2033
3 2034 2035 2043
3 2043 2042 2034
3 2035 2036 2044
3 2044 2043 2035
3 2036 2037 2045
3 2045 2044 2036
3 2037 2038 2046
3 2046 2045 2037
3 2038 2039 2047
3 2047 2046 2038
3 2039 2032 2040
3 2040 2047 2039
3 2048 2049 2057
3 2057 2056 2048
3 2049 2050 2058
3 2058 2057 2049
3 2050 2051 2059
3 2059 2058 2050
3 2051 2052 2060
3 2060 2059 2051
3 2052 2053 2061
3 2061 2060 2052
3 2053 2054 2062
3 2062 2061 2053
3 2054 2055 2063
3 2063 2062 2054
3 2055 2048 2056
3 2056 2063 2055
3 2064 2065 2073
3 2073 2072 2064
3 2065 2066 2074
3 2074 2073 2065
3 2066 2067 2075
3 2075 2074 2066
3 2067 2068 2076
3 2076 2075 2067
3 2068 2069 2077
3 2077 2076 2068
3 2069 2070 2078
3 2078 2077 2069
3 2070 2071 2079
3 2079 2078 2070
3 2071 2064 2072
3 2072 2079 2071
3 2080 2081 2089
3 2089 2088 2080
3 2081 2082 2090
3 2090 2089 2081
3 2082 2083 2091
3 2091 2090 2082
3 2083 2084 2092
3 2092 2091 2083
3 2084 2085 2093
3 2093 2092 2084
3 2085 2086 2094
3 2094 2093 2085
3 2086 2087 2095
3 2095 2094 2086
3 2087 2080 2088
3 2088 2095 2087
3 2096 2097 2105
3 2105 2104 2096
3 2097 2098 2106
3 2106 2105 2097
3 2098 2099 2107
3 2107 2106 2098
3 2099 2100 2108
3 2108 2107 2099
3 2100 2101 2109
3 2109 2108 2100
3 2101 2102 2110
3 2110 2109 2101
3 2102 2103 2111
3 2111 2110 2102
3 2103 2096 2104
3 2104 2111 2103
3 2112 2113 2121
3 2121 2120 2112
3 2113 2114 2122
3 2122 2121 2113
3 2114 2115 2123
3 2123 2122 2114
3 2115 2116 2124
3 2124 2123 2115
3 2116 2117 2125
3 2125 2124 2116
3 2117 2118 2126
3 2126 2125 2117
3 2118 2119 2127
3 2127 2126 2118
3 2119 2112 2120
3 2120 2127 2119
3 2128 2129 2137
3 2137 2136 2128
3 2129 2130 2138
3 2138 2137 2129
3 2130 2131 2139
3 2139 2138 2130
3 2131 2132 2140
3 2140 2139 2131
3 2132 2133 2141
3 2141 2140 2132
3 2133 2134 2142
3 2142 2141 2133
3 2134 2135 2143
3 2143 2142 2134
3 2135 2128 2136
3 2136 2143 2135
3 2144 2145 2153
3 2153 2152 2144
3 2145 2146 2154
3 2154 2153 2145
3 2146 2147 2155
3 2155 2154 2146
3 2147 2148 2156
3 2156 2155 2147
3 2148 2149 2157
3 2157 2156 2148
3 2149 2150 2158
3 2158 2157 2149
3 2150 2151 2159
3 2159 2158 2150
3 2151 2144 2152
3 2152 2159 2151
3 2160 2161 2169
3 2169 2168 2160
3 2161 2162 2170
3 2170 2169 2161
3 2162 2163 2171
3 2171 2170 2162
3 2163 2164 2172
3 2172 2171 2163
3 2164 2165 2173
3 2173 2172 2164
3 2165 2166 2174
3 2174 2173 2165
3 2166 2167 2175
3 2175 2174 2166
3 2167 2160 2168
3 2168 2175 2167
3 2176 2177 2185
3 2185 2184 2176
3 2177 2178 2186
3 2186 2185 2177
3 2178 2179 2187
3 2187 2186 2178
3 2179 2180 2188
3 2188 2187 2179
3 2180 2181 2189
3 2189 2188 2180
3 2181 2182 2190
3 2190 2189 2181
3 2182 2183 2191
3 2191 2190 2182
3 2183 2176 2184
3 2184 2191 2183
3 2192 2193 2201
3 2201 2200 2192
3 2193 2194 2202
3 2202 2201 2193
3 2194 2195 2203
3 2203 2202 2194
3 2195 2196 2204
3 2204 2203 2195
3 2196 2197 2205
3 2205 2204 2196
3 2197 2198 2206
3 2206 2205 2197
3 2198 2199 2207
3 2207 2206 2198
3 2199 2192 2200
3 2200 2207 2199
3 2208 2209 2217
3 2217 2216 2208
3 2209 2210 2218
3 2218 2217 2209
3 2210 2211 2219
3 2219 2218 2210
3 2211 2212 2220
3 2220 2219 2211
3 2212 2213 2221
3 2221 2220 2212
3 2213 2214 2222
3 2222 2221 2213
3 2214 2215 2223
3 2223 2222 2214
3 2215 2208 2216
3 2216 2223 2215
3 2224 2225 2233
3 2233 2232 2224
3 2225 2226 2234
3 2234 2233 2225
3 2226 2227 2235
3 2235 2234 2226
3 2227 2228 2236
3 2236 2235 2227
3 2228 2229 2237
3 2237 2236 2228
3 2229 2230 2238
3 2238 2237 2229
3 2230 2231 2239
3 2239 2238 2230
3 2231 2224 2232
3 2232 2239 2231
3 2240 2241 2249
3 2249 2248 2240
3 2241 2242 2250
3 2250 2249 2241
3 2242 2243 2251
3 2251 2250 2242
3 2243 2244 2252
3 2252 2251 2243
3 2244 2245 2253
3 2253 2252 2244
3 2245 2246 2254
3 2254 2253 2245
3 2246 2247 2255
3 2255 2254 2246
3 2247 2240 2248
3 2248 2255 2247
3 2256 2257 2265
3 2265 2264 2256
3 2257 2258 2266
3 2266 2265 2257
3 2258 2259 2267
3 2267 2266 2258
3 2259 2260 2268
3 2268 2267 2259
3 2260 2261 2269
3 2269 2268 2260
3 2261 2262 2270
3 2270 2269 2261
3 2262 2263 2271
3 2271 2270 2262
3 2263 2256 2264
3 2264 2271 2263
3 2272 2273 2281
3 2281 2280 2272
3 2273 2274 2282
3 2282 2281 2273
3 2274 2275 2283
3 2283 2282 2274
3 2275 2276 2284
3 2284 2283 2275
3 2276 2277 2285
3 2285 2284 2276
3 2277 2278 2286
3 2286 2285 2277
3 2278 2279 2287
3 2287 2286 2278
3 2279 2272 2280
3 2280 2287 2279
3 2288 2289 2297
3 2297 2296 2288
3 2289 2290 2298
3 2298 2297 2289
3 2290 2291 2299
3 2299 2298 2290
3 2291 2292 2300
3 2300 2299 2291
3 2292 2293 2301
3 2301 2300 2292
3 2293 2294 2302
3 2302 2301 2293
3 2294 2295 2303
3 2303 2302 2294
3 2295 2288 2296
3 2296 2303 2295
3 2304 2305 2313
3 2313 2312 2304
3 2305 2306 2314
3 2314 2313 2305
3 2306 2307 2315
3 2315 2314 2306
3 2307 2308 2316
3 2316 2315 2307
3 2308 2309 2317
3 2317 2316 2308
3 2309 2310 2318
3 2318 2317 2309
3 2310 2311 2319
3 2319 2318 2310
3 2311 2304 2312
3 2312 2319 2311
3 2320 2321 2329
3 2329 2328 2320
3 2321 2322 2330
3 2330 2329 2321
3 2322 2323 2331
3 2331 2330 2322
3 2323 2324 2332
3 2332 2331 2323
3 2324 2325 2333
3 2333 2332 2324
3 2325 2326 2334
3 2334 2333 2325
3 2326 2327 2335
3 2335 2334 2326
3 2327 2320 2328
3 2328 2335 2327
3 2336 2337 2345
3 2345 2344 2336
3 2337 2338 2346
3 2346 2345 2337
3 2338 2339 2347
3 2347 2346 2338
3 2339 2340 2348
3 2348 2347 2339
3 2340 2341 2349
3 2349 2348 2340
3 2341 2342 2350
3 2350 2349 2341
3 2342 2343 2351
3 2351 2350 2342
3 2343 2336 2344
3 2344 2351 2343
3 2352 2353 2361
3 2361 2360 2352
3 2353 2354 2362
3 2362 2361 2353
3 2354 2355 2363
3 2363 2362 2354
3 2355 2356 2364
3 2364 2363 2355
3 2356 2357 2365
3 2365 2364 2356
3 2357 2358 2366
3 2366 2365 2357
3 2358 2359 2367
3 2367 2366 2358
3 2359 2352 2360
3 2360 2367 2359
3 2368 2369 2377
3 2377 2376 2368
3 2369 2370 2378
3 2378 2377 2369
3 2370 2371 2379
3 2379 2378 2370
3 2371 2372 2380
3 2380 2379 2371
3 2372 2373 2381
3 2381 2380 2372
3 2373 2374 2382
3 2382 2381 2373
3 2374 2375 2383
3 2383 2382 2374
3 2375 2368 2376
3 2376 2383 2375
3 2384 2385 2393
3 2393 2392 2384
3 2385 2386 2394
3 2394 2393 2385
3 2386 2387 2395
3 2395 2394 2386
3 2387 2388 2396
3 2396 2395 2387
3 2388 2389 2397
3 2397 2396 2388
3 2389 2390 2398
3 2398 2397 2389
3 2390 2391 2399
3 2399 2398 2390
3 2391 2384 2392
3 2392 2399 2391
3 2400 2401 2409
3 2409 2408 2400
3 2401 2402 2410
3 2410 2409 2401
3 2402 2403 2411
3 2411 2410 2402
3 2403 2404 2412
3 2412 2411 2403
3 2404 2405 2413
3 2413 2412 2404
3 2405 2406 2414
3 2414 2413 2405
3 2406 2407 2415
3 2415 2414 2406
3 2407 2400 2408
3 2408 2415 2407
3 2416 2417 2425
3 2425 2424 2416
3 2417 2418 2426
3 2426 2425 2417
3 2418 2419 2427
3 2427 2426 2418
3 2419 2420 2428
3 2428 2427 2419
3 2420 2421 2429
3 2429 2428 2420
3 2421 2422 2430
3 2430 2429 2421
3 2422 2423 2431
3 2431 2430 2422
3 2423 2416 2424
3 2424 2431 2423
3 2432 2433 2441
3 2441 2440 2432
3 2433 2434 2442
3 2442 2441 2433
3 2434 2435 2443
3 2443 2442 2434
3 2435 2436 2444
3 2444 2443 2435
3 2436 2437 2445
3 2445 2444 2436
3 2437 2438 2446
3 2446 2445 2437
3 2438 2439 2447
3 2447 2446 2438
3 2439 2432 2440
3 2440 2447 2439
3 2448 2449 2457
3 2457 2456 2448
3 2449 2450 2458
3 2458 2457 2449
3 2450 2451 2459
3 2459 2458 2450
3 2451 2452 2460
3 2460 2459 2451
3 2452 2453 2461
3 2461 2460 2452
3 2453 2454 2462
3 2462 2461 2453
3 2454 2455 2463
3 2463 2462 2454
3 2455 2448 2456
3 2456 2463 2455
3 2464 2465 2473
3 2473 2472 2464
3 2465 2466 2474
3 2474 2473 2465
3 2466 2467 2475
3 2475 2474 2466
3 2467 2468 2476
3 2476 2475 2467
3 2468 2469 2477
3 2477 2476 2468
3 2469 2470 2478
3 2478 2477 2469
3 2470 2471 2479
3 2479 2478 2470
3 2471 2464 2472
3 2472 2479 2471
3 2480 2481 2489
3 2489 2488 2480
3 2481 2482 2490
3 2490 2489 2481
3 2482 2483 2491
3 2491 2490 2482
3 2483 2484 2492
3 2492 2491 2483
3 2484 2485 2493
3 2493 2492 2484
3 2485 2486 2494
3 2494 2493 2485
3 2486 2487 2495
3 2495 2494 2486
3 2487 2480 2488
3 2488 2495 2487
3 2496 2497 2505
3 2505 2504 2496
3 2497 2498 2506
3 2506 2505 2497
3 2498 2499 2507
3 2507 2506 2498
3 2499 2500 2508
3 2508 2507 2499
3 2500 2501 2509
3 2509 2508 2500
3 2501 2502 2510
3 2510 2509 2501
3 2502 2503 2511
3 2511 2510 2502
3 2503 2496 2504
3 2504 2511 2503
3 2512 2513 2521
3 2521 2520 2512
3 2513 2514 2522
3 2522 2521 2513
3 2514 2515 2523
3 2523 2522 2514
3 2515 2516 2524
3 2524 2523 2515
3 2516 2517 2525
3 2525 2524 2516
3 2517 2518 2526
3 2526 2525 2517
3 2518 2519 2527
3 2527 2526 2518
3 2519 2512 2520
3 2520 2527 2519
3 2528 2529 2537
3 2537 2536 2528
3 2529 2530 2538
3 2538 2537 2529
3 2530 2531 2539
3 2539 2538 2530
3 2531 2532 2540
3 2540 2539 2531
3 2532 2533 2541
3 2541 2540 2532
3 2533 2534 2542
3 2542 2541 2533
3 2534 2535 2543
3 2543 2542 2534
3 2535 2528 2536
3 2536 2543 2535
3 2544 2545 2553
3 2553 2552 2544
3 2545 2546 2554
3 2554 2553 2545
3 2546 2547 2555
3 2555 2554 2546
3 2547 2548 2556
3 2556 2555 2547
3 2548 2549 2557
3 2557 2556 2548
3 2549 2550 2558
3 2558 2557 2549
3 2550 2551 2559
3 2559 2558 2550
3 2551 2544 2552
3 2552 2559 2551
3 2560 2561 2569
3 2569 2568 2560
3 2561 2562 2570
3 2570 2569 2561
3 2562 2563 2571
3 2571 2570 2562
3 2563 2564 2572
3 2572 2571 2563
3 2564 2565 2573
3 2573 2572 2564
3 2565 2566 2574
3 2574 2573 2565
3 2566 2567 2575
3 2575 2574 2566
3 2567 2560 2568
3 2568 2575 2567
3 2576 2577 2585
3 2585 2584 2576
3 2577 2578 2586
3 2586 2585 2577
3 2578 2579 2587
3 2587 2586 2578
3 2579 2580 2588
3 2588 2587 2579
3 2580 2581 2589
3 2589 2588 2580
3 2581 2582 2590
3 2590 2589 2581
3 2582 2583 2591
3 2591 2590 2582
3 2583 2576 2584
3 2584 2591 2583
3 2592 2593 2601
3 2601 2600 2592
3 2593 2594 2602
3 2602 2601 2593
3 2594 2595 2603
3 2603 2602 2594
3 2595 2596 2604
3 2604 2603 2595
3 2596 2597 2605
3 2605 2604 2596
3 2597 2598 2606
3 2606 2605 2597
3 2598 2599 2607
3 2607 2606 2598
3 2599 2592 2600
3 2600 2607 2599
3 2608 2609 2617
3 2617 2616 2608
3 2609 2610 2618
3 2618 2617 2609
3 2610 2611 2619
3 2619 2618 2610
3 2611 2612 2620
3 2620 2619 2611
3 2612 2613 2621
3 2621 2620 2612
3 2613 2614 2622
3 2622 2621 2613
3 2614 2615 2623
3 2623 2622 2614
3 2615 2608 2616
3 2616 2623 2615
3 2624 2625 2633
3 2633 2632 2624
3 2625 2626 2634
3 2634 2633 2625
3 2626 2627 2635
3 2635 2634 2626
3 2627 2628 2636
3 2636 2635 2627
3 2628 2629 2637
3 2637 2636 2628
3 2629 2630 2638
3 2638 2637 2629
3 2630 2631 2639
3 2639 2638 2630
3 2631 2624 2632
3 2632 2639 2631
3 2640 2641 2649
3 2649 2648 2640
3 2641 2642 2650
3 2650 2649 2641
3 2642 2643 2651
3 2651 2650 2642
3 2643 2644 2652
3 2652 2651 2643
3 2644 2645 2653
3 2653 2652 2644
3 2645 2646 2654
3 2654 2653 2645
3 2646 2647 2655
3 2655 2654 2646
3 2647 2640 2648
3 2648 2655 2647
3 2656 2657 2665
3 2665 2664 2656
3 2657 2658 2666
3 2666 2665 2657
3 2658 2659 2667
3 2667 2666 2658
3 2659 2660 2668
3 2668 2667 2659
3 2660 2661 2669
3 2669 2668 2660
3 2661 2662 2670
3 2670 2669 2661
3 2662 2663 2671
3 2671 2670 2662
3 2663 2656 2664
3 2664 2671 2663
3 2672 2673 2681
3 2681 2680 2672
3 2673 2674 2682
3 2682 2681 2673
3 2674 2675 2683
3 2683 2682 2674
3 2675 2676 2684
3 2684 2683 2675
3 2676 2677 2685
3 2685 2684 2676
3 2677 2678 2686
3 2686 2685 2677
3 2678 2679 2687
3 2687 2686 2678
3 2679 2672 2680
3 2680 2687 2679
3 2688 2689 2697
3 2697 2696 2688
3 2689 2690 2698
3 2698 2697 2689
3 2690 2691 2699
3 2699 2698 2690
3 2691 2692 2700
3 2700 2699 2691
3 2692 2693 2701
3 2701 2700 2692
3 2693 2694 2702
3 2702 2701 2693
3 2694 2695 2703
3 2703 2702 2694
3 2695 2688 2696
3 2696 2703 2695
3 2704 2705 2713
3 2713 2712 2704
3 2705 2706 2714
3 2714 2713 2705
3 2706 2707 2715
3 2715 2714 2706
3 2707 2708 2716
3 2716 2715 2707
3 2708 2709 2717
3 2717 2716 2708
3 2709 2710 2718
3 2718 2717 2709
3 2710 2711 2719
3 2719 2718 2710
3 2711 2704 2712
3 2712 2719 2711
3 2720 2721 2729
3 2729 2728 2720
3 2721 2722 2730
3 2730 2729 2721
3 2722 2723 2731
3 2731 2730 2722
3 2723 2724 2732
3 2732 2731 2723
3 2724 2725 2733
3 2733 2732 2724
3 2725 2726 2734
3 2734 2733 2725
3 2726 2727 2735
3 2735 2734 2726
3 2727 2720 2728
3 2728 2735 2727
3 2736 2737 2745
3 2745 2744 2736
3 2737 2738 2746
3 2746 2745 2737
3 2738 2739 2747
3 2747 2746 2738
3 2739 2740 2748
3 2748 2747 2739
3 2740 2741 2749
3 2749 2748 2740
3 2741 2742 2750
3 2750 2749 2741
3 2742 2743 2751
3 2751 2750 2742
3 2743 2736 2744
3 2744 2751 2743
3 2752 2753 2761
3 2761 2760 2752
3 2753 2754 2762
3 2762 2761 2753
3 2754 2755 2763
3 2763 2762 2754
3 2755 2756 2764
3 2764 2763 2755
3 2756 2757 2765
3 2765 2764 2756
3 2757 2758 2766
3 2766 2765 2757
3 2758 2759 2767
3 2767 2766 2758
3 2759 2752 2760
3 2760 2767 2759
3 2768 2769 2777
3 2777 2776 2768
3 2769 2770 2778
3 2778 2777 2769
3 2770 2771 2779
3 2779 2778 2770
3 2771 2772 2780
3 2780 2779 2771
3 2772 2773 2781
3 2781 2780 2772
3 2773 2774 2782
3 2782 2781 2773
3 2774 2775 2783
3 2783 2782 2774
3 2775 2768 2776
3 2776 2783 2775
3 2784 2785 2793
3 2793 2792 2784
3 2785 2786 2794
3 2794 2793 2785
3 2786 2787 2795
3 2795 2794 2786
3 2787 2788 2796
3 2796 2795 2787
3 2788 2789 2797
3 2797 2796 2788
3 2789 2790 2798
3 2798 2797 2789
3 2790 2791 2799
3 2799 2798 2790
3 2791 2784 2792
3 2792 2799 2791
3 2800 2801 2809
3 2809 2808 2800
3 2801 2802 2810
3 2810 2809 2801
3 2802 2803 2811
3 2811 2810 2802
3 2803 2804 2812
3 2812 2811 2803
3 2804 2805 2813
3 2813 2812 2804
3 2805 2806 2814
3 2814 2813 2805
3 2806 2807 2815
3 2815 2814 2806
3 2807 2800 2808
3 2808 2815 2807
3 2816 2817 2825
3 2825 2824 2816
3 2817 2818 2826
3 2826 2825 2817
3 2818 2819 2827
3 2827 2826 2818
3 2819 2820 2828
3 2828 2827 2819
3 2820 2821 2829
3 2829 2828 2820
3 2821 2822 2830
3 2830 2829 2821
3 2822 2823 2831
3 2831 2830 2822
3 2823 2816 2824
3 2824 2831 2823
3 2832 2833 2841
3 2841 2840 2832
3 2833 2834 2842
3 2842 2841 2833
3 2834 2835 2843
3 2843 2842 2834
3 2835 2836 2844
3 2844 2843 2835
3 2836 2837 2845
3 2845 2844 2836
3 2837 2838 2846
3 2846 2845 2837
3 2838 2839 2847
3 2847 2846 2838
3 2839 2832 2840
3 2840 2847 2839
3 2848 2849 2857
3 2857 2856 2848
3 2849 2850 2858
3 2858 2857 2849
3 2850 2851 2859
3 2859 2858 2850
3 2851 2852 2860
3 2860 2859 2851
3 2852 2853 2861
3 2861 2860 2852
3 2853 2854 2862
3 2862 2861 2853
3 2854 2855 2863
3 2863 2862 2854
3 2855 2848 2856
3 2856 2863 2855
3 2864 2865 2873
3 2873 2872 2864
3 2865 2866 2874
3 2874 2873 2865
3 2866 2867 2875
3 2875 2874 2866
3 2867 2868 2876
3 2876 2875 2867
3 2868 2869 2877
3 2877 2876 2868
3 2869 2870 2878
3 2878 2877 2869
3 2870 2871 2879
3 2879 2878 2870
3 2871 2864 2872
3 2872 2879 2871
3 2880 2881 2889
3 2889 2888 2880
3 2881 2882 2890
3 2890 2889 2881
3 2882 2883 2891
3 2891 2890 2882
3 2883 2884 2892
3 2892 2891 2883
3 2884 2885 2893
3 2893 2892 2884
3 2885 2886 2894
3 2894 2893 2885
3 2886 2887 2895
3 2895 2894 2886
3 2887 2880 2888
3 2888 2895 2887
3 2896 2897 2905
3 2905 2904 2896
3 2897 2898 2906
3 2906 2905 2897
3 2898 2899 2907
3 2907 2906 2898
3 2899 2900 2908
3 2908 2907 2899
3 2900 2901 2909
3 2909 2908 2900
3 2901 2902 2910
3 2910 2909 2901
3 2902 2903 2911
3 2911 2910 2902
3 2903 2896 2904
3 2904 2911 2903
3 2912 2913 2921
3 2921 2920 2912
3 2913 2914 2922
3 2922 2921 2913
3 2914 2915 2923
3 2923 2922 2914
3 2915 2916 2924
3 2924 2923 2915
3 2916 2917 2925
3 2925 2924 2916
3 2917 2918 2926
3 2926 2925 2917
3 2918 2919 2927
3 2927 2926 2918
3 2919 2912 2920
3 2920 2927 2919
3 2928 2929 2937
3 2937 2936 2928
3 2929 2930 2938
3 2938 2937 2929
3 2930 2931 2939
3 2939 2938 2930
3 2931 2932 2940
3 2940 2939 2931
3 2932 2933 2941
3 2941 2940 2932
3 2933 2934 2942
3 2942 2941 2933
3 2934 2935 2943
3 2943 2942 2934
3 2935 2928 2936
3 2936 2943 2935
3 2944 2945 2953
3 2953 2952 2944
3 2945 2946 2954
3 2954 2953 2945
3 2946 2947 2955
3 2955 2954 2946
3 2947 2948 2956
3 2956 2955 2947
3 2948 2949 2957
3 2957 2956 2948
3 2949 2950 2958
3 2958 2957 2949
3 2950 2951 2959
3 2959 2958 2950
3 2951 2944 2952
3 2952 2959 2951
3 2960 2961 2969
3 2969 2968 2960
3 2961 2962 2970
3 2970 2969 2961
3 2962 2963 2971
3 2971 2970 2962
3 2963 2964 2972
3 2972 2971 2963
3 2964 2965 2973
3 2973 2972 2964
3 2965 2966 2974
3 2974 2973 2965
3 2966 2967 2975
3 2975 2974 2966
3 2967 2960 2968
3 2968 2975 2967
3 2976 2977 2985
3 2985 2984 2976
3 2977 2978 2986
3 2986 2985 2977
3 2978 2979 2987
3 2987 2986 2978
3 2979 2980 2988
3 2988 2987 2979
3 2980 2981 2989
3 2989 2988 2980
3 2981 2982 2990
3 2990 2989 2981
3 2982 2983 2991
3 2991 2990 2982
3 2983 2976 2984
3 2984 2991 2983
3 2992 2993 3001
3 3001 3000 2992
3 2993 2994 3002
3 3002 3001 2993
3 2994 2995 3003
3 3003 3002 2994
3 2995 2996 3004
3 3004 3003 2995
3 2996 2997 3005
3 3005 3004 2996
3 2997 2998 3006
3 3006 3005 2997
3 2998 2999 3007
3 3007 3006 2998
3 2999 2992 3000
3 3000 3007 2999
3 3008 3009 3017
3 3017 3016 3008
3 3009 3010 3018
3 3018 3017 3009
3 3010 3011 3019
3 3019 3018 3010
3 3011 3012 3020
3 3020 3019 3011
3 3012 3013 3021
3 3021 3020 3012
3 3013 3014 3022
3 3022 3021 3013
3 3014 3015 3023
3 3023 3022 3014
3 3015 3008 3016
3 3016 3023 3015
3 3024 3025 3033
3 3033 3032 3024
3 3025 3026 3034
3 3034 3033 3025
3 3026 3027 3035
3 3035 3034 3026
3 3027 3028 3036
3 3036 3035 3027
3 3028 3029 3037
3 3037 3036 3028
3 3029 3030 3038
3 3038 3037 3029
3 3030 3031 3039
3 3039 3038 3030
3 3031 3024 3032
3 3032 3039 3031
3 3040 3041 3049
3 3049 3048 3040
3 3041 3042 3050
3 3050 3049 3041
3 3042 3043 3051
3 3051 3050 3042
3 3043 3044 3052
3 3052 3051 3043
3 3044 3045 3053
3 3053 3052 3044
3 3045 3046 3054
3 3054 3053 3045
3 3046 3047 3055
3 3055 3054 3046
3 3047 3040 3048
3 3048 3055 3047
3 3056 3057 3065
3 3065 3064 3056
3 3057 3058 3066
3 3066 3065 3057
3 3058 3059 3067
3 3067 3066 3058
3 3059 3060 3068
3 3068 3067 3059
3 3060 3061 3069
3 3069 3068 3060
3 3061 3062 3070
3 3070 3069 3061
3 3062 3063 3071
3 3071 3070 3062
3 3063 3056 3064
3 3064 3071 3063
3 3072 3073 3081
3 3081 3080 3072
3 3073 3074 3082
3 3082 3081 3073
3 3074 3075 3083
3 3083 3082 3074
3 3075 3076 3084
3 3084 3083 3075
3 3076 3077 3085
3 3085 3084 3076
3 3077 3078 3086
3 3086 3085 3077
3 3078 3079 3087
3 3087 3086 3078
3 3079 3072 3080
3 3080 3087 3079
3 3088 3089 3097
3 3097 3096 3088
3 3089 3090 3098
3 3098 3097 3089
3 3090 3091 3099
3 3099 3098 3090
3 3091 3092 3100
3 3100 3099 3091
3 3092 3093 3101
3 3101 3100 3092
3 3093 3094 3102
3 3102 3101 3093
3 3094 3095 3103
3 3103 3102 3094
3 3095 3088 3096
3 3096 3103 3095
3 3104 3105 3113
3 3113 3112 3104
3 3105 3106 3114
3 3114 3113 3105
3 3106 3107 3115
3 3115 3114 3106
3 3107 3108 3116
3 3116 3115 3107
3 3108 3109 3117
3 3117 3116 3108
3 3109 3110 3118
3 3118 3117 3109
3 3110 3111 3119
3 3119 3118 3110
3 3111 3104 3112
3 3112 3119 3111
3 3120 3121 3129
3 3129 3128 3120
3 3121 3122 3130
3 3130 3129 3121
3 3122 3123 3131
3 3131 3130 3122
3 3123 3124 3132
3 3132 3131 3123
3 3124 3125 3133
3 3133 3132 3124
3 3125 3126 3134
3 3134 3133 3125
3 3126 3127 3135
3 3135 3134 3126
3 3127 3120 3128
3 3128 3135 3127
3 3136 3137 3145
3 3145 3144 3136
3 3137 3138 3146
3 3146 3145 3137
3 3138 3139 3147
3 3147 3146 3138
3 3139 3140 3148
3 3148 3147 3139
3 3140 3141 3149
3 3149 3148 3140
3 3141 3142 3150
3 3150 3149 3141
3 3142 3143 3151
3 3151 3150 3142
3 3143 3136 3144
3 3144 3151 3143
3 3152 3153 3161
3 3161 3160 3152
3 3153 3154 3162
3 3162 3161 3153
3 3154 3155 3163
3 3163 3162 3154
3 3155 3156 3164
3 3164 3163 3155
3 3156 3157 3165
3 3165 3164 3156
3 3157 3158 3166
3 3166 3165 3157
3 3158 3159 3167
3 3167 3166 3158
3 3159 3152 3160
3 3160 3167 3159
3 3168 3169 3177
3 3177 3176 3168
3 3169 3170 3178
3 3178 3177 3169
3 3170 3171 3179
3 3179 3178 3170
3 3171 3172 3180
3 3180 3179 3171
3 3172 3173 3181
3 3181 3180 3172
3 3173 3174 3182
3 3182 3181 3173
3 3174 3175 3183
3 3183 3182 3174
3 3175 3168 3176
3 3176 3183 3175
3 3184 3185 3193
3 3193 3192 3184
3 3185 3186 3194
3 3194 3193 3185
3 3186 3187 3195
3 3195 3194 3186
3 3187 3188 3196
3 3196 3195 3187
3 3188 3189 3197
3 3197 3196 3188
3 3189 3190 3198
3 3198 3197 3189
3 3190 3191 3199
3 3199 3198 3190
3 3191 3184 3192
3 3192 3199 3191
3 3200 3201 3209
3 3209 3208 3200
3 3201 3202 3210
3 3210 3209 3201
3 3202 3203 3211
3 3211 3210 3202
3 3203 3204 3212
3 3212 3211 3203
3 3204 3205 3213
3 3213 3212 3204
3 3205 3206 3214
3 3214 3213 3205
3 3206 3207 3215
3 3215 3214 3206
3 3207 3200 3208
3 3208 3215 3207
3 3216 3217 3225
3 3225 3224 3216
3 3217 3218 3226
3 3226 3225 3217
3 3218 3219 3227
3 3227 3226 3218
3 3219 3220 3228
3 3228 3227 3219
3 3220 3221 3229
3 3229 3228 3220
3 3221 3222 3230
3 3230 3229 3221
3 3222 3223 3231
3 3231 3230 3222
3 3223 3216 3224
3 3224 3231 3223
3 3232 3233 3241
3 3241 3240 3232
3 3233 3234 3242
3 3242 3241 3233
3 3234 3235 3243
3 3243 3242 3234
3 3235 3236 3244
3 3244 3243 3235
3 3236 3237 3245
3 3245 3244 3236
3 3237 3238 3246
3 3246 3245 3237
3 3238 3239 3247
3 3247 3246 3238
3 3239 3232 3240
3 3240 3247 3239
3 3248 3249 3257
3 3257 3256 3248
3 3249 3250 3258
3 3258 3257 3249
3 3250 3251 3259
3 3259 3258 3250
3 3251 3252 3260
3 3260 3259 3251
3 3252 3253 3261
3 3261 3260 3252
3 3253 3254 3262
3 3262 3261 3253
3 3254 3255 3263
3 3263 3262 3254
3 3255 3248 3256
3 3256 3263 3255
3 3264 3265 3273
3 3273 3272 3264
3 3265 3266 3274
3 3274 3273 3265
3 3266 3267 3275
3 3275 3274 3266
3 3267 3268 3276
3 3276 3275 3267
3 3268 3269 3277
3 3277 3276 3268
3 3269 3270 3278
3 3278 3277 3269
3 3270 3271 3279
3 3279 3278 3270
3 3271 3264 3272
3 3272 3279 3271
3 3280 3281 3289
3 3289 3288 3280
3 3281 3282 3290
3 3290 3289 3281
3 3282 3283 3291
3 3291 3290 3282
3 3283 3284 3292
3 3292 3291 3283
3 3284 3285 3293
3 3293 3292 3284
3 3285 3286 3294
3 3294 3293 3285
3 3286 3287 3295
3 3295 3294 3286
3 3287 3280 3288
3 3288 3295 3287
3 3296 3297 3305
3 3305 3304 3296
3 3297 3298 3306
3 3306 3305 3297
3 3298 3299 3307
3 3307 3306 3298
3 3299 3300 3308
3 3308 3307 3299
3 3300 3301 3309
3 3309 3308 3300
3 3301 3302 3310
3 3310 3309 3301
3 3302 3303 3311
3 3311 3310 3302
3 3303 3296 3304
3 3304 3311 3303
3 3312 3313 3321
3 3321 3320 3312
3 3313 3314 3322
3 3322 3321 3313
3 3314 3315 3323
3 3323 3322 3314
3 3315 3316 3324
3 3324 3323 3315
3 3316 3317 3325
3 3325 3324 3316
3 3317 3318 3326
3 3326 3325 3317
3 3318 3319 3327
3 3327 3326 3318
3 3319 3312 3320
3 3320 3327 3319
3 3328 3329 3337
3 3337 3336 3328
3 3329 3330 3338
3 3338 3337 3329
3 3330 3331 3339
3 3339 3338 3330
3 3331 3332 3340
3 3340 3339 3331
3 3332 3333 3341
3 3341 3340 3332
3 3333 3334 3342
3 3342 3341 3333
3 3334 3335 3343
3 3343 3342 3334
3 3335 3328 3336
3 3336 3343 3335
3 3344 3345 3353
3 3353 3352 3344
3 3345 3346 3354
3 3354 3353 3345
3 3346 3347 3355
3 3355 3354 3346
3 3347 3348 3356
3 3356 3355 3347
3 3348 3349 3357
3 3357 3356 3348
3 3349 3350 3358
3 3358 3357 3349
3 3350 3351 3359
3 3359 3358 3350
3 3351 3344 3352
3 3352 3359 3351
3 3360 3361 3369
3 3369 3368 3360
3 3361 3362 3370
3 3370 3369 3361
3 3362 3363 3371
3 3371 3370 3362
3 3363 3364 3372
3 3372 3371 3363
3 3364 3365 3373
3 3373 3372 3364
3 3365 3366 3374
3 3374 3373 3365
3 3366 3367 3375
3 3375 3374 3366
3 3367 3360 3368
3 3368 3375 3367
3 3376 3377 3385
3 3385 3384 3376
3 3377 3378 3386
3 3386 3385 3377
3 3378 3379 3387
3 3387 3386 3378
3 3379 3380 3388
3 3388 3387 3379
3 3380 3381 3389
3 3389 3388 3380
3 3381 3382 3390
3 3390 3389 3381
3 3382 3383 3391
3 3391 3390 3382
3 3383 3376 3384
3 3384 3391 3383
3 3392 3393 3401
3 3401 3400 3392
3 3393 3394 3402
3 3402 3401 3393
3 3394 3395 3403
3 3403 3402 3394
3 3395 3396 3404
3 3404 3403 3395
3 3396 3397 3405
3 3405 3404 3396
3 3397 3398 3406
3 3406 3405 3397
3 3398 3399 3407
3 3407 3406 3398
3 3399 3392 3400
3 3400 3407 3399
3 3408 3409 3417
3 3417 3416 3408
3 3409 3410 3418
3 3418 3417 3409
3 3410 3411 3419
3 3419 3418 3410
3 3411 3412 3420
3 3420 3419 3411
3 3412 3413 3421
3 3421 3420 3412
3 3413 3414 3422
3 3422 3421 3413
3 3414 3415 3423
3 3423 3422 3414
3 3415 3408 3416
3 3416 3423 3415
3 3424 3425 3433
3 3433 3432 3424
3 3425 3426 3434
3 3434 3433 3425
3 3426 3427 3435
3 3435 3434 3426
3 3427 3428 3436
3 3436 3435 3427
3 3428 3429 3437
3 3437 3436 3428
3 3429 3430 3438
3 3438 3437 3429
3 3430 3431 3439
3 3439 3438 3430
3 3431 3424 3432
3 3432 3439 3431
3 3440 3441 3449
3 3449 3448 3440
3 3441 3442 3450
3 3450 3449 3441
3 3442 3443 3451
3 3451 3450 3442
3 3443 3444 3452
3 3452 3451 3443
3 3444 3445 3453
3 3453 3452 3444
3 3445 3446 3454
3 3454 3453 3445
3 3446 3447 3455
3 3455 3454 3446
3 3447 3440 3448
3 3448 3455 3447
3 3456 3457 3465
3 3465 3464 3456
3 3457 3458 3466
3 3466 3465 3457
3 3458 3459 3467
3 3467 3466 3458
3 3459 3460 3468
3 3468 3467 3459
3 3460 3461 3469
3 3469 3468 3460
3 3461 3462 3470
3 3470 3469 3461
3 3462 3463 3471
3 3471 3470 3462
3 3463 3456 3464
3 3464 3471 3463
3 3472 3473 3481
3 3481 3480 3472
3 3473 3474 3482
3 3482 3481 3473
3 3474 3475 3483
3 3483 3482 3474
3 3475 3476 3484
3 3484 3483 3475
3 3476 3477 3485
3 3485 3484 3476
3 3477 3478 3486
3 3486 3485 3477
3 3478 3479 3487
3 3487 3486 3478
3 3479 3472 3480
3 3480 3487 3479
3 3488 3489 3497
3 3497 3496 3488
3 3489 3490 3498
3 3498 3497 3489
3 3490 3491 3499
3 3499 3498 3490
3 3491 3492 3500
3 3500 3499 3491
3 3492 3493 3501
3 3501 3500 3492
3 3493 3494 3502
3 3502 3501 3493
3 3494 3495 3503
3 3503 3502 3494
3 3495 3488 3496
3 3496 3503 3495
3 3504 3505 3513
3 3513 3512 3504
3 3505 3506 3514
3 3514 3513 3505
3 3506 3507 3515
3 3515 3514 3506
3 3507 3508 3516
3 3516 3515 3507
3 3508 3509 3517
3 3517 3516 3508
3 3509 3510 3518
3 3518 3517 3509
3 3510 3511 3519
3 3519 3518 3510
3 3511 3504 3512
3 3512 3519 3511
3 3520 3521 3529
3 3529 3528 3520
3 3521 3522 3530
3 3530 3529 3521
3 3522 3523 3531
3 3531 3530 3522
3 3523 3524 3532
3 3532 3531 3523
3 3524 3525 3533
3 3533 3532 3524
3 3525 3526 3534
3 3534 3533 3525
3 3526 3527 3535
3 3535 3534 3526
3 3527 3520 3528
3 3528 3535 3527
3 3536 3537 3545
3 3545 3544 3536
3 3537 3538 3546
3 3546 3545 3537
3 3538 3539 3547
3 3547 3546 3538
3 3539 3540 3548
3 3548 3547 3539
3 3540 3541 3549
3 3549 3548 3540
3 3541 3542 3550
3 3550 3549 3541
3 3542 3543 3551
3 3551 3550 3542
3 3543 3536 3544
3 3544 3551 3543
3 3552 3553 3561
3 3561 3560 3552
3 3553 3554 3562
3 3562 3561 3553
3 3554 3555 3563
3 3563 3562 3554
3 3555 3556 3564
3 3564 3563 3555
3 3556 3557 3565
3 3565 3564 3556
3 3557 3558 3566
3 3566 3565 3557
3 3558 3559 3567
3 3567 3566 3558
3 3559 3552 3560
3 3560 3567 3559
3 3568 3569 3577
3 3577 3576 3568
3 3569 3570 3578
3 3578 3577 3569
3 3570 3571 3579
3 3579 3578 3570
3 3571 3572 3580
3 3580 3579 3571
3 3572 3573 3581
3 3581 3580 3572
3 3573 3574 3582
3 3582 3581 3573
3 3574 3575 3583
3 3583 3582 3574
3 3575 3568 3576
3 3576 3583 3575
3 3584 3585 3593
3 3593 3592 3584
3 3585 3586 3594
3 3594 3593 3585
3 3586 3587 3595
3 3595 3594 3586
3 3587 3588 3596
3 3596 3595 3587
3 3588 3589 3597
3 3597 3596 3588
3 3589 3590 3598
3 3598 3597 3589
3 3590 3591 3599
3 3599 3598 3590
3 3591 3584 3592
3 3592 3599 3591
3 3600 3601 3609
3 3609 3608 3600
3 3601 3602 3610
3 3610 3609 3601
3 3602 3603 3611
3 3611 3610 3602
3 3603 3604 3612
3 3612 3611 3603
3 3604 3605 3613
3 3613 3612 3604
3 3605 3606 3614
3 3614 3613 3605
3 3606 3607 3615
3 3615 3614 3606
3 3607 3600 3608
3 3608 3615 3607
3 3616 3617 3625
3 3625 3624 3616
3 3617 3618 3626
3 3626 3625 3617
3 3618 3619 3627
3 3627 3626 3618
3 3619 3620 3628
3 3628 3627 3619
3 3620 3621 3629
3 3629 3628 3620
3 3621 3622 3630
3 3630 3629 3621
3 3622 3623 3631
3 3631 3630 3622
3 3623 3616 3624
3 3624 3631 3623
3 3632 3633 3641
3 3641 3640 3632
3 3633 3634 3642
3 3642 3641 3633
3 3634 3635 3643
3 3643 3642 3634
3 3635 3636 3644
3 3644 3643 3635
3 3636 3637 3645
3 3645 3644 3636
3 3637 3638 3646
3 3646 3645 3637
3 3638 3639 3647
3 3647 3646 3638
3 3639 3632 3640
3 3640 3647 3639
3 3648 3649 3657
3 3657 3656 3648
3 3649 3650 3658
3 3658 3657 3649
3 3650 3651 3659
3 3659 3658 3650
3 3651 3652 3660
3 3660 3659 3651
3 3652 3653 3661
3 3661 3660 3652
3 3653 3654 3662
3 3662 3661 3653
3 3654 3655 3663
3 3663 3662 3654
3 3655 3648 3656
3 3656 3663 3655
3 3664 3665 3673
3 3673 3672 3664
3 3665 3666 3674
3 3674 3673 3665
3 3666 3667 3675
3 3675 3674 3666
3 3667 3668 3676
3 3676 3675 3667
3 3668 3669 3677
3 3677 3676 3668
3 3669 3670 3678
3 3678 3677 3669
3 3670 3671 3679
3 3679 3678 3670
3 3671 3664 3672
3 3672 3679 3671
3 3680 3681 3689
3 3689 3688 3680
3 3681 3682 3690
3 3690 3689 3681
3 3682 3683 3691
3 3691 3690 3682
3 3683 3684 3692
3 3692 3691 3683
3 3684 3685 3693
3 3693 3692 3684
3 3685 3686 3694
3 3694 3693 3685
3 3686 3687 3695
3 3695 3694 3686
3 3687 3680 3688
3 3688 3695 3687
3 3696 3697 3705
3 3705 3704 3696
3 3697 3698 3706
3 3706 3705 3697
3 3698 3699 3707
3 3707 3706 3698
3 3699 3700 3708
3 3708 3707 3699
3 3700 3701 3709
3 3709 3708 3700
3 3701 3702 3710
3 3710 3709 3701
3 3702 3703 3711
3 3711 3710 3702
3 3703 3696 3704
3 3704 3711 3703
3 3712 3713 3721
3 3721 3720 3712
3 3713 3714 3722
3 3722 3721 3713
3 3714 3715 3723
3 3723 3722 3714
3 3715 3716 3724
3 3724 3723 3715
3 3716 3717 3725
3 3725 3724 3716
3 3717 3718 3726
3 3726 3725 3717
3 3718 3719 3727
3 3727 3726 3718
3 3719 3712 3720
3 3720 3727 3719
3 3728 3729 3737
3 3737 3736 3728
3 3729 3730 3738
3 3738 3737 3729
3 3730 3731 3739
3 3739 3738 3730
3 3731 3732 3740
3 3740 3739 3731
3 3732 3733 3741
3 3741 3740 3732
3 3733 3734 3742
3 3742 3741 3733
3 3734 3735 3743
3 3743 3742 3734
3 3735 3728 3736
3 3736 3743 3735
3 3744 3745 3753
3 3753 3752 3744
3 3745 3746 3754
3 3754 3753 3745
3 3746 3747 3755
3 3755 3754 3746
3 3747 3748 3756
3 3756 3755 3747
3 3748 3749 3757
3 3757 3756 3748
3 3749 3750 3758
3 3758 3757 3749
3 3750 3751 3759
3 3759 3758 3750
3 3751 3744 3752
3 3752 3759 3751
3 3760 3761 3769
3 3769 3768 3760
3 3761 3762 3770
3 3770 3769 3761
3 3762 3763 3771
3 3771 3770 3762
3 3763 3764 3772
3 3772 3771 3763
3 3764 3765 3773
3 3773 3772 3764
3 3765 3766 3774
3 3774 3773 3765
3 3766 3767 3775
3 3775 3774 3766
3 3767 3760 3768
3 3768 3775 3767
3 3776 3777 3785
3 3785 3784 3776
3 3777 3778 3786
3 3786 3785 3777
3 3778 3779 3787
3 3787 3786 3778
3 3779 3780 3788
3 3788 3787 3779
3 3780 3781 3789
3 3789 3788 3780
3 3781 3782 3790
3 3790 3789 3781
3 3782 3783 3791
3 3791 3790 3782
3 3783 3776 3784
3 3784 3791 3783
3 3792 3793 3801
3 3801 3800 3792
3 3793 3794 3802
3 3802 3801 3793
3 3794 3795 3803
3 3803 3802 3794
3 3795 3796 3804
3 3804 3803 3795
3 3796 3797 3805
3 3805 3804 3796
3 3797 3798 3806
3 3806 3805 3797
3 3798 3799 3807
3 3807 3806 3798
3 3799 3792 3800
3 3800 3807 3799
3 3808 3809 3817
3 3817 3816 3808
3 3809 3810 3818
3 3818 3817 3809
3 3810 3811 3819
3 3819 3818 3810
3 3811 3812 3820
3 3820 3819 3811
3 3812 3813 3821
3 3821 3820 3812
3 3813 3814 3822
3 3822 3821 3813
3 3814 3815 3823
3 3823 3822 3814
3 3815 3808 3816
3 3816 3823 3815
3 3824 3825 3833
3 3833 3832 3824
3 3825 3826 3834
3 3834 3833 3825
3 3826 3827 3835
3 3835 3834 3826
3 3827 3828 3836
3 3836 3835 3827
3 3828 3829 3837
3 3837 3836 3828
3 3829 3830 3838
3 3838 3837 3829
3 3830 3831 3839
3 3839 3838 3830
3 3831 3824 3832
3 3832 3839 3831
3 3840 3841 3849
3 3849 3848 3840
3 3841 3842 3850
3 3850 3849 3841
3 3842 3843 3851
3 3851 3850 3842
3 3843 3844 3852
3 3852 3851 3843
3 3844 3845 3853
3 3853 3852 3844
3 3845 3846 3854
3 3854 3853 3845
3 3846 3847 3855
3 3855 3854 3846
3 3847 3840 3848
3 3848 3855 3847
3 3856 3857 3865
3 3865 3864 3856
3 3857 3858 3866
3 3866 3865 3857
3 3858 3859 3867
3 3867 3866 3858
3 3859 3860 3868
3 3868 3867 3859
3 3860 3861 3869
3 3869 3868 3860
3 3861 3862 3870
3 3870 3869 3861
3 3862 3863 3871
3 3871 3870 3862
3 3863 3856 3864
3 3864 3871 3863
3 3872 3873 3881
3 3881 3880 3872
3 3873 3874 3882
3 3882 3881 3873
3 3874 3875 3883
3 3883 3882 3874
3 3875 3876 3884
3 3884 3883 3875
3 3876 3877 3885
3 3885 3884 3876
3 3877 3878 3886
3 3886 3885 3877
3 3878 3879 3887
3 3887 3886 3878
3 3879 3872 3880
3 3880 3887 3879
3 3888 3889 3897
3 3897 3896 3888
3 3889 3890 3898
3 3898 3897 3889
3 3890 3891 3899
3 3899 3898 3890
3 3891 3892 3900
3 3900 3899 3891
3 3892 3893 3901
3 3901 3900 3892
3 3893 3894 3902
3 3902 3901 3893
3 3894 3895 3903
3 3903 3902 3894
3 3895 3888 3896
3 3896 3903 3895
3 3904 3905 3913
3 3913 3912 3904
3 3905 3906 3914
3 3914 3913 3905
3 3906 3907 3915
3 3915 3914 3906
3 3907 3908 3916
3 3916 3915 3907
3 3908 3909 3917
3 3917 3916 3908
3 3909 3910 3918
3 3918 3917 3909
3 3910 3911 3919
3 3919 3918 3910
3 3911 3904 3912
3 3912 3919 3911
3 3920 3921 3929
3 3929 3928 3920
3 3921 3922 3930
3 3930 3929 3921
3 3922 3923 3931
3 3931 3930 3922
3 3923 3924 3932
3 3932 3931 3923
3 3924 3925 3933
3 3933 3932 3924
3 3925 3926 3934
3 3934 3933 3925
3 3926 3927 3935
3 3935 3934 3926
3 3927 3920 3928
3 3928 3935 3927
3 3936 3937 3945
3 3945 3944 3936
3 3937 3938 3946
3 3946 3945 3937
3 3938 3939 3947
3 3947 3946 3938
3 3939 3940 3948
3 3948 3947 3939
3 3940 3941 3949
3 3949 3948 3940
3 3941 3942 3950
3 3950 3949 3941
3 3942 3943 3951
3 3951 3950 3942
3 3943 3936 3944
3 3944 3951 3943
3 3952 3953 3961
3 3961 3960 3952
3 3953 3954 3962
3 3962 3961 3953
3 3954 3955 3963
3 3963 3962 3954
3 3955 3956 3964
3 3964 3963 3955
3 3956 3957 3965
3 3965 3964 3956
3 3957 3958 3966
3 3966 3965 3957
3 3958 3959 3967
3 3967 3966 3958
3 3959 3952 3960
3 3960 3967 3959
3 3968 3969 3977
3 3977 3976 3968
3 3969 3970 3978
3 3978 3977 3969
3 3970 3971 3979
3 3979 3978 3970
3 3971 3972 3980
3 3980 3979 3971
3 3972 3973 3981
3 3981 3980 3972
3 3973 3974 3982
3 3982 3981 3973
3 3974 3975 3983
3 3983 3982 3974
3 3975 3968 3976
3 3976 3983 3975
3 3984 3985 3993
3 3993 3992 3984
3 3985 3986 3994
3 3994 3993 3985
3 3986 3987 3995
3 3995 3994 3986
3 3987 3988 3996
3 3996 3995 3987
3 3988 3989 3997
3 3997 3996 3988
3 3989 3990 3998
3 3998 3997 3989
3 3990 3991 3999
3 3999 3998 3990
3 3991 3984 3992
3 3992 3999 3991
3 4000 4001 4009
3 4009 4008 4000
3 4001 4002 4010
3 4010 4009 4001
3 4002 4003 4011
3 4011 4010 4002
3 4003 4004 4012
3 4012 4011 4003
3 4004 4005 4013
3 4013 4012 4004
3 4005 4006 4014
3 4014 4013 4005
3 4006 4007 4015
3 4015 4014 4006
3 4007 4000 4008
3 4008 4015 4007
3 4016 4017 4025
3 4025 4024 4016
3 4017 4018 4026
3 4026 4025 4017
3 4018 4019 4027
3 4027 4026 4018
3 4019 4020 4028
3 4028 4027 4019
3 4020 4021 4029
3 4029 4028 4020
3 4021 4022 4030
3 4030 4029 4021
3 4022 4023 4031
3 4031 4030 4022
3 4023 4016 4024
3 4024 4031 4023
3 4032 4033 4041
3 4041 4040 4032
3 4033 4034 4042
3 4042 4041 4033
3 4034 4035 4043
3 4043 4042 4034
3 4035 4036 4044
3 4044 4043 4035
3 4036 4037 4045
3 4045 4044 4036
3 4037 4038 4046
3 4046 4045 4037
3 4038 4039 4047
3 4047 4046 4038
3 4039 4032 4040
3 4040 4047 4039
3 4048 4049 4057
3 4057 4056 4048
3 4049 4050 4058
3 4058 4057 4049
3 4050 4051 4059
3 4059 4058 4050
3 4051 4052 4060
3 4060 4059 4051
3 4052 4053 4061
3 4061 4060 4052
3 4053 4054 4062
3 4062 4061 4053
3 4054 4055 4063
3 4063 4062 4054
3 4055 4048 4056
3 4056 4063 4055
3 4064 4065 4073
3 4073 4072 4064
3 4065 4066 4074
3 4074 4073 4065
3 4066 4067 4075
3 4075 4074 4066
3 4067 4068 4076
3 4076 4075 4067
3 4068 4069 4077
3 4077 4076 4068
3 4069 4070 4078
3 4078 4077 4069
3 4070 4071 4079
3 4079 4078 4070
3 4071 4064 4072
3 4072 4079 4071
3 4080 4081 4089
3 4089 4088 4080
3 4081 4082 4090
3 4090 4089 4081
3 4082 4083 4091
3 4091 4090 4082
3 4083 4084 4092
3 4092 4091 4083
3 4084 4085 4093
3 4093 4092 4084
3 4085 4086 4094
3 4094 4093 4085
3 4086 4087 4095
3 4095 4094 4086
3 4087 4080 4088
3 4088 4095 4087
3 4096 4097 4105
3 4105 4104 4096
3 4097 4098 4106
3 4106 4105 4097
3 4098 4099 4107
3 4107 4106 4098
3 4099 4100 4108
3 4108 4107 4099
3 4100 4101 4109
3 4109 4108 4100
3 4101 4102 4110
3 4110 4109 4101
3 4102 4103 4111
3 4111 4110 4102
3 4103 4096 4104
3 4104 4111 4103
3 4112 4113 4121
3 4121 4120 4112
3 4113 4114 4122
3 4122 4121 4113
3 4114 4115 4123
3 4123 4122 4114
3 4115 4116 4124
3 4124 4123 4115
3 4116 4117 4125
3 4125 4124 4116
3 4117 4118 4126
3 4126 4125 4117
3 4118 4119 4127
3 4127 4126 4118
3 4119 4112 4120
3 4120 4127 4119
3 4128 4129 4137
3 4137 4136 4128
3 4129 4130 4138
3 4138 4137 4129
3 4130 4131 4139
3 4139 4138 4130
3 4131 4132 4140
3 4140 4139 4131
3 4132 4133 4141
3 4141 4140 4132
3 4133 4134 4142
3 4142 4141 4133
3 4134 4135 4143
3 4143 4142 4134
3 4135 4128 4136
3 4136 4143 4135
3 4144 4145 4153
3 4153 4152 4144
3 4145 4146 4154
3 4154 4153 4145
3 4146 4147 4155
3 4155 4154 4146
3 4147 4148 4156
3 4156 4155 4147
3 4148 4149 4157
3 4157 4156 4148
3 4149 4150 4158
3 4158 4157 4149
3 4150 4151 4159
3 4159 4158 4150
3 4151 4144 4152
3 4152 4159 4151
3 4160 4161 4169
3 4169 4168 4160
3 4161 4162 4170
3 4170 4169 4161
3 4162 4163 4171
3 4171 4170 4162
3 4163 4164 4172
3 4172 4171 4163
3 4164 4165 4173
3 4173 4172 4164
3 4165 4166 4174
3 4174 4173 4165
3 4166 4167 4175
3 4175 4174 4166
3 4167 4160 4168
3 4168 4175 4167
3 4176 4177 4185
3 4185 4184 4176
3 4177 4178 4186
3 4186 4185 4177
3 4178 4179 4187
3 4187 4186 4178
3 4179 4180 4188
3 4188 4187 4179
3 4180 4181 4189
3 4189 4188 4180
3 4181 4182 4190
3 4190 4189 4181
3 4182 4183 4191
3 4191 4190 4182
3 4183 4176 4184
3 4184 4191 4183
3 4192 4193 4201
3 4201 4200 4192
3 4193 4194 4202
3 4202 4201 4193
3 4194 4195 4203
3 4203 4202 4194
3 4195 4196 4204
3 4204 4203 4195
3 4196 4197 4205
3 4205 4204 4196
3 4197 4198 4206
3 4206 4205 4197
3 4198 4199 4207
3 4207 4206 4198
3 4199 4192 4200
3 4200 4207 4199
3 4208 4209 4217
3 4217 4216 4208
3 4209 4210 4218
3 4218 4217 4209
3 4210 4211 4219
3 4219 4218 4210
3 4211 4212 4220
3 4220 4219 4211
3 4212 4213 4221
3 4221 4220 4212
3 4213 4214 4222
3 4222 4221 4213
3 4214 4215 4223
3 4223 4222 4214
3 4215 4208 4216
3 4216 4223 4215
3 4224 4225 4233
3 4233 4232 4224
3 4225 4226 4234
3 4234 4233 4225
3 4226 4227 4235
3 4235 4234 4226
3 4227 4228 4236
3 4236 4235 4227
3 4228 4229 4237
3 4237 4236 4228
3 4229 4230 4238
3 4238 4237 4229
3 4230 4231 4239
3 4239 4238 4230
3 4231 4224 4232
3 4232 4239 4231
3 4240 4241 4249
3 4249 4248 4240
3 4241 4242 4250
3 4250 4249 4241
3 4242 4243 4251
3 4251 4250 4242
3 4243 4244 4252
3 4252 4251 4243
3 4244 4245 4253
3 4253 4252 4244
3 4245 4246 4254
3 4254 4253 4245
3 4246 4247 4255
3 4255 4254 4246
3 4247 4240 4248
3 4248 4255 4247
3 4256 4257 4265
3 4265 4264 4256
3 4257 4258 4266
3 4266 4265 4257
3 4258 4259 4267
3 4267 4266 4258
3 4259 4260 4268
3 4268 4267 4259
3 4260 4261 4269
3 4269 4268 4260
3 4261 4262 4270
3 4270 4269 4261
3 4262 4263 4271
3 4271 4270 4262
3 4263 4256 4264
3 4264 4271 4263
3 4272 4273 4281
3 4281 4280 4272
3 4273 4274 4282
3 4282 4281 4273
3 4274 4275 4283
3 4283 4282 4274
3 4275 4276 4284
3 4284 4283 4275
3 4276 4277 4285
3 4285 4284 4276
3 4277 4278 4286
3 4286 4285 4277
3 4278 4279 4287
3 4287 4286 4278
3 4279 4272 4280
3 4280 4287 4279
3 4288 4289 4297
3 4297 4296 4288
3 4289 4290 4298
3 4298 4297 4289
3 4290 4291 4299
3 4299 4298 4290
3 4291 4292 4300
3 4300 4299 4291
3 4292 4293 4301
3 4301 4300 4292
3 4293 4294 4302
3 4302 4301 4293
3 4294 4295 4303
3 4303 4302 4294
3 4295 4288 4296
3 4296 4303 4295
3 4304 4305 4313
3 4313 4312 4304
3 4305 4306 4314
3 4314 4313 4305
3 4306 4307 4315
3 4315 4314 4306
3 4307 4308 4316
3 4316 4315 4307
3 4308 4309 4317
3 4317 4316 4308
3 4309 4310 4318
3 4318 4317 4309
3 4310 4311 4319
3 4319 4318 4310
3 4311 4304 4312
3 4312 4319 4311
3 4320 4321 4329
3 4329 4328 4320
3 4321 4322 4330
3 4330 4329 4321
3 4322 4323 4331
3 4331 4330 4322
3 4323 4324 4332
3 4332 4331 4323
3 4324 4325 4333
3 4333 4332 4324
3 4325 4326 4334
3 4334 4333 4325
3 4326 4327 4335
3 4335 4334 4326
3 4327 4320 4328
3 4328 4335 4327
3 4336 4337 4345
3 4345 4344 4336
3 4337 4338 4346
3 4346 4345 4337
3 4338 4339 4347
3 4347 4346 4338
3 4339 4340 4348
3 4348 4347 4339
3 4340 4341 4349
3 4349 4348 4340
3 4341 4342 4350
3 4350 4349 4341
3 4342 4343 4351
3 4351 4350 4342
3 4343 4336 4344
3 4344 4351 4343
3 4352 4353 4361
3 4361 4360 4352
3 4353 4354 4362
3 4362 4361 4353
3 4354 4355 4363
3 4363 4362 4354
3 4355 4356 4364
3 4364 4363 4355
3 4356 4357 4365
3 4365 4364 4356
3 4357 4358 4366
3 4366 4365 4357
3 4358 4359 4367
3 4367 4366 4358
3 4359 4352 4360
3 4360 4367 4359
3 4368 4369 4377
3 4377 4376 4368
3 4369 4370 4378
3 4378 4377 4369
3 4370 4371 4379
3 4379 4378 4370
3 4371 4372 4380
3 4380 4379 4371
3 4372 4373 4381
3 4381 4380 4372
3 4373 4374 4382
3 4382 4381 4373
3 4374 4375 4383
3 4383 4382 4374
3 4375 4368 4376
3 4376 4383 4375
3 4384 4385 4393
3 4393 4392 4384
3 4385 4386 4394
3 4394 4393 4385
3 4386 4387 4395
3 4395 4394 4386
3 4387 4388 4396
3 4396 4395 4387
3 4388 4389 4397
3 4397 4396 4388
3 4389 4390 4398
3 4398 4397 4389
3 4390 4391 4399
3 4399 4398 4390
3 4391 4384 4392
3 4392 4399 4391
3 4400 4401 4409
3 4409 4408 4400
3 4401 4402 4410
3 4410 4409 4401
3 4402 4403 4411
3 4411 4410 4402
3 4403 4404 4412
3 4412 4411 4403
3 4404 4405 4413
3 4413 4412 4404
3 4405 4406 4414
3 4414 4413 4405
3 4406 4407 4415
3 4415 4414 4406
3 4407 4400 4408
3 4408 4415 4407
3 4416 4417 4425
3 4425 4424 4416
3 4417 4418 4426
3 4426 4425 4417
3 4418 4419 4427
3 4427 4426 4418
3 4419 4420 4428
3 4428 4427 4419
3 4420 4421 4429
3 4429 4428 4420
3 4421 4422 4430
3 4430 4429 4421
3 4422 4423 4431
3 4431 4430 4422
3 4423 4416 4424
3 4424 4431 4423
3 4432 4433 4441
3 4441 4440 4432
3 4433 4434 4442
3 4442 4441 4433
3 4434 4435 4443
3 4443 4442 4434
3 4435 4436 4444
3 4444 4443 4435
3 4436 4437 4445
3 4445 4444 4436
3 4437 4438 4446
3 4446 4445 4437
3 4438 4439 4447
3 4447 4446 4438
3 4439 4432 4440
3 4440 4447 4439
3 4448 4449 4457
3 4457 4456 4448
3 4449 4450 4458
3 4458 4457 4449
3 4450 4451 4459
3 4459 4458 4450
3 4451 4452 4460
3 4460 4459 4451
3 4452 4453 4461
3 4461 4460 4452
3 4453 4454 4462
3 4462 4461 4453
3 4454 4455 4463
3 4463 4462 4454
3 4455 4448 4456
3 4456 4463 4455
3 4464 4465 4473
3 4473 4472 4464
3 4465 4466 4474
3 4474 4473 4465
3 4466 4467 4475
3 4475 4474 4466
3 4467 4468 4476
3 4476 4475 4467
3 4468 4469 4477
3 4477 4476 4468
3 4469 4470 4478
3 4478 4477 4469
3 4470 4471 4479
3 4479 4478 4470
3 4471 4464 4472
3 4472 4479 4471
3 4480 4481 4489
3 4489 4488 4480
3 4481 4482 4490
3 4490 4489 4481
3 4482 4483 4491
3 4491 4490 4482
3 4483 4484 4492
3 4492 4491 4483
3 4484 4485 4493
3 4493 4492 4484
3 4485 4486 4494
3 4494 4493 4485
3 4486 4487 4495
3 4495 4494 4486
3 4487 4480 4488
3 4488 4495 4487
3 4496 4497 4505
3 4505 4504 4496
3 4497 4498 4506
3 4506 4505 4497
3 4498 4499 4507
3 4507 4506 4498
3 4499 4500 4508
3 4508 4507 4499
3 4500 4501 4509
3 4509 4508 4500
3 4501 4502 4510
3 4510 4509 4501
3 4502 4503 4511
3 4511 4510 4502
3 4503 4496 4504
3 4504 4511 4503
3 4512 4513 4521
3 4521 4520 4512
3 4513 4514 4522
3 4522 4521 4513
3 4514 4515 4523
3 4523 4522 4514
3 4515 4516 4524
3 4524 4523 4515
3 4516 4517 4525
3 4525 4524 4516
3 4517 4518 4526
3 4526 4525 4517
3 4518 4519 4527
3 4527 4526 4518
3 4519 4512 4520
3 4520 4527 4519
3 4528 4529 4537
3 4537 4536 4528
3 4529 4530 4538
3 4538 4537 4529
3 4530 4531 4539
3 4539 4538 4530
3 4531 4532 4540
3 4540 4539 4531
3 4532 4533 4541
3 4541 4540 4532
3 4533 4534 4542
3 4542 4541 4533
3 4534 4535 4543
3 4543 4542 4534
3 4535 4528 4536
3 4536 4543 4535
3 4544 4545 4553
3 4553 4552 4544
3 4545 4546 4554
3 4554 4553 4545
3 4546 4547 4555
3 4555 4554 4546
3 4547 4548 4556
3 4556 4555 4547
3 4548 4549 4557
3 4557 4556 4548
3 4549 4550 4558
3 4558 4557 4549
3 4550 4551 4559
3 4559 4558 4550
3 4551 4544 4552
3 4552 4559 4551
3 4560 4561 4569
3 4569 4568 4560
3 4561 4562 4570
3 4570 4569 4561
3 4562 4563 4571
3 4571 4570 4562
3 4563 4564 4572
3 4572 4571 4563
3 4564 4565 4573
3 4573 4572 4564
3 4565 4566 4574
3 4574 4573 4565
3 4566 4567 4575
3 4575 4574 4566
3 4567 4560 4568
3 4568 4575 4567
3 4576 4577 4585
3 4585 4584 4576
3 4577 4578 4586
3 4586 4585 4577
3 4578 4579 4587
3 4587 4586 4578
3 4579 4580 4588
3 4588 4587 4579
3 4580 4581 4589
3 4589 4588 4580
3 4581 4582 4590
3 4590 4589 4581
3 4582 4583 4591
3 4591 4590 4582
3 4583 4576 4584
3 4584 4591 4583
