type, ID, parentID, startX, startY, startZ, endX, endY, endZ, radius, volume, growthVolume, length, growthLength, vesselVolume, distanceToTwig, FittingType, averagePointDistance, maxPointDistance, qualityFlag,segmentID, parentSegmentID, segmentMedianRadius, segmentGrowthVolume, segmentGrowthLength, branchOrder, reverseBranchOrder, reversePipeRadiusBranchorder, reversePipeAreaBranchorder, branchID, treeID, treeSpecies, translateX, translateY, translatez, gvA, gvB, gvC, glA, glB, glC
cylinder, 0, -1, -1.828830, 0.117410, -13.062072, -1.806818, 0.114962, -12.887093, 0.167326, 0.015514, 1.328935, 0.176375, 65.921766, 409.890984, 21.431134, SPHEREFOLLOWING, 0.005462, 0.018194, 1, 0, -1, 0.147836, 0.988220, 61.303134, 0, 7, 4.690416, 22, 0, 0, unknownSpecies, -11.846800, -2.013600, -13.038500, 0.010000, 0.401606, 0.000000, 0.010000, 0.401606, 0.000000
cylinder, 1, 0, -1.806818, 0.114962, -12.887093, -1.813591, 0.121482, -12.681554, 0.165460, 0.017696, 1.313421, 0.205754, 65.745390, 406.010730, 21.254759, SPHEREFOLLOWING, 0.006906, 0.018194, 1, 0, -1, 0.147836, 0.988220, 61.303134, 0, 7, 4.690416, 22, 0, 0, unknownSpecies, -11.846800, -2.013600, -13.038500, 0.010000, 0.401606, 0.000000, 0.010000, 0.401606, 0.000000
cylinder, 2, 1, -1.813591, 0.121482, -12.681554, -1.804127, 0.126729, -12.511527, 0.154135, 0.012716, 1.295725, 0.170371, 65.539637, 401.484150, 21.049006, SPHEREFOLLOWING, 0.007246, 0.018194, 1, 0, -1, 0.147836, 0.988220, 61.303134, 0, 7, 4.690416, 22, 0, 0, unknownSpecies, -11.846800, -2.013600, -13.038500, 0.010000, 0.401606, 0.000000, 0.010000, 0.401606, 0.000000
cylinder, 3, 2, -1.804127, 0.126729, -12.511527, -1.801646, 0.131396, -12.341902, 0.157093, 0.013157, 1.283009, 0.169708, 65.369266, 397.735993, 20.878635, SPHEREFOLLOWING, 0.006284, 0.018194, 1, 0, -1, 0.147836, 0.988220, 61.303134, 0, 7, 4.690416, 22, 0, 0, unknownSpecies, -11.846800, -2.013600, -13.038500, 0.010000, 0.401606, 0.000000, 0.010000, 0.401606, 0.000000
cylinder, 4, 3, -1.801646, 0.131396, -12.341902, -1.791924, 0.129751, -12.162146, 0.148264, 0.012433, 1.269852, 0.180026, 65.199558, 394.002425, 20.708927, SPHEREFOLLOWING, 0.006795, 0.018194, 1, 0, -1, 0.147836, 0.988220, 61.303134, 0, 7, 4.690416, 22, 0, 0, unknownSpecies, -11.846800, -2.013600, -13.038500, 0.010000, 0.401606, 0.000000, 0.010000, 0.401606, 0.000000
cylinder, 5, 4, -1.791924, 0.129751, -12.162146, -1.784126, 0.140933, -12.009960, 0.155532, 0.011612, 1.257419, 0.152795, 65.019532, 390.041846, 20.528901, SPHEREFOLLOWING, 0.004523, 0.018194, 1, 0, -1, 0.147836, 0.988220, 61.303134, 0, 7, 4.690416, 22, 0, 0, unknownSpecies, -11.846800, -2.013600, -13.038500, 0.010000, 0.401606, 0.000000, 0.010000, 0.401606, 0.000000
cylinder, 6, 5, -1.784126, 0.140933, -12.009960, -1.779455, 0.147945, -11.845644, 0.155137, 0.012440, 1.245808, 0.164532, 64.866737, 386.680358, 20.376106, SPHEREFOLLOWING, 0.005427, 0.018194, 1, 0, -1, 0.147836, 0.988220, 61.303134, 0, 7, 4.690416, 22, 0, 0, unknownSpecies, -11.846800, -2.013600, -13.038500, 0.010000, 0.401606, 0.000000, 0.010000, 0.401606, 0.000000
cylinder, 7, 6, -1.779455, 0.147945, -11.845644, -1.769346, 0.160047, -11.674661, 0.158448, 0.013543, 1.233367, 0.171709, 64.702205, 383.060653, 20.211574, SPHEREFOLLOWING, 0.009224, 0.018194, 1, 0, -1, 0.147836, 0.988220, 61.303134, 0, 7, 4.690416, 22, 0, 0, unknownSpecies, -11.846800, -2.013600, -13.038500, 0.010000, 0.401606, 0.000000, 0.010000, 0.401606, 0.000000
cylinder, 8, 7, -1.769346, 0.160047, -11.674661, -1.751192, 0.160292, -11.489455, 0.147817, 0.012774, 1.219824, 0.186093, 64.530496, 379.283058, 20.039865, SPHEREFOLLOWING, 0.005235, 0.018194, 1, 0, -1, 0.147836, 0.988220, 61.303134, 0, 7, 4.690416, 22, 0, 0, unknownSpecies, -11.846800, -2.013600, -13.038500, 0.010000, 0.401606, 0.000000, 0.010000, 0.401606, 0.000000
cylinder, 9, 8, -1.751192, 0.160292, -11.489455, -1.752156, 0.171037, -11.342155, 0.155507, 0.011221, 1.207050, 0.147694, 64.344403, 375.189007, 19.853772, SPHEREFOLLOWING, 0.007622, 0.018194, 1, 0, -1, 0.147836, 0.988220, 61.303134, 0, 7, 4.690416, 22, 0, 0, unknownSpecies, -11.846800, -2.013600, -13.038500, 0.010000, 0.401606, 0.000000, 0.010000, 0.401606, 0.000000
cylinder, 10, 9, -1.752156, 0.171037, -11.342155, -1.733379, 0.170863, -11.188622, 0.152321, 0.011274, 1.195830, 0.154677, 64.196709, 371.939734, 19.706078, SPHEREFOLLOWING, 0.004993, 0.018194, 1, 0, -1, 0.147836, 0.988220, 61.303134, 0, 7, 4.690416, 22, 0, 0, unknownSpecies, -11.846800, -2.013600, -13.038500, 0.010000, 0.401606, 0.000000, 0.010000, 0.401606, 0.000000
cylinder, 11, 10, -1.733379, 0.170863, -11.188622, -1.750314, 0.174749, -11.013227, 0.150962, 0.012619, 1.184555, 0.176254, 64.042032, 368.536837, 19.551401, SPHEREFOLLOWING, 0.004986, 0.018194, 1, 0, -1, 0.147836, 0.988220, 61.303134, 0, 7, 4.690416, 22, 0, 0, unknownSpecies, -11.846800, -2.013600, -13.038500, 0.010000, 0.401606, 0.000000, 0.010000, 0.401606, 0.000000
cylinder, 12, 11, -1.750314, 0.174749, -11.013227, -1.720021, 0.187266, -10.864811, 0.158432, 0.011985, 1.171936, 0.151992, 63.865777, 364.659240, 19.375146, SPHEREFOLLOWING, 0.010115, 0.018194, 1, 0, -1, 0.147836, 0.988220, 61.303134, 0, 7, 4.690416, 22, 0, 0, unknownSpecies, -11.846800, -2.013600, -13.038500, 0.010000, 0.401606, 0.000000, 0.010000, 0.401606, 0.000000
cylinder, 13, 12, -1.720021, 0.187266, -10.864811, -1.715894, 0.190557, -10.671758, 0.149652, 0.013588, 1.159951, 0.193125, 63.713785, 361.315417, 19.223154, SPHEREFOLLOWING, 0.006642, 0.018194, 1, 0, -1, 0.147836, 0.988220, 61.303134, 0, 7, 4.690416, 22, 0, 0, unknownSpecies, -11.846800, -2.013600, -13.038500, 0.010000, 0.401606, 0.000000, 0.010000, 0.401606, 0.000000
cylinder, 14, 13, -1.715894, 0.190557, -10.671758, -1.707739, 0.208108, -10.527904, 0.156559, 0.011177, 1.146363, 0.145150, 63.520660, 357.066659, 19.030029, SPHEREFOLLOWING, 0.011041, 0.018194, 1, 0, -1, 0.147836, 0.988220, 61.303134, 0, 7, 4.690416, 22, 0, 0, unknownSpecies, -11.846800, -2.013600, -13.038500, 0.010000, 0.401606, 0.000000, 0.010000, 0.401606, 0.000000
cylinder, 15, 14, -1.707739, 0.208108, -10.527904, -1.699544, 0.218681, -10.348298, 0.155800, 0.013734, 1.135186, 0.180103, 63.375510, 353.873358, 18.884879, SPHEREFOLLOWING, 0.008274, 0.018194, 1, 0, -1, 0.147836, 0.988220, 61.303134, 0, 7, 4.690416, 22, 0, 0, unknownSpecies, -11.846800, -2.013600, -13.038500, 0.010000, 0.401606, 0.000000, 0.010000, 0.401606, 0.000000
cylinder, 16, 15, -1.699544, 0.218681, -10.348298, -1.688960, 0.221220, -10.209292, 0.159794, 0.011185, 1.121452, 0.139431, 63.195407, 349.911093, 18.704776, SPHEREFOLLOWING, 0.008603, 0.018194, 1, 0, -1, 0.147836, 0.988220, 61.303134, 0, 7, 4.690416, 22, 0, 0, unknownSpecies, -11.846800, -2.013600, -13.038500, 0.010000, 0.401606, 0.000000, 0.010000, 0.401606, 0.000000
cylinder, 17, 16, -1.688960, 0.221220, -10.209292, -1.677020, 0.239217, -10.030910, 0.154131, 0.013410, 1.110267, 0.179686, 63.055976, 346.843608, 18.565345, SPHEREFOLLOWING, 0.010958, 0.018194, 1, 0, -1, 0.147836, 0.988220, 61.303134, 0, 7, 4.690416, 22, 0, 0, unknownSpecies, -11.846800, -2.013600, -13.038500, 0.010000, 0.401606, 0.000000, 0.010000, 0.401606, 0.000000
cylinder, 18, 17, -1.677020, 0.239217, -10.030910, -1.652821, 0.262025, -9.867540, 0.152436, 0.012171, 1.096856, 0.166719, 62.876290, 342.890526, 18.385659, SPHEREFOLLOWING, 0.010824, 0.018194, 1, 0, -1, 0.147836, 0.988220, 61.303134, 0, 7, 4.690416, 22, 0, 0, unknownSpecies, -11.846800, -2.013600, -13.038500, 0.010000, 0.401606, 0.000000, 0.010000, 0.401606, 0.000000
cylinder, 19, 18, -1.652821, 0.262025, -9.867540, -1.632814, 0.276670, -9.714073, 0.152361, 0.011337, 1.084686, 0.155457, 62.709571, 339.222703, 18.218940, SPHEREFOLLOWING, 0.010265, 0.018194, 1, 0, -1, 0.147836, 0.988220, 61.303134, 0, 7, 4.690416, 22, 0, 0, unknownSpecies, -11.846800, -2.013600, -13.038500, 0.010000, 0.401606, 0.000000, 0.010000, 0.401606, 0.000000
cylinder, 20, 19, -1.632814, 0.276670, -9.714073, -1.609215, 0.277961, -9.548639, 0.146421, 0.011256, 1.073348, 0.167113, 62.554114, 335.802644, 18.063483, SPHEREFOLLOWING, 0.006444, 0.018194, 1, 0, -1, 0.147836, 0.988220, 61.303134, 0, 7, 4.690416, 22, 0, 0, unknownSpecies, -11.846800, -2.013600, -13.038500, 0.010000, 0.401606, 0.000000, 0.010000, 0.401606, 0.000000
cylinder, 21, 20, -1.609215, 0.277961, -9.548639, -1.595007, 0.278177, -9.398611, 0.147836, 0.010347, 1.062093, 0.150700, 62.387000, 332.126148, 17.896369, SPHEREFOLLOWING, 0.005363, 0.018194, 1, 0, -1, 0.147836, 0.988220, 61.303134, 0, 7, 4.690416, 22, 0, 0, unknownSpecies, -11.846800, -2.013600, -13.038500, 0.010000, 0.401606, 0.000000, 0.010000, 0.401606, 0.000000
cylinder, 22, 21, -1.595007, 0.278177, -9.398611, -1.577198, 0.290302, -9.247826, 0.148594, 0.010566, 1.051746, 0.152317, 62.236301, 328.810754, 17.745669, SPHEREFOLLOWING, 0.005784, 0.018194, 1, 0, -1, 0.147836, 0.988220, 61.303134, 0, 7, 4.690416, 22, 0, 0, unknownSpecies, -11.846800, -2.013600, -13.038500, 0.010000, 0.401606, 0.000000, 0.010000, 0.401606, 0.000000
cylinder, 23, 22, -1.577198, 0.290302, -9.247826, -1.575199, 0.289676, -9.108141, 0.151896, 0.010126, 1.041180, 0.139700, 62.083984, 325.459782, 17.593353, SPHEREFOLLOWING, 0.007504, 0.018194, 1, 0, -1, 0.147836, 0.988220, 61.303134, 0, 7, 4.690416, 22, 0, 0, unknownSpecies, -11.846800, -2.013600, -13.038500, 0.010000, 0.401606, 0.000000, 0.010000, 0.401606, 0.000000
cylinder, 24, 23, -1.575199, 0.289676, -9.108141, -1.569568, 0.308035, -8.947027, 0.151080, 0.011635, 1.031054, 0.162254, 61.944283, 322.386374, 17.453652, SPHEREFOLLOWING, 0.007881, 0.018194, 1, 0, -1, 0.147836, 0.988220, 61.303134, 0, 7, 4.690416, 22, 0, 0, unknownSpecies, -11.846800, -2.013600, -13.038500, 0.010000, 0.401606, 0.000000, 0.010000, 0.401606, 0.000000
cylinder, 25, 24, -1.569568, 0.308035, -8.947027, -1.572720, 0.322180, -8.780525, 0.150872, 0.011952, 1.019419, 0.167131, 61.782029, 318.816784, 17.291398, SPHEREFOLLOWING, 0.010100, 0.018194, 1, 0, -1, 0.147836, 0.988220, 61.303134, 0, 7, 4.690416, 22, 0, 0, unknownSpecies, -11.846800, -2.013600, -13.038500, 0.010000, 0.401606, 0.000000, 0.010000, 0.401606, 0.000000
cylinder, 26, 25, -1.572720, 0.322180, -8.780525, -1.560628, 0.322937, -8.611549, 0.136694, 0.009945, 1.007467, 0.169410, 61.614898, 315.139891, 17.124267, SPHEREFOLLOWING, 0.006637, 0.018194, 1, 0, -1, 0.147836, 0.988220, 61.303134, 0, 7, 4.690416, 22, 0, 0, unknownSpecies, -11.846800, -2.013600, -13.038500, 0.010000, 0.401606, 0.000000, 0.010000, 0.401606, 0.000000
cylinder, 27, 26, -1.560628, 0.322937, -8.611549, -1.549808, 0.322265, -8.469608, 0.144224, 0.009302, 0.997523, 0.142354, 61.445488, 311.412880, 16.954857, SPHEREFOLLOWING, 0.004945, 0.018194, 1, 0, -1, 0.147836, 0.988220, 61.303134, 0, 7, 4.690416, 22, 0, 0, unknownSpecies, -11.846800, -2.013600, -13.038500, 0.010000, 0.401606, 0.000000, 0.010000, 0.401606, 0.000000
cylinder, 28, 27, -1.549808, 0.322265, -8.469608, -1.544445, 0.332005, -8.330141, 0.146597, 0.009446, 0.988220, 0.139910, 61.303134, 308.281081, 16.812503, SPHEREFOLLOWING, 0.007146, 0.018194, 1, 0, -1, 0.147836, 0.988220, 61.303134, 0, 7, 4.690416, 22, 0, 0, unknownSpecies, -11.846800, -2.013600, -13.038500, 0.010000, 0.401606, 0.000000, 0.010000, 0.401606, 0.000000
cylinder, 29, 28, -1.544445, 0.332005, -8.330141, -1.528049, 0.336715, -8.169383, 0.149083, 0.011288, 0.978774, 0.161661, 61.163224, 305.203066, 16.672593, SPHEREFOLLOWING, 0.007131, 0.018194, 1, 0, -1, 0.147836, 0.988220, 61.303134, 0, 7, 4.690416, 22, 0, 0, unknownSpecies, -11.846800, -2.013600, -13.038500, 0.010000, 0.401606, 0.000000, 0.010000, 0.401606, 0.000000
cylinder, 30, 29, -1.528049, 0.336715, -8.169383, -1.517817, 0.330300, -8.010808, 0.139344, 0.009701, 0.967487, 0.159034, 61.001563, 301.646533, 16.510932, SPHEREFOLLOWING, 0.005951, 0.018194, 1, 0, -1, 0.147836, 0.988220, 61.303134, 0, 7, 4.690416, 22, 0, 0, unknownSpecies, -11.846800, -2.013600, -13.038500, 0.010000, 0.401606, 0.000000, 0.010000, 0.401606, 0.000000
cylinder, 31, 30, -1.517817, 0.330300, -8.010808, -1.493596, 0.336141, -7.857076, 0.139190, 0.009479, 0.957786, 0.155738, 60.842529, 298.147779, 16.351898, SPHEREFOLLOWING, 0.004058, 0.018194, 1, 0, -1, 0.147836, 0.988220, 61.303134, 0, 7, 4.690416, 22, 0, 0, unknownSpecies, -11.846800, -2.013600, -13.038500, 0.010000, 0.401606, 0.000000, 0.010000, 0.401606, 0.000000
cylinder, 32, 31, -1.493596, 0.336141, -7.857076, -1.488622, 0.343121, -7.707119, 0.142165, 0.009537, 0.948307, 0.150202, 60.686791, 294.721550, 16.196160, SPHEREFOLLOWING, 0.004072, 0.018194, 1, 0, -1, 0.147836, 0.988220, 61.303134, 0, 7, 4.690416, 22, 0, 0, unknownSpecies, -11.846800, -2.013600, -13.038500, 0.010000, 0.401606, 0.000000, 0.010000, 0.401606, 0.000000
cylinder, 33, 32, -1.488622, 0.343121, -7.707119, -1.470583, 0.357394, -7.579969, 0.146774, 0.008745, 0.938770, 0.129214, 60.536589, 291.417107, 16.045958, SPHEREFOLLOWING, 0.007131, 0.018194, 1, 0, -1, 0.147836, 0.988220, 61.303134, 0, 7, 4.690416, 22, 0, 0, unknownSpecies, -11.846800, -2.013600, -13.038500, 0.010000, 0.401606, 0.000000, 0.010000, 0.401606, 0.000000
cylinder, 34, 33, -1.470583, 0.357394, -7.579969, -1.456957, 0.371029, -7.431970, 0.141805, 0.009429, 0.930025, 0.149250, 60.407376, 288.574408, 15.916745, SPHEREFOLLOWING, 0.004321, 0.018194, 1, 0, -1, 0.147836, 0.988220, 61.303134, 0, 7, 4.690416, 22, 0, 0, unknownSpecies, -11.846800, -2.013600, -13.038500, 0.010000, 0.401606, 0.000000, 0.010000, 0.401606, 0.000000
cylinder, 35, 34, -1.456957, 0.371029, -7.431970, -1.443532, 0.389542, -7.265639, 0.148966, 0.011705, 0.920596, 0.167896, 60.258126, 285.290914, 15.767495, SPHEREFOLLOWING, 0.010063, 0.018194, 1, 0, -1, 0.147836, 0.988220, 61.303134, 0, 7, 4.690416, 22, 0, 0, unknownSpecies, -11.846800, -2.013600, -13.038500, 0.010000, 0.401606, 0.000000, 0.010000, 0.401606, 0.000000
cylinder, 36, 35, -1.443532, 0.389542, -7.265639, -1.434168, 0.396916, -7.109518, 0.143219, 0.010090, 0.908891, 0.156576, 60.090231, 281.597213, 15.599599, SPHEREFOLLOWING, 0.005636, 0.018194, 1, 0, -1, 0.147836, 0.988220, 61.303134, 0, 7, 4.690416, 22, 0, 0, unknownSpecies, -11.846800, -2.013600, -13.038500, 0.010000, 0.401606, 0.000000, 0.010000, 0.401606, 0.000000
cylinder, 37, 36, -1.434168, 0.396916, -7.109518, -1.429663, 0.419752, -6.945912, 0.146420, 0.011130, 0.898802, 0.165253, 59.933655, 278.152549, 15.443024, SPHEREFOLLOWING, 0.005786, 0.018194, 1, 0, -1, 0.147836, 0.988220, 61.303134, 0, 7, 4.690416, 22, 0, 0, unknownSpecies, -11.846800, -2.013600, -13.038500, 0.010000, 0.401606, 0.000000, 0.010000, 0.401606, 0.000000
cylinder, 38, 37, -1.429663, 0.419752, -6.945912, -1.418037, 0.434376, -6.789919, 0.143300, 0.010135, 0.887672, 0.157108, 59.768402, 274.516980, 15.277771, SPHEREFOLLOWING, 0.005100, 0.018194, 1, 0, -1, 0.147836, 0.988220, 61.303134, 0, 7, 4.690416, 22, 0, 0, unknownSpecies, -11.846800, -2.013600, -13.038500, 0.010000, 0.401606, 0.000000, 0.010000, 0.401606, 0.000000
cylinder, 39, 38, -1.418037, 0.434376, -6.789919, -1.407125, 0.442387, -6.632429, 0.141468, 0.009938, 0.877536, 0.158070, 59.611294, 271.060612, 15.120663, SPHEREFOLLOWING, 0.007957, 0.018194, 1, 0, -1, 0.147836, 0.988220, 61.303134, 0, 7, 4.690416, 22, 0, 0, unknownSpecies, -11.846800, -2.013600, -13.038500, 0.010000, 0.401606, 0.000000, 0.010000, 0.401606, 0.000000
cylinder, 40, 39, -1.407125, 0.442387, -6.632429, -1.390160, 0.443184, -6.479050, 0.136414, 0.009022, 0.867598, 0.154317, 59.453224, 267.583062, 14.962593, SPHEREFOLLOWING, 0.004398, 0.018194, 1, 0, -1, 0.147836, 0.988220, 61.303134, 0, 7, 4.690416, 22, 0, 0, unknownSpecies, -11.846800, -2.013600, -13.038500, 0.010000, 0.401606, 0.000000, 0.010000, 0.401606, 0.000000
cylinder, 41, 40, -1.390160, 0.443184, -6.479050, -1.385365, 0.448012, -6.330878, 0.136823, 0.008724, 0.858576, 0.148328, 59.298907, 264.188089, 14.808276, SPHEREFOLLOWING, 0.004298, 0.018194, 1, 0, -1, 0.147836, 0.988220, 61.303134, 0, 7, 4.690416, 22, 0, 0, unknownSpecies, -11.846800, -2.013600, -13.038500, 0.010000, 0.401606, 0.000000, 0.010000, 0.401606, 0.000000
cylinder, 42, 41, -1.385365, 0.448012, -6.330878, -1.368824, 0.456045, -6.179718, 0.137795, 0.009083, 0.849853, 0.152275, 59.150579, 260.924882, 14.659948, SPHEREFOLLOWING, 0.004871, 0.018194, 1, 0, -1, 0.147836, 0.988220, 61.303134, 0, 7, 4.690416, 22, 0, 0, unknownSpecies, -11.846800, -2.013600, -13.038500, 0.010000, 0.401606, 0.000000, 0.010000, 0.401606, 0.000000
cylinder, 43, 42, -1.368824, 0.456045, -6.179718, -1.353825, 0.473138, -6.021144, 0.138449, 0.009647, 0.840769, 0.160195, 58.998304, 257.574831, 14.507673, SPHEREFOLLOWING, 0.005226, 0.018194, 1, 0, -1, 0.147836, 0.988220, 61.303134, 0, 7, 4.690416, 22, 0, 0, unknownSpecies, -11.846800, -2.013600, -13.038500, 0.010000, 0.401606, 0.000000, 0.010000, 0.401606, 0.000000
cylinder, 44, 43, -1.353825, 0.473138, -6.021144, -1.352645, 0.488666, -5.887619, 0.143918, 0.008747, 0.831123, 0.134431, 58.838109, 254.050531, 14.347478, SPHEREFOLLOWING, 0.006138, 0.018194, 1, 0, -1, 0.147836, 0.988220, 61.303134, 0, 7, 4.690416, 22, 0, 0, unknownSpecies, -11.846800, -2.013600, -13.038500, 0.010000, 0.401606, 0.000000, 0.010000, 0.401606, 0.000000
cylinder, 45, 44, -1.352645, 0.488666, -5.887619, -1.323298, 0.486267, -5.737992, 0.142312, 0.009703, 0.822375, 0.152496, 58.703678, 251.093051, 14.213047, SPHEREFOLLOWING, 0.006209, 0.018194, 1, 0, -1, 0.147836, 0.988220, 61.303134, 0, 7, 4.690416, 22, 0, 0, unknownSpecies, -11.846800, -2.013600, -13.038500, 0.010000, 0.401606, 0.000000, 0.010000, 0.401606, 0.000000
cylinder, 46, 45, -1.323298, 0.486267, -5.737992, -1.317638, 0.491747, -5.584560, 0.135047, 0.008802, 0.812672, 0.153634, 58.551182, 247.738133, 14.060550, SPHEREFOLLOWING, 0.005476, 0.018194, 1, 0, -1, 0.147836, 0.988220, 61.303134, 0, 7, 4.690416, 22, 0, 0, unknownSpecies, -11.846800, -2.013600, -13.038500, 0.010000, 0.401606, 0.000000, 0.010000, 0.401606, 0.000000
cylinder, 47, 46, -1.317638, 0.491747, -5.584560, -1.306189, 0.506105, -5.449627, 0.136655, 0.007989, 0.803870, 0.136177, 58.397547, 244.358183, 13.906916, SPHEREFOLLOWING, 0.005318, 0.018194, 1, 0, -1, 0.147836, 0.988220, 61.303134, 0, 7, 4.690416, 22, 0, 0, unknownSpecies, -11.846800, -2.013600, -13.038500, 0.010000, 0.401606, 0.000000, 0.010000, 0.401606, 0.000000
cylinder, 48, 47, -1.306189, 0.506105, -5.449627, -1.305557, 0.515331, -5.311443, 0.138286, 0.008320, 0.795881, 0.138493, 58.261371, 241.362293, 13.770739, SPHEREFOLLOWING, 0.006409, 0.018194, 1, 0, -1, 0.147836, 0.988220, 61.303134, 0, 7, 4.690416, 22, 0, 0, unknownSpecies, -11.846800, -2.013600, -13.038500, 0.010000, 0.401606, 0.000000, 0.010000, 0.401606, 0.000000
cylinder, 49, 48, -1.305557, 0.515331, -5.311443, -1.305006, 0.524730, -5.187548, 0.143197, 0.008004, 0.787560, 0.124252, 58.122877, 238.315444, 13.632246, SPHEREFOLLOWING, 0.008615, 0.018194, 1, 0, -1, 0.147836, 0.988220, 61.303134, 0, 7, 4.690416, 22, 0, 0, unknownSpecies, -11.846800, -2.013600, -13.038500, 0.010000, 0.401606, 0.000000, 0.010000, 0.401606, 0.000000
cylinder, 50, 49, -1.305006, 0.524730, -5.187548, -1.296158, 0.528289, -5.036309, 0.142864, 0.009717, 0.779556, 0.151540, 57.998626, 235.581901, 13.507994, SPHEREFOLLOWING, 0.006954, 0.018194, 1, 0, -1, 0.147836, 0.988220, 61.303134, 0, 7, 4.690416, 22, 0, 0, unknownSpecies, -11.846800, -2.013600, -13.038500, 0.010000, 0.401606, 0.000000, 0.010000, 0.401606, 0.000000
cylinder, 51, 50, -1.296158, 0.528289, -5.036309, -1.288933, 0.535966, -4.904570, 0.145008, 0.008730, 0.769840, 0.132160, 57.847086, 232.248026, 13.356455, SPHEREFOLLOWING, 0.005915, 0.018194, 1, 0, -1, 0.147836, 0.988220, 61.303134, 0, 7, 4.690416, 22, 0, 0, unknownSpecies, -11.846800, -2.013600, -13.038500, 0.010000, 0.401606, 0.000000, 0.010000, 0.401606, 0.000000
cylinder, 52, 51, -1.288933, 0.535966, -4.904570, -1.291745, 0.543441, -4.752383, 0.146261, 0.010242, 0.761109, 0.152396, 57.714926, 229.340501, 13.224294, SPHEREFOLLOWING, 0.006816, 0.018194, 1, 0, -1, 0.147836, 0.988220, 61.303134, 0, 7, 4.690416, 22, 0, 0, unknownSpecies, -11.846800, -2.013600, -13.038500, 0.010000, 0.401606, 0.000000, 0.010000, 0.401606, 0.000000
cylinder, 53, 52, -1.291745, 0.543441, -4.752383, -1.279603, 0.533703, -4.612289, 0.154326, 0.010547, 0.750867, 0.140956, 57.562530, 225.987793, 13.071899, SPHEREFOLLOWING, 0.011398, 0.018194, 1, 0, -1, 0.147836, 0.988220, 61.303134, 0, 7, 4.690416, 22, 0, 0, unknownSpecies, -11.846800, -2.013600, -13.038500, 0.010000, 0.401606, 0.000000, 0.010000, 0.401606, 0.000000
cylinder, 54, 53, -1.279603, 0.533703, -4.612289, -1.254562, 0.521873, -4.464485, 0.170131, 0.013674, 0.740321, 0.150377, 57.421574, 222.886766, 12.930943, SPHEREFOLLOWING, 0.017262, 0.018194, 1, 0, -1, 0.147836, 0.988220, 61.303134, 0, 7, 4.690416, 22, 0, 0, unknownSpecies, -11.846800, -2.013600, -13.038500, 0.010000, 0.401606, 0.000000, 0.010000, 0.401606, 0.000000
cylinder, 55, 54, -1.254562, 0.521873, -4.464485, -1.228144, 0.531168, -4.337743, 0.154326, 0.009712, 0.726646, 0.129800, 57.271197, 219.578483, 12.780566, MEDIAN, 0.028316, 0.018194, 0, 0, -1, 0.147836, 0.988220, 61.303134, 0, 7, 4.690416, 22, 0, 0, unknownSpecies, -11.846800, -2.013600, -13.038500, 0.010000, 0.401606, 0.000000, 0.010000, 0.401606, 0.000000
cylinder, 56, 55, -1.228144, 0.531168, -4.337743, -1.231678, 0.540269, -4.209414, 0.154326, 0.009630, 0.716935, 0.128700, 57.141398, 216.722890, 12.650767, MEDIAN, 0.041914, 0.018194, 0, 0, -1, 0.147836, 0.988220, 61.303134, 0, 7, 4.690416, 22, 0, 0, unknownSpecies, -11.846800, -2.013600, -13.038500, 0.010000, 0.401606, 0.000000, 0.010000, 0.401606, 0.000000
cylinder, 57, 56, -1.231678, 0.540269, -4.209414, -1.214339, 0.420803, -3.951160, 0.126836, 0.014408, 0.455074, 0.285075, 34.335134, 133.070019, 12.522067, SPHEREFOLLOWING, 0.040076, 0.018194, 0, 1, 0, 0.115226, 0.403421, 33.175156, 0, 6, 3.464102, 12, 0, 0, unknownSpecies, -11.846800, -2.013600, -13.038500, 0.010000, 0.401606, 0.000000, 0.010000, 0.401606, 0.000000
cylinder, 58, 57, -1.214339, 0.420803, -3.951160, -1.217239, 0.408339, -3.852605, 0.125707, 0.004934, 0.440666, 0.099382, 34.050059, 129.649117, 12.236992, SPHEREFOLLOWING, 0.006254, 0.018194, 1, 1, 0, 0.115226, 0.403421, 33.175156, 0, 6, 3.464102, 12, 0, 0, unknownSpecies, -11.846800, -2.013600, -13.038500, 0.010000, 0.401606, 0.000000, 0.010000, 0.401606, 0.000000
cylinder, 59, 58, -1.217239, 0.408339, -3.852605, -1.210898, 0.396427, -3.687832, 0.116864, 0.007093, 0.435732, 0.165324, 33.950676, 128.456530, 12.137609, SPHEREFOLLOWING, 0.010303, 0.018194, 1, 1, 0, 0.115226, 0.403421, 33.175156, 0, 6, 3.464102, 12, 0, 0, unknownSpecies, -11.846800, -2.013600, -13.038500, 0.010000, 0.401606, 0.000000, 0.010000, 0.401606, 0.000000
cylinder, 60, 59, -1.210898, 0.396427, -3.687832, -1.198680, 0.389628, -3.561092, 0.116649, 0.005451, 0.428639, 0.127509, 33.785352, 126.472637, 11.972285, SPHEREFOLLOWING, 0.017907, 0.018194, 1, 1, 0, 0.115226, 0.403421, 33.175156, 0, 6, 3.464102, 12, 0, 0, unknownSpecies, -11.846800, -2.013600, -13.038500, 0.010000, 0.401606, 0.000000, 0.010000, 0.401606, 0.000000
cylinder, 61, 60, -1.198680, 0.389628, -3.561092, -1.192824, 0.394271, -3.450882, 0.116767, 0.004732, 0.423188, 0.110464, 33.657843, 124.942530, 11.844776, SPHEREFOLLOWING, 0.006368, 0.018194, 1, 1, 0, 0.115226, 0.403421, 33.175156, 0, 6, 3.464102, 12, 0, 0, unknownSpecies, -11.846800, -2.013600, -13.038500, 0.010000, 0.401606, 0.000000, 0.010000, 0.401606, 0.000000
cylinder, 62, 61, -1.192824, 0.394271, -3.450882, -1.192588, 0.392297, -3.330208, 0.109979, 0.004586, 0.418457, 0.120690, 33.547379, 123.616968, 11.734313, SPHEREFOLLOWING, 0.009739, 0.018194, 1, 1, 0, 0.115226, 0.403421, 33.175156, 0, 6, 3.464102, 12, 0, 0, unknownSpecies, -11.846800, -2.013600, -13.038500, 0.010000, 0.401606, 0.000000, 0.010000, 0.401606, 0.000000
cylinder, 63, 62, -1.192588, 0.392297, -3.330208, -1.203060, 0.387765, -3.213239, 0.115226, 0.004902, 0.413871, 0.117525, 33.426690, 122.168690, 11.613623, SPHEREFOLLOWING, 0.006622, 0.018194, 1, 1, 0, 0.115226, 0.403421, 33.175156, 0, 6, 3.464102, 12, 0, 0, unknownSpecies, -11.846800, -2.013600, -13.038500, 0.010000, 0.401606, 0.000000, 0.010000, 0.401606, 0.000000
cylinder, 64, 63, -1.203060, 0.387765, -3.213239, -1.178560, 0.381159, -3.081655, 0.114794, 0.005548, 0.408969, 0.134009, 33.309165, 120.758396, 11.496098, SPHEREFOLLOWING, 0.010012, 0.018194, 1, 1, 0, 0.115226, 0.403421, 33.175156, 0, 6, 3.464102, 12, 0, 0, unknownSpecies, -11.846800, -2.013600, -13.038500, 0.010000, 0.401606, 0.000000, 0.010000, 0.401606, 0.000000
cylinder, 65, 64, -1.178560, 0.381159, -3.081655, -1.158394, 0.382917, -2.970349, 0.111935, 0.004453, 0.403421, 0.113131, 33.175156, 119.150292, 11.362090, SPHEREFOLLOWING, 0.005983, 0.018194, 1, 1, 0, 0.115226, 0.403421, 33.175156, 0, 6, 3.464102, 12, 0, 0, unknownSpecies, -11.846800, -2.013600, -13.038500, 0.010000, 0.401606, 0.000000, 0.010000, 0.401606, 0.000000
cylinder, 66, 65, -1.158394, 0.382917, -2.970349, -1.158572, 0.378296, -2.850461, 0.102506, 0.003960, 0.398968, 0.119976, 33.062025, 117.792716, 11.248958, SPHEREFOLLOWING, 0.006838, 0.018194, 1, 1, 0, 0.115226, 0.403421, 33.175156, 0, 6, 3.464102, 12, 0, 0, unknownSpecies, -11.846800, -2.013600, -13.038500, 0.010000, 0.401606, 0.000000, 0.010000, 0.401606, 0.000000
cylinder, 67, 66, -1.158572, 0.378296, -2.850461, -1.148313, 0.383676, -2.746658, 0.108642, 0.003873, 0.395007, 0.104448, 32.942049, 116.352998, 11.128982, SPHEREFOLLOWING, 0.005798, 0.018194, 1, 1, 0, 0.115226, 0.403421, 33.175156, 0, 6, 3.464102, 12, 0, 0, unknownSpecies, -11.846800, -2.013600, -13.038500, 0.010000, 0.401606, 0.000000, 0.010000, 0.401606, 0.000000
cylinder, 68, 67, -1.148313, 0.383676, -2.746658, -1.149101, 0.380308, -2.615765, 0.103943, 0.004444, 0.391134, 0.130939, 32.837601, 115.099628, 11.024534, SPHEREFOLLOWING, 0.006526, 0.018194, 1, 1, 0, 0.115226, 0.403421, 33.175156, 0, 6, 3.464102, 12, 0, 0, unknownSpecies, -11.846800, -2.013600, -13.038500, 0.010000, 0.401606, 0.000000, 0.010000, 0.401606, 0.000000
cylinder, 69, 68, -1.149101, 0.380308, -2.615765, -1.148579, 0.379290, -2.502635, 0.112405, 0.004491, 0.386690, 0.113136, 32.706662, 113.528361, 10.893595, SPHEREFOLLOWING, 0.006446, 0.018194, 1, 1, 0, 0.115226, 0.403421, 33.175156, 0, 6, 3.464102, 12, 0, 0, unknownSpecies, -11.846800, -2.013600, -13.038500, 0.010000, 0.401606, 0.000000, 0.010000, 0.401606, 0.000000
cylinder, 70, 69, -1.148579, 0.379290, -2.502635, -1.151783, 0.378688, -2.377659, 0.120115, 0.005667, 0.382199, 0.125018, 32.593526, 112.170730, 10.780459, SPHEREFOLLOWING, 0.010270, 0.018194, 1, 1, 0, 0.115226, 0.403421, 33.175156, 0, 6, 3.464102, 12, 0, 0, unknownSpecies, -11.846800, -2.013600, -13.038500, 0.010000, 0.401606, 0.000000, 0.010000, 0.401606, 0.000000
cylinder, 71, 70, -1.151783, 0.378688, -2.377659, -1.152451, 0.371869, -2.256472, 0.118027, 0.005312, 0.376532, 0.121381, 32.468508, 110.670509, 10.655441, SPHEREFOLLOWING, 0.007558, 0.018194, 1, 1, 0, 0.115226, 0.403421, 33.175156, 0, 6, 3.464102, 12, 0, 0, unknownSpecies, -11.846800, -2.013600, -13.038500, 0.010000, 0.401606, 0.000000, 0.010000, 0.401606, 0.000000
cylinder, 72, 71, -1.152451, 0.371869, -2.256472, -1.168294, 0.366444, -2.134411, 0.113547, 0.004990, 0.371220, 0.123204, 32.347127, 109.213940, 10.534060, SPHEREFOLLOWING, 0.008136, 0.018194, 1, 1, 0, 0.115226, 0.403421, 33.175156, 0, 6, 3.464102, 12, 0, 0, unknownSpecies, -11.846800, -2.013600, -13.038500, 0.010000, 0.401606, 0.000000, 0.010000, 0.401606, 0.000000
cylinder, 73, 72, -1.168294, 0.366444, -2.134411, -1.174026, 0.383060, -2.008470, 0.119729, 0.005727, 0.366230, 0.127162, 32.223923, 107.735494, 10.410856, SPHEREFOLLOWING, 0.011283, 0.018194, 1, 1, 0, 0.115226, 0.403421, 33.175156, 0, 6, 3.464102, 12, 0, 0, unknownSpecies, -11.846800, -2.013600, -13.038500, 0.010000, 0.401606, 0.000000, 0.010000, 0.401606, 0.000000
cylinder, 74, 73, -1.174026, 0.383060, -2.008470, -1.165265, 0.388195, -1.873875, 0.113965, 0.005507, 0.350446, 0.134977, 29.455375, 103.568159, 10.283694, SPHEREFOLLOWING, 0.006861, 0.018194, 1, 2, 1, 0.106602, 0.277286, 27.496653, 0, 5, 3.316625, 11, 0, 0, unknownSpecies, -11.846800, -2.013600, -13.038500, 0.010000, 0.401606, 0.000000, 0.010000, 0.401606, 0.000000
cylinder, 75, 74, -1.165265, 0.388195, -1.873875, -1.154296, 0.376158, -1.754035, 0.107295, 0.004374, 0.344939, 0.120942, 29.320398, 102.083411, 10.148717, SPHEREFOLLOWING, 0.006676, 0.018194, 1, 2, 1, 0.106602, 0.277286, 27.496653, 0, 5, 3.316625, 11, 0, 0, unknownSpecies, -11.846800, -2.013600, -13.038500, 0.010000, 0.401606, 0.000000, 0.010000, 0.401606, 0.000000
cylinder, 76, 75, -1.154296, 0.376158, -1.754035, -1.149210, 0.377517, -1.637684, 0.104469, 0.003993, 0.340565, 0.116470, 29.199456, 100.753052, 10.027775, SPHEREFOLLOWING, 0.007244, 0.018194, 1, 2, 1, 0.106602, 0.277286, 27.496653, 0, 5, 3.316625, 11, 0, 0, unknownSpecies, -11.846800, -2.013600, -13.038500, 0.010000, 0.401606, 0.000000, 0.010000, 0.401606, 0.000000
cylinder, 77, 76, -1.149210, 0.377517, -1.637684, -1.141022, 0.379388, -1.528660, 0.106338, 0.003884, 0.336572, 0.109347, 29.082986, 99.471887, 9.911306, SPHEREFOLLOWING, 0.006950, 0.018194, 1, 2, 1, 0.106602, 0.277286, 27.496653, 0, 5, 3.316625, 11, 0, 0, unknownSpecies, -11.846800, -2.013600, -13.038500, 0.010000, 0.401606, 0.000000, 0.010000, 0.401606, 0.000000
cylinder, 78, 77, -1.141022, 0.379388, -1.528660, -1.139176, 0.374256, -1.398479, 0.112474, 0.005178, 0.332687, 0.130295, 28.973639, 98.269068, 9.801959, SPHEREFOLLOWING, 0.007403, 0.018194, 1, 2, 1, 0.106602, 0.277286, 27.496653, 0, 5, 3.316625, 11, 0, 0, unknownSpecies, -11.846800, -2.013600, -13.038500, 0.010000, 0.401606, 0.000000, 0.010000, 0.401606, 0.000000
cylinder, 79, 78, -1.139176, 0.374256, -1.398479, -1.132063, 0.373169, -1.284861, 0.115228, 0.004749, 0.327509, 0.113846, 28.843344, 96.835821, 9.671663, SPHEREFOLLOWING, 0.007910, 0.018194, 1, 2, 1, 0.106602, 0.277286, 27.496653, 0, 5, 3.316625, 11, 0, 0, unknownSpecies, -11.846800, -2.013600, -13.038500, 0.010000, 0.401606, 0.000000, 0.010000, 0.401606, 0.000000
cylinder, 80, 79, -1.132063, 0.373169, -1.284861, -1.120117, 0.357897, -1.169191, 0.107453, 0.004254, 0.322760, 0.117283, 28.729498, 95.583515, 9.557817, SPHEREFOLLOWING, 0.006815, 0.018194, 1, 2, 1, 0.106602, 0.277286, 27.496653, 0, 5, 3.316625, 11, 0, 0, unknownSpecies, -11.846800, -2.013600, -13.038500, 0.010000, 0.401606, 0.000000, 0.010000, 0.401606, 0.000000
cylinder, 81, 80, -1.120117, 0.357897, -1.169191, -1.103114, 0.351524, -1.059292, 0.114473, 0.004586, 0.318506, 0.111389, 28.612215, 94.293398, 9.440534, SPHEREFOLLOWING, 0.008085, 0.018194, 1, 2, 1, 0.106602, 0.277286, 27.496653, 0, 5, 3.316625, 11, 0, 0, unknownSpecies, -11.846800, -2.013600, -13.038500, 0.010000, 0.401606, 0.000000, 0.010000, 0.401606, 0.000000
cylinder, 82, 81, -1.103114, 0.351524, -1.059292, -1.093350, 0.348579, -0.939150, 0.114432, 0.004960, 0.313920, 0.120574, 28.500825, 93.068115, 9.329145, SPHEREFOLLOWING, 0.008965, 0.018194, 1, 2, 1, 0.106602, 0.277286, 27.496653, 0, 5, 3.316625, 11, 0, 0, unknownSpecies, -11.846800, -2.013600, -13.038500, 0.010000, 0.401606, 0.000000, 0.010000, 0.401606, 0.000000
cylinder, 83, 82, -1.093350, 0.348579, -0.939150, -1.089978, 0.343193, -0.817816, 0.105220, 0.004226, 0.308960, 0.121500, 28.380251, 91.741800, 9.208571, SPHEREFOLLOWING, 0.008596, 0.018194, 1, 2, 1, 0.106602, 0.277286, 27.496653, 0, 5, 3.316625, 11, 0, 0, unknownSpecies, -11.846800, -2.013600, -13.038500, 0.010000, 0.401606, 0.000000, 0.010000, 0.401606, 0.000000
cylinder, 84, 83, -1.089978, 0.343193, -0.817816, -1.096123, 0.346488, -0.721303, 0.113178, 0.003894, 0.304734, 0.096765, 28.258751, 90.405295, 9.087070, SPHEREFOLLOWING, 0.012806, 0.018194, 1, 2, 1, 0.106602, 0.277286, 27.496653, 0, 5, 3.316625, 11, 0, 0, unknownSpecies, -11.846800, -2.013600, -13.038500, 0.010000, 0.401606, 0.000000, 0.010000, 0.401606, 0.000000
cylinder, 85, 84, -1.096123, 0.346488, -0.721303, -1.091883, 0.345576, -0.600181, 0.108737, 0.004502, 0.300840, 0.121199, 28.161986, 89.340884, 8.990305, SPHEREFOLLOWING, 0.010502, 0.018194, 1, 2, 1, 0.106602, 0.277286, 27.496653, 0, 5, 3.316625, 11, 0, 0, unknownSpecies, -11.846800, -2.013600, -13.038500, 0.010000, 0.401606, 0.000000, 0.010000, 0.401606, 0.000000
cylinder, 86, 85, -1.091883, 0.345576, -0.600181, -1.080980, 0.339044, -0.495769, 0.106929, 0.003778, 0.296338, 0.105183, 28.040787, 88.007695, 8.869106, SPHEREFOLLOWING, 0.008764, 0.018194, 1, 2, 1, 0.106602, 0.277286, 27.496653, 0, 5, 3.316625, 11, 0, 0, unknownSpecies, -11.846800, -2.013600, -13.038500, 0.010000, 0.401606, 0.000000, 0.010000, 0.401606, 0.000000
cylinder, 87, 86, -1.080980, 0.339044, -0.495769, -1.090747, 0.336810, -0.383672, 0.105356, 0.003925, 0.292560, 0.112544, 27.935604, 86.850683, 8.763924, SPHEREFOLLOWING, 0.008075, 0.018194, 1, 2, 1, 0.106602, 0.277286, 27.496653, 0, 5, 3.316625, 11, 0, 0, unknownSpecies, -11.846800, -2.013600, -13.038500, 0.010000, 0.401606, 0.000000, 0.010000, 0.401606, 0.000000
cylinder, 88, 87, -1.090747, 0.336810, -0.383672, -1.092643, 0.338405, -0.277941, 0.099448, 0.003286, 0.288635, 0.105760, 27.823060, 85.612703, 8.651380, SPHEREFOLLOWING, 0.007660, 0.018194, 1, 2, 1, 0.106602, 0.277286, 27.496653, 0, 5, 3.316625, 11, 0, 0, unknownSpecies, -11.846800, -2.013600, -13.038500, 0.010000, 0.401606, 0.000000, 0.010000, 0.401606, 0.000000
cylinder, 89, 88, -1.092643, 0.338405, -0.277941, -1.074546, 0.340424, -0.162840, 0.105130, 0.004046, 0.285349, 0.116533, 27.717300, 84.449343, 8.545620, SPHEREFOLLOWING, 0.008844, 0.018194, 1, 2, 1, 0.106602, 0.277286, 27.496653, 0, 5, 3.316625, 11, 0, 0, unknownSpecies, -11.846800, -2.013600, -13.038500, 0.010000, 0.401606, 0.000000, 0.010000, 0.401606, 0.000000
cylinder, 90, 89, -1.074546, 0.340424, -0.162840, -1.069196, 0.333055, -0.059124, 0.110820, 0.004017, 0.281303, 0.104114, 27.600768, 83.167481, 8.429087, SPHEREFOLLOWING, 0.010006, 0.018194, 1, 2, 1, 0.106602, 0.277286, 27.496653, 0, 5, 3.316625, 11, 0, 0, unknownSpecies, -11.846800, -2.013600, -13.038500, 0.010000, 0.401606, 0.000000, 0.010000, 0.401606, 0.000000
cylinder, 91, 90, -1.069196, 0.333055, -0.059124, -1.063357, 0.329182, 0.059532, 0.106533, 0.004238, 0.277286, 0.118863, 27.496653, 82.022222, 8.324973, SPHEREFOLLOWING, 0.008571, 0.018194, 1, 2, 1, 0.106602, 0.277286, 27.496653, 0, 5, 3.316625, 11, 0, 0, unknownSpecies, -11.846800, -2.013600, -13.038500, 0.010000, 0.401606, 0.000000, 0.010000, 0.401606, 0.000000
cylinder, 92, 91, -1.063357, 0.329182, 0.059532, -1.070970, 0.309305, 0.164986, 0.098659, 0.003290, 0.273048, 0.107581, 27.377790, 80.714732, 8.206110, SPHEREFOLLOWING, 0.009733, 0.018194, 1, 2, 1, 0.106602, 0.277286, 27.496653, 0, 5, 3.316625, 11, 0, 0, unknownSpecies, -11.846800, -2.013600, -13.038500, 0.010000, 0.401606, 0.000000, 0.010000, 0.401606, 0.000000
cylinder, 93, 92, -1.070970, 0.309305, 0.164986, -1.061608, 0.298318, 0.275425, 0.103321, 0.003735, 0.269758, 0.111379, 27.270210, 79.531345, 8.098529, SPHEREFOLLOWING, 0.010648, 0.018194, 1, 2, 1, 0.106602, 0.277286, 27.496653, 0, 5, 3.316625, 11, 0, 0, unknownSpecies, -11.846800, -2.013600, -13.038500, 0.010000, 0.401606, 0.000000, 0.010000, 0.401606, 0.000000
cylinder, 94, 93, -1.061608, 0.298318, 0.275425, -1.064271, 0.299267, 0.405223, 0.102732, 0.004305, 0.266023, 0.129828, 27.158830, 78.306173, 7.987150, SPHEREFOLLOWING, 0.011394, 0.018194, 1, 2, 1, 0.106602, 0.277286, 27.496653, 0, 5, 3.316625, 11, 0, 0, unknownSpecies, -11.846800, -2.013600, -13.038500, 0.010000, 0.401606, 0.000000, 0.010000, 0.401606, 0.000000
cylinder, 95, 94, -1.064271, 0.299267, 0.405223, -1.067928, 0.289028, 0.506194, 0.102381, 0.003344, 0.261719, 0.101555, 27.029002, 76.878064, 7.857322, SPHEREFOLLOWING, 0.013325, 0.018194, 1, 2, 1, 0.106602, 0.277286, 27.496653, 0, 5, 3.316625, 11, 0, 0, unknownSpecies, -11.846800, -2.013600, -13.038500, 0.010000, 0.401606, 0.000000, 0.010000, 0.401606, 0.000000
cylinder, 96, 95, -1.067928, 0.289028, 0.506194, -1.051842, 0.287154, 0.614270, 0.098636, 0.003340, 0.258374, 0.109282, 26.927447, 75.760955, 7.755766, SPHEREFOLLOWING, 0.011493, 0.018194, 1, 2, 1, 0.106602, 0.277286, 27.496653, 0, 5, 3.316625, 11, 0, 0, unknownSpecies, -11.846800, -2.013600, -13.038500, 0.010000, 0.401606, 0.000000, 0.010000, 0.401606, 0.000000
cylinder, 97, 96, -1.051842, 0.287154, 0.614270, -1.042974, 0.282728, 0.714025, 0.099296, 0.003105, 0.255034, 0.100246, 26.818165, 74.558850, 7.646484, SPHEREFOLLOWING, 0.010663, 0.018194, 1, 2, 1, 0.106602, 0.277286, 27.496653, 0, 5, 3.316625, 11, 0, 0, unknownSpecies, -11.846800, -2.013600, -13.038500, 0.010000, 0.401606, 0.000000, 0.010000, 0.401606, 0.000000
cylinder, 98, 97, -1.042974, 0.282728, 0.714025, -1.031294, 0.300928, 0.819946, 0.111642, 0.004233, 0.251929, 0.108106, 26.717919, 73.456147, 7.546238, SPHEREFOLLOWING, 0.014727, 0.018194, 1, 2, 1, 0.106602, 0.277286, 27.496653, 0, 5, 3.316625, 11, 0, 0, unknownSpecies, -11.846800, -2.013600, -13.038500, 0.010000, 0.401606, 0.000000, 0.010000, 0.401606, 0.000000
cylinder, 99, 98, -1.031294, 0.300928, 0.819946, -1.010964, 0.284819, 0.946142, 0.112446, 0.005118, 0.247696, 0.128834, 26.609813, 72.266977, 7.438132, SPHEREFOLLOWING, 0.014078, 0.018194, 1, 2, 1, 0.106602, 0.277286, 27.496653, 0, 5, 3.316625, 11, 0, 0, unknownSpecies, -11.846800, -2.013600, -13.038500, 0.010000, 0.401606, 0.000000, 0.010000, 0.401606, 0.000000
cylinder, 100, 99, -1.010964, 0.284819, 0.946142, -1.011051, 0.275846, 1.068120, 0.103638, 0.004127, 0.242578, 0.122307, 26.480978, 70.849798, 7.309298, SPHEREFOLLOWING, 0.011726, 0.018194, 1, 2, 1, 0.106602, 0.277286, 27.496653, 0, 5, 3.316625, 11, 0, 0, unknownSpecies, -11.846800, -2.013600, -13.038500, 0.010000, 0.401606, 0.000000, 0.010000, 0.401606, 0.000000
cylinder, 101, 100, -1.011051, 0.275846, 1.068120, -1.005674, 0.279757, 1.201790, 0.103048, 0.004465, 0.238451, 0.133835, 26.358671, 69.504417, 7.186990, SPHEREFOLLOWING, 0.010666, 0.018194, 1, 2, 1, 0.106602, 0.277286, 27.496653, 0, 5, 3.316625, 11, 0, 0, unknownSpecies, -11.846800, -2.013600, -13.038500, 0.010000, 0.401606, 0.000000, 0.010000, 0.401606, 0.000000
cylinder, 102, 101, -1.005674, 0.279757, 1.201790, -1.005910, 0.279693, 1.306769, 0.104239, 0.003584, 0.233986, 0.104979, 26.224836, 68.032230, 7.053155, SPHEREFOLLOWING, 0.009812, 0.018194, 1, 2, 1, 0.106602, 0.277286, 27.496653, 0, 5, 3.316625, 11, 0, 0, unknownSpecies, -11.846800, -2.013600, -13.038500, 0.010000, 0.401606, 0.000000, 0.010000, 0.401606, 0.000000
cylinder, 103, 102, -1.005910, 0.279693, 1.306769, -0.998244, 0.268104, 1.409467, 0.106602, 0.003700, 0.230403, 0.103634, 26.119856, 66.877459, 6.948176, SPHEREFOLLOWING, 0.010424, 0.018194, 1, 2, 1, 0.106602, 0.277286, 27.496653, 0, 5, 3.316625, 11, 0, 0, unknownSpecies, -11.846800, -2.013600, -13.038500, 0.010000, 0.401606, 0.000000, 0.010000, 0.401606, 0.000000
cylinder, 104, 103, -0.998244, 0.268104, 1.409467, -0.990243, 0.284376, 1.528086, 0.116642, 0.005129, 0.226703, 0.119997, 26.016223, 65.737489, 6.844542, SPHEREFOLLOWING, 0.012749, 0.018194, 1, 2, 1, 0.106602, 0.277286, 27.496653, 0, 5, 3.316625, 11, 0, 0, unknownSpecies, -11.846800, -2.013600, -13.038500, 0.010000, 0.401606, 0.000000, 0.010000, 0.401606, 0.000000
cylinder, 105, 104, -0.990243, 0.284376, 1.528086, -0.970454, 0.274241, 1.632595, 0.123333, 0.005106, 0.221574, 0.106848, 25.896226, 64.417521, 6.724545, SPHEREFOLLOWING, 0.014129, 0.018194, 1, 2, 1, 0.106602, 0.277286, 27.496653, 0, 5, 3.316625, 11, 0, 0, unknownSpecies, -11.846800, -2.013600, -13.038500, 0.010000, 0.401606, 0.000000, 0.010000, 0.401606, 0.000000
cylinder, 106, 105, -0.970454, 0.274241, 1.632595, -0.959428, 0.280544, 1.731256, 0.116642, 0.004252, 0.216468, 0.099475, 25.789378, 63.242194, 6.617697, MEDIAN, 0.019791, 0.018194, 0, 2, 1, 0.106602, 0.277286, 27.496653, 0, 5, 3.316625, 11, 0, 0, unknownSpecies, -11.846800, -2.013600, -13.038500, 0.010000, 0.401606, 0.000000, 0.010000, 0.401606, 0.000000
cylinder, 107, 106, -0.959428, 0.280544, 1.731256, -0.966385, 0.284076, 1.820069, 0.116642, 0.003811, 0.212216, 0.089155, 25.689902, 62.147965, 6.518222, MEDIAN, 0.026824, 0.018194, 0, 2, 1, 0.106602, 0.277286, 27.496653, 0, 5, 3.316625, 11, 0, 0, unknownSpecies, -11.846800, -2.013600, -13.038500, 0.010000, 0.401606, 0.000000, 0.010000, 0.401606, 0.000000
cylinder, 108, 107, -0.966385, 0.284076, 1.820069, -1.034947, 0.285223, 2.010199, 0.093473, 0.005548, 0.161390, 0.202118, 18.101629, 50.250930, 6.429067, SPHEREFOLLOWING, 0.026378, 0.018194, 0, 3, 2, 0.092561, 0.138424, 17.185023, 0, 4, 3.000000, 9, 0, 0, unknownSpecies, -11.846800, -2.013600, -13.038500, 0.010000, 0.401606, 0.000000, 0.010000, 0.401606, 0.000000
cylinder, 109, 108, -1.034947, 0.285223, 2.010199, -1.035156, 0.298181, 2.129364, 0.081649, 0.002510, 0.155842, 0.119868, 17.899512, 48.431871, 6.226949, SPHEREFOLLOWING, 0.009244, 0.018194, 1, 3, 2, 0.092561, 0.138424, 17.185023, 0, 4, 3.000000, 9, 0, 0, unknownSpecies, -11.846800, -2.013600, -13.038500, 0.010000, 0.401606, 0.000000, 0.010000, 0.401606, 0.000000
cylinder, 110, 109, -1.035156, 0.298181, 2.129364, -1.034135, 0.298076, 2.216458, 0.090511, 0.002242, 0.153332, 0.087099, 17.779644, 47.353060, 6.107081, SPHEREFOLLOWING, 0.009813, 0.018194, 1, 3, 2, 0.092561, 0.138424, 17.185023, 0, 4, 3.000000, 9, 0, 0, unknownSpecies, -11.846800, -2.013600, -13.038500, 0.010000, 0.401606, 0.000000, 0.010000, 0.401606, 0.000000
cylinder, 111, 110, -1.034135, 0.298076, 2.216458, -1.023977, 0.295570, 2.308958, 0.092561, 0.002506, 0.151090, 0.093090, 17.692545, 46.569166, 6.019982, SPHEREFOLLOWING, 0.010344, 0.018194, 1, 3, 2, 0.092561, 0.138424, 17.185023, 0, 4, 3.000000, 9, 0, 0, unknownSpecies, -11.846800, -2.013600, -13.038500, 0.010000, 0.401606, 0.000000, 0.010000, 0.401606, 0.000000
cylinder, 112, 111, -1.023977, 0.295570, 2.308958, -1.036139, 0.300510, 2.423841, 0.092019, 0.003076, 0.148584, 0.115630, 17.599454, 45.731353, 5.926892, SPHEREFOLLOWING, 0.018460, 0.018194, 0, 3, 2, 0.092561, 0.138424, 17.185023, 0, 4, 3.000000, 9, 0, 0, unknownSpecies, -11.846800, -2.013600, -13.038500, 0.010000, 0.401606, 0.000000, 0.010000, 0.401606, 0.000000
cylinder, 113, 112, -1.036139, 0.300510, 2.423841, -1.049800, 0.294398, 2.527208, 0.082840, 0.002252, 0.145508, 0.104445, 17.483824, 44.690679, 5.811261, SPHEREFOLLOWING, 0.012078, 0.018194, 1, 3, 2, 0.092561, 0.138424, 17.185023, 0, 4, 3.000000, 9, 0, 0, unknownSpecies, -11.846800, -2.013600, -13.038500, 0.010000, 0.401606, 0.000000, 0.010000, 0.401606, 0.000000
cylinder, 114, 113, -1.049800, 0.294398, 2.527208, -1.046456, 0.296358, 2.614506, 0.089697, 0.002209, 0.143257, 0.087384, 17.379379, 43.750674, 5.706816, SPHEREFOLLOWING, 0.010489, 0.018194, 1, 3, 2, 0.092561, 0.138424, 17.185023, 0, 4, 3.000000, 9, 0, 0, unknownSpecies, -11.846800, -2.013600, -13.038500, 0.010000, 0.401606, 0.000000, 0.010000, 0.401606, 0.000000
cylinder, 115, 114, -1.046456, 0.296358, 2.614506, -1.048630, 0.294629, 2.721442, 0.088369, 0.002624, 0.141048, 0.106972, 17.291995, 42.964217, 5.619432, SPHEREFOLLOWING, 0.011077, 0.018194, 1, 3, 2, 0.092561, 0.138424, 17.185023, 0, 4, 3.000000, 9, 0, 0, unknownSpecies, -11.846800, -2.013600, -13.038500, 0.010000, 0.401606, 0.000000, 0.010000, 0.401606, 0.000000
cylinder, 116, 115, -1.048630, 0.294629, 2.721442, -1.039278, 0.298870, 2.813694, 0.095361, 0.002652, 0.138424, 0.092822, 17.185023, 42.001469, 5.512460, SPHEREFOLLOWING, 0.011645, 0.018194, 1, 3, 2, 0.092561, 0.138424, 17.185023, 0, 4, 3.000000, 9, 0, 0, unknownSpecies, -11.846800, -2.013600, -13.038500, 0.010000, 0.401606, 0.000000, 0.010000, 0.401606, 0.000000
cylinder, 117, 116, -1.039278, 0.298870, 2.813694, -1.042169, 0.300450, 2.920144, 0.089322, 0.002669, 0.135772, 0.106501, 17.092201, 41.166074, 5.419638, SPHEREFOLLOWING, 0.013102, 0.018194, 1, 3, 2, 0.092561, 0.138424, 17.185023, 0, 4, 3.000000, 9, 0, 0, unknownSpecies, -11.846800, -2.013600, -13.038500, 0.010000, 0.401606, 0.000000, 0.010000, 0.401606, 0.000000
cylinder, 118, 117, -1.042169, 0.300450, 2.920144, -1.035854, 0.304379, 3.007710, 0.118693, 0.003890, 0.133102, 0.087881, 16.985700, 40.207565, 5.313137, SPHEREFOLLOWING, 0.020153, 0.018194, 0, 3, 2, 0.092561, 0.138424, 17.185023, 0, 4, 3.000000, 9, 0, 0, unknownSpecies, -11.846800, -2.013600, -13.038500, 0.010000, 0.401606, 0.000000, 0.010000, 0.401606, 0.000000
cylinder, 119, 118, -1.035854, 0.304379, 3.007710, -1.034224, 0.301783, 3.125602, 0.110637, 0.004535, 0.129213, 0.117932, 16.897818, 39.416632, 5.225256, SPHEREFOLLOWING, 0.013255, 0.018194, 1, 3, 2, 0.092561, 0.138424, 17.185023, 0, 4, 3.000000, 9, 0, 0, unknownSpecies, -11.846800, -2.013600, -13.038500, 0.010000, 0.401606, 0.000000, 0.010000, 0.401606, 0.000000
cylinder, 120, 119, -1.034224, 0.301783, 3.125602, -1.032057, 0.300857, 3.229240, 0.105158, 0.003601, 0.124678, 0.103665, 16.779887, 38.355247, 5.107324, SPHEREFOLLOWING, 0.015468, 0.018194, 1, 3, 2, 0.092561, 0.138424, 17.185023, 0, 4, 3.000000, 9, 0, 0, unknownSpecies, -11.846800, -2.013600, -13.038500, 0.010000, 0.401606, 0.000000, 0.010000, 0.401606, 0.000000
cylinder, 121, 120, -1.032057, 0.300857, 3.229240, -1.030002, 0.298247, 3.312500, 0.121353, 0.003855, 0.121077, 0.083326, 16.676222, 37.422264, 5.003660, SPHEREFOLLOWING, 0.020262, 0.018194, 0, 3, 2, 0.092561, 0.138424, 17.185023, 0, 4, 3.000000, 9, 0, 0, unknownSpecies, -11.846800, -2.013600, -13.038500, 0.010000, 0.401606, 0.000000, 0.010000, 0.401606, 0.000000
cylinder, 122, 121, -1.030002, 0.298247, 3.312500, -1.041828, 0.305360, 3.442300, 0.123880, 0.006293, 0.117221, 0.130532, 16.592897, 36.672334, 4.920334, SPHEREFOLLOWING, 0.019204, 0.018194, 0, 3, 2, 0.092561, 0.138424, 17.185023, 0, 4, 3.000000, 9, 0, 0, unknownSpecies, -11.846800, -2.013600, -13.038500, 0.010000, 0.401606, 0.000000, 0.010000, 0.401606, 0.000000
cylinder, 123, 122, -1.041828, 0.305360, 3.442300, -1.020287, 0.296797, 3.528914, 0.105158, 0.003115, 0.110928, 0.089663, 16.462365, 35.497549, 4.789802, MEDIAN, 0.036618, 0.018194, 0, 3, 2, 0.092561, 0.138424, 17.185023, 0, 4, 3.000000, 9, 0, 0, unknownSpecies, -11.846800, -2.013600, -13.038500, 0.010000, 0.401606, 0.000000, 0.010000, 0.401606, 0.000000
cylinder, 124, 123, -1.020287, 0.296797, 3.528914, -1.071813, 0.376387, 3.716527, 0.064013, 0.002706, 0.051861, 0.210209, 7.032993, 17.063333, 4.700139, SPHEREFOLLOWING, 0.067904, 0.018194, 0, 4, 3, 0.064961, 0.034358, 5.521625, 0, 3, 2.000000, 4, 0, 0, unknownSpecies, -11.846800, -2.013600, -13.038500, 0.010000, 0.401606, 0.000000, 0.010000, 0.401606, 0.000000
cylinder, 125, 124, -1.071813, 0.376387, 3.716527, -1.091848, 0.406487, 3.805326, 0.064013, 0.001234, 0.049155, 0.095879, 6.822784, 16.222497, 4.489930, MEDIAN, 0.029338, 0.018194, 0, 4, 3, 0.064961, 0.034358, 5.521625, 0, 3, 2.000000, 4, 0, 0, unknownSpecies, -11.846800, -2.013600, -13.038500, 0.010000, 0.401606, 0.000000, 0.010000, 0.401606, 0.000000
cylinder, 126, 125, -1.091848, 0.406487, 3.805326, -1.086142, 0.413065, 3.879075, 0.064013, 0.000956, 0.047921, 0.074262, 6.726905, 15.838982, 4.394052, MEDIAN, 0.024828, 0.018194, 0, 4, 3, 0.064961, 0.034358, 5.521625, 0, 3, 2.000000, 4, 0, 0, unknownSpecies, -11.846800, -2.013600, -13.038500, 0.010000, 0.401606, 0.000000, 0.010000, 0.401606, 0.000000
cylinder, 127, 126, -1.086142, 0.413065, 3.879075, -1.073007, 0.417146, 3.950734, 0.067658, 0.001049, 0.046965, 0.072967, 6.652644, 15.541935, 4.319790, SPHEREFOLLOWING, 0.013276, 0.018194, 1, 4, 3, 0.064961, 0.034358, 5.521625, 0, 3, 2.000000, 4, 0, 0, unknownSpecies, -11.846800, -2.013600, -13.038500, 0.010000, 0.401606, 0.000000, 0.010000, 0.401606, 0.000000
cylinder, 128, 127, -1.073007, 0.417146, 3.950734, -1.058274, 0.479646, 4.030024, 0.053020, 0.000901, 0.045916, 0.102030, 6.579677, 15.250068, 4.246823, SPHEREFOLLOWING, 0.007139, 0.018194, 1, 4, 3, 0.064961, 0.034358, 5.521625, 0, 3, 2.000000, 4, 0, 0, unknownSpecies, -11.846800, -2.013600, -13.038500, 0.010000, 0.401606, 0.000000, 0.010000, 0.401606, 0.000000
cylinder, 129, 128, -1.058274, 0.479646, 4.030024, -1.049166, 0.505004, 4.092366, 0.050407, 0.000542, 0.045015, 0.067916, 6.477647, 14.841947, 4.144793, SPHEREFOLLOWING, 0.011046, 0.018194, 1, 4, 3, 0.064961, 0.034358, 5.521625, 0, 3, 2.000000, 4, 0, 0, unknownSpecies, -11.846800, -2.013600, -13.038500, 0.010000, 0.401606, 0.000000, 0.010000, 0.401606, 0.000000
cylinder, 130, 129, -1.049166, 0.505004, 4.092366, -1.028725, 0.521481, 4.187773, 0.048791, 0.000740, 0.044473, 0.098954, 6.409731, 14.570284, 4.076877, SPHEREFOLLOWING, 0.010257, 0.018194, 1, 4, 3, 0.064961, 0.034358, 5.521625, 0, 3, 2.000000, 4, 0, 0, unknownSpecies, -11.846800, -2.013600, -13.038500, 0.010000, 0.401606, 0.000000, 0.010000, 0.401606, 0.000000
cylinder, 131, 130, -1.028725, 0.521481, 4.187773, -1.029153, 0.557158, 4.247304, 0.051585, 0.000580, 0.043733, 0.069404, 6.310777, 14.174468, 3.977923, SPHEREFOLLOWING, 0.014163, 0.018194, 1, 4, 3, 0.064961, 0.034358, 5.521625, 0, 3, 2.000000, 4, 0, 0, unknownSpecies, -11.846800, -2.013600, -13.038500, 0.010000, 0.401606, 0.000000, 0.010000, 0.401606, 0.000000
cylinder, 132, 131, -1.029153, 0.557158, 4.247304, -1.018424, 0.568306, 4.314088, 0.060574, 0.000790, 0.043152, 0.068553, 6.241373, 13.896851, 3.908519, SPHEREFOLLOWING, 0.020382, 0.018194, 0, 4, 3, 0.064961, 0.034358, 5.521625, 0, 3, 2.000000, 4, 0, 0, unknownSpecies, -11.846800, -2.013600, -13.038500, 0.010000, 0.401606, 0.000000, 0.010000, 0.401606, 0.000000
cylinder, 133, 132, -1.018424, 0.568306, 4.314088, -1.001838, 0.579079, 4.387618, 0.062897, 0.000946, 0.042362, 0.076143, 6.172819, 13.622637, 3.839966, SPHEREFOLLOWING, 0.014652, 0.018194, 1, 4, 3, 0.064961, 0.034358, 5.521625, 0, 3, 2.000000, 4, 0, 0, unknownSpecies, -11.846800, -2.013600, -13.038500, 0.010000, 0.401606, 0.000000, 0.010000, 0.401606, 0.000000
cylinder, 134, 133, -1.001838, 0.579079, 4.387618, -0.991500, 0.607389, 4.468184, 0.058266, 0.000917, 0.041416, 0.086019, 6.096676, 13.318065, 3.763822, SPHEREFOLLOWING, 0.011927, 0.018194, 1, 4, 3, 0.064961, 0.034358, 5.521625, 0, 3, 2.000000, 4, 0, 0, unknownSpecies, -11.846800, -2.013600, -13.038500, 0.010000, 0.401606, 0.000000, 0.010000, 0.401606, 0.000000
cylinder, 135, 134, -0.991500, 0.607389, 4.468184, -0.983514, 0.623823, 4.548632, 0.057359, 0.000853, 0.040498, 0.082497, 6.010658, 12.973991, 3.677804, SPHEREFOLLOWING, 0.014049, 0.018194, 1, 4, 3, 0.064961, 0.034358, 5.521625, 0, 3, 2.000000, 4, 0, 0, unknownSpecies, -11.846800, -2.013600, -13.038500, 0.010000, 0.401606, 0.000000, 0.010000, 0.401606, 0.000000
cylinder, 136, 135, -0.983514, 0.623823, 4.548632, -0.967782, 0.603820, 4.629328, 0.063872, 0.001084, 0.039646, 0.084614, 5.928161, 12.644004, 3.595307, SPHEREFOLLOWING, 0.011385, 0.018194, 1, 4, 3, 0.064961, 0.034358, 5.521625, 0, 3, 2.000000, 4, 0, 0, unknownSpecies, -11.846800, -2.013600, -13.038500, 0.010000, 0.401606, 0.000000, 0.010000, 0.401606, 0.000000
cylinder, 137, 136, -0.967782, 0.603820, 4.629328, -0.972754, 0.626183, 4.677034, 0.063872, 0.000678, 0.038561, 0.052922, 5.843547, 12.305548, 3.510693, MEDIAN, 0.005733, 0.018194, 0, 4, 3, 0.064961, 0.034358, 5.521625, 0, 3, 2.000000, 4, 0, 0, unknownSpecies, -11.846800, -2.013600, -13.038500, 0.010000, 0.401606, 0.000000, 0.010000, 0.401606, 0.000000
cylinder, 138, 137, -0.972754, 0.626183, 4.677034, -0.962021, 0.637709, 4.782368, 0.068673, 0.001578, 0.037883, 0.106505, 5.790625, 12.093862, 3.457772, SPHEREFOLLOWING, 0.009458, 0.018194, 1, 4, 3, 0.064961, 0.034358, 5.521625, 0, 3, 2.000000, 4, 0, 0, unknownSpecies, -11.846800, -2.013600, -13.038500, 0.010000, 0.401606, 0.000000, 0.010000, 0.401606, 0.000000
cylinder, 139, 138, -0.962021, 0.637709, 4.782368, -0.949879, 0.671062, 4.862153, 0.054341, 0.000810, 0.036305, 0.087324, 5.684121, 11.667843, 3.351267, SPHEREFOLLOWING, 0.008871, 0.018194, 1, 4, 3, 0.064961, 0.034358, 5.521625, 0, 3, 2.000000, 4, 0, 0, unknownSpecies, -11.846800, -2.013600, -13.038500, 0.010000, 0.401606, 0.000000, 0.010000, 0.401606, 0.000000
cylinder, 140, 139, -0.949879, 0.671062, 4.862153, -0.939847, 0.659980, 4.935824, 0.069369, 0.001136, 0.035495, 0.075172, 5.596797, 11.318548, 3.263943, SPHEREFOLLOWING, 0.013116, 0.018194, 1, 4, 3, 0.064961, 0.034358, 5.521625, 0, 3, 2.000000, 4, 0, 0, unknownSpecies, -11.846800, -2.013600, -13.038500, 0.010000, 0.401606, 0.000000, 0.010000, 0.401606, 0.000000
cylinder, 141, 140, -0.939847, 0.659980, 4.935824, -0.926263, 0.679825, 5.007916, 0.062578, 0.000935, 0.034358, 0.075997, 5.521625, 11.017859, 3.188771, SPHEREFOLLOWING, 0.007576, 0.018194, 1, 4, 3, 0.064961, 0.034358, 5.521625, 0, 3, 2.000000, 4, 0, 0, unknownSpecies, -11.846800, -2.013600, -13.038500, 0.010000, 0.401606, 0.000000, 0.010000, 0.401606, 0.000000
cylinder, 142, 141, -0.926263, 0.679825, 5.007916, -0.911906, 0.690653, 5.099831, 0.064175, 0.001212, 0.033423, 0.093657, 5.445627, 10.713869, 3.112774, SPHEREFOLLOWING, 0.008881, 0.018194, 1, 4, 3, 0.064961, 0.034358, 5.521625, 0, 3, 2.000000, 4, 0, 0, unknownSpecies, -11.846800, -2.013600, -13.038500, 0.010000, 0.401606, 0.000000, 0.010000, 0.401606, 0.000000
cylinder, 143, 142, -0.911906, 0.690653, 5.099831, -0.881644, 0.697127, 5.177838, 0.071512, 0.001348, 0.032212, 0.083922, 5.351970, 10.339241, 3.019116, SPHEREFOLLOWING, 0.008764, 0.018194, 1, 4, 3, 0.064961, 0.034358, 5.521625, 0, 3, 2.000000, 4, 0, 0, unknownSpecies, -11.846800, -2.013600, -13.038500, 0.010000, 0.401606, 0.000000, 0.010000, 0.401606, 0.000000
cylinder, 144, 143, -0.881644, 0.697127, 5.177838, -0.891199, 0.716561, 5.252189, 0.070168, 0.001198, 0.030863, 0.077441, 5.268048, 10.003554, 2.935195, SPHEREFOLLOWING, 0.009040, 0.018194, 1, 4, 3, 0.064961, 0.034358, 5.521625, 0, 3, 2.000000, 4, 0, 0, unknownSpecies, -11.846800, -2.013600, -13.038500, 0.010000, 0.401606, 0.000000, 0.010000, 0.401606, 0.000000
cylinder, 145, 144, -0.891199, 0.716561, 5.252189, -0.876144, 0.716359, 5.342798, 0.074331, 0.001594, 0.029666, 0.091852, 5.190608, 9.693792, 2.857754, SPHEREFOLLOWING, 0.010717, 0.018194, 1, 4, 3, 0.064961, 0.034358, 5.521625, 0, 3, 2.000000, 4, 0, 0, unknownSpecies, -11.846800, -2.013600, -13.038500, 0.010000, 0.401606, 0.000000, 0.010000, 0.401606, 0.000000
cylinder, 146, 145, -0.876144, 0.716359, 5.342798, -0.861222, 0.722095, 5.437973, 0.076378, 0.001769, 0.028071, 0.096509, 5.098756, 9.326384, 2.765902, SPHEREFOLLOWING, 0.007056, 0.018194, 1, 4, 3, 0.064961, 0.034358, 5.521625, 0, 3, 2.000000, 4, 0, 0, unknownSpecies, -11.846800, -2.013600, -13.038500, 0.010000, 0.401606, 0.000000, 0.010000, 0.401606, 0.000000
cylinder, 147, 146, -0.861222, 0.722095, 5.437973, -0.883509, 0.761689, 5.526659, 0.070530, 0.001557, 0.026303, 0.099647, 5.002247, 8.940350, 2.669394, SPHEREFOLLOWING, 0.006657, 0.018194, 1, 4, 3, 0.064961, 0.034358, 5.521625, 0, 3, 2.000000, 4, 0, 0, unknownSpecies, -11.846800, -2.013600, -13.038500, 0.010000, 0.401606, 0.000000, 0.010000, 0.401606, 0.000000
cylinder, 148, 147, -0.883509, 0.761689, 5.526659, -0.870761, 0.769563, 5.616185, 0.065138, 0.001210, 0.024745, 0.090771, 4.902600, 8.541760, 2.569746, SPHEREFOLLOWING, 0.006690, 0.018194, 1, 4, 3, 0.064961, 0.034358, 5.521625, 0, 3, 2.000000, 4, 0, 0, unknownSpecies, -11.846800, -2.013600, -13.038500, 0.010000, 0.401606, 0.000000, 0.010000, 0.401606, 0.000000
cylinder, 149, 148, -0.870761, 0.769563, 5.616185, -0.854006, 0.776681, 5.696987, 0.069059, 0.001241, 0.023535, 0.082827, 4.811829, 8.178675, 2.478975, SPHEREFOLLOWING, 0.004812, 0.018194, 1, 4, 3, 0.064961, 0.034358, 5.521625, 0, 3, 2.000000, 4, 0, 0, unknownSpecies, -11.846800, -2.013600, -13.038500, 0.010000, 0.401606, 0.000000, 0.010000, 0.401606, 0.000000
cylinder, 150, 149, -0.854006, 0.776681, 5.696987, -0.854034, 0.785458, 5.780190, 0.074288, 0.001451, 0.022294, 0.083664, 4.729002, 7.847368, 2.396148, SPHEREFOLLOWING, 0.005658, 0.018194, 1, 4, 3, 0.064961, 0.034358, 5.521625, 0, 3, 2.000000, 4, 0, 0, unknownSpecies, -11.846800, -2.013600, -13.038500, 0.010000, 0.401606, 0.000000, 0.010000, 0.401606, 0.000000
cylinder, 151, 150, -0.854034, 0.785458, 5.780190, -0.845485, 0.791025, 5.856270, 0.069059, 0.001150, 0.020844, 0.076762, 4.645337, 7.512710, 2.312484, MEDIAN, 0.014699, 0.018194, 0, 4, 3, 0.064961, 0.034358, 5.521625, 0, 3, 2.000000, 4, 0, 0, unknownSpecies, -11.846800, -2.013600, -13.038500, 0.010000, 0.401606, 0.000000, 0.010000, 0.401606, 0.000000
cylinder, 152, 151, -0.845485, 0.791025, 5.856270, -0.838812, 0.849333, 5.950439, 0.064961, 0.001471, 0.019694, 0.110960, 4.568576, 7.205663, 2.235722, SPHEREFOLLOWING, 0.021218, 0.018194, 0, 4, 3, 0.064961, 0.034358, 5.521625, 0, 3, 2.000000, 4, 0, 0, unknownSpecies, -11.846800, -2.013600, -13.038500, 0.010000, 0.401606, 0.000000, 0.010000, 0.401606, 0.000000
cylinder, 153, 152, -0.838812, 0.849333, 5.950439, -0.822453, 0.870471, 6.031170, 0.060773, 0.000987, 0.018223, 0.085041, 4.457616, 6.761823, 2.124762, SPHEREFOLLOWING, 0.009069, 0.018194, 1, 4, 3, 0.064961, 0.034358, 5.521625, 0, 3, 2.000000, 4, 0, 0, unknownSpecies, -11.846800, -2.013600, -13.038500, 0.010000, 0.401606, 0.000000, 0.010000, 0.401606, 0.000000
cylinder, 154, 153, -0.822453, 0.870471, 6.031170, -0.800410, 0.878089, 6.096158, 0.071032, 0.001094, 0.017236, 0.069046, 4.372575, 6.421659, 2.039721, SPHEREFOLLOWING, 0.011086, 0.018194, 1, 4, 3, 0.064961, 0.034358, 5.521625, 0, 3, 2.000000, 4, 0, 0, unknownSpecies, -11.846800, -2.013600, -13.038500, 0.010000, 0.401606, 0.000000, 0.010000, 0.401606, 0.000000
cylinder, 155, 154, -0.800410, 0.878089, 6.096158, -0.794203, 0.903798, 6.182429, 0.069896, 0.001385, 0.016142, 0.090234, 4.303529, 6.145476, 1.970675, SPHEREFOLLOWING, 0.004628, 0.018194, 1, 4, 3, 0.064961, 0.034358, 5.521625, 0, 3, 2.000000, 4, 0, 0, unknownSpecies, -11.846800, -2.013600, -13.038500, 0.010000, 0.401606, 0.000000, 0.010000, 0.401606, 0.000000
cylinder, 156, 155, -0.794203, 0.903798, 6.182429, -0.764450, 0.908757, 6.266387, 0.052085, 0.000760, 0.014757, 0.089211, 4.213295, 5.784539, 1.880441, ALLOMETRICVESSELVOLUME, 0.007262, 0.018194, 1, 4, 3, 0.064961, 0.034358, 5.521625, 0, 3, 2.000000, 4, 0, 0, unknownSpecies, -11.846800, -2.013600, -13.038500, 0.010000, 0.401606, 0.000000, 0.010000, 0.401606, 0.000000
cylinder, 157, 156, -0.764450, 0.908757, 6.266387, -0.762186, 0.928196, 6.311981, 0.051227, 0.000409, 0.013996, 0.049617, 4.124083, 5.427693, 1.791229, ALLOMETRICVESSELVOLUME, 0.008792, 0.018194, 1, 4, 3, 0.064961, 0.034358, 5.521625, 0, 3, 2.000000, 4, 0, 0, unknownSpecies, -11.846800, -2.013600, -13.038500, 0.010000, 0.401606, 0.000000, 0.010000, 0.401606, 0.000000
cylinder, 158, 157, -0.762186, 0.928196, 6.311981, -0.731924, 0.880784, 6.262604, 0.050732, 0.000605, 0.013587, 0.074845, 4.074466, 5.229224, 1.741612, ALLOMETRICVESSELVOLUME, 0.009287, 0.018194, 0, 4, 3, 0.064961, 0.034358, 5.521625, 0, 3, 2.000000, 4, 0, 0, unknownSpecies, -11.846800, -2.013600, -13.038500, 0.010000, 0.401606, 0.000000, 0.010000, 0.401606, 0.000000
cylinder, 159, 158, -0.731924, 0.880784, 6.262604, -0.964512, 0.830018, 6.108780, 0.042955, 0.001643, 0.007092, 0.283437, 1.831164, 2.761385, 1.666767, ALLOMETRICVESSELVOLUME, 0.035080, 0.018194, 0, 5, 4, 0.036324, 0.003517, 1.178635, 0, 2, 1.414214, 2, 0, 0, unknownSpecies, -11.846800, -2.013600, -13.038500, 0.010000, 0.401606, 0.000000, 0.010000, 0.401606, 0.000000
cylinder, 160, 159, -0.964512, 0.830018, 6.108780, -1.046194, 0.720582, 6.228144, 0.045290, 0.001169, 0.005449, 0.181372, 1.547727, 2.194512, 1.383330, SPHEREFOLLOWING, 0.038378, 0.018194, 0, 5, 4, 0.036324, 0.003517, 1.178635, 0, 2, 1.414214, 2, 0, 0, unknownSpecies, -11.846800, -2.013600, -13.038500, 0.010000, 0.401606, 0.000000, 0.010000, 0.401606, 0.000000
cylinder, 161, 160, -1.046194, 0.720582, 6.228144, -1.091277, 0.737668, 6.300884, 0.033941, 0.000316, 0.004280, 0.087267, 1.366355, 1.831768, 1.201958, SPHEREFOLLOWING, 0.008757, 0.018194, 1, 5, 4, 0.036324, 0.003517, 1.178635, 0, 2, 1.414214, 2, 0, 0, unknownSpecies, -11.846800, -2.013600, -13.038500, 0.010000, 0.401606, 0.000000, 0.010000, 0.401606, 0.000000
cylinder, 162, 161, -1.091277, 0.737668, 6.300884, -1.114849, 0.753066, 6.356958, 0.036324, 0.000260, 0.003964, 0.062746, 1.279088, 1.657234, 1.114691, MEDIAN, 0.013649, 0.018194, 0, 5, 4, 0.036324, 0.003517, 1.178635, 0, 2, 1.414214, 2, 0, 0, unknownSpecies, -11.846800, -2.013600, -13.038500, 0.010000, 0.401606, 0.000000, 0.010000, 0.401606, 0.000000
cylinder, 163, 162, -1.114849, 0.753066, 6.356958, -1.138342, 0.772158, 6.379438, 0.039738, 0.000187, 0.003704, 0.037706, 1.216342, 1.531742, 1.051945, SPHEREFOLLOWING, 0.011710, 0.018194, 1, 5, 4, 0.036324, 0.003517, 1.178635, 0, 2, 1.414214, 2, 0, 0, unknownSpecies, -11.846800, -2.013600, -13.038500, 0.010000, 0.401606, 0.000000, 0.010000, 0.401606, 0.000000
cylinder, 164, 163, -1.138342, 0.772158, 6.379438, -1.162986, 0.769003, 6.452499, 0.030907, 0.000232, 0.003517, 0.077170, 1.178635, 1.456329, 1.014238, SPHEREFOLLOWING, 0.008274, 0.018194, 1, 5, 4, 0.036324, 0.003517, 1.178635, 0, 2, 1.414214, 2, 0, 0, unknownSpecies, -11.846800, -2.013600, -13.038500, 0.010000, 0.401606, 0.000000, 0.010000, 0.401606, 0.000000
cylinder, 165, 164, -1.162986, 0.769003, 6.452499, -1.174170, 0.766464, 6.499516, 0.036324, 0.000201, 0.003286, 0.048395, 1.101465, 1.301989, 0.937068, SPHEREFOLLOWING, 0.006202, 0.018194, 1, 5, 4, 0.036324, 0.003517, 1.178635, 0, 2, 1.414214, 2, 0, 0, unknownSpecies, -11.846800, -2.013600, -13.038500, 0.010000, 0.401606, 0.000000, 0.010000, 0.401606, 0.000000
cylinder, 166, 165, -1.174170, 0.766464, 6.499516, -1.178771, 0.763046, 6.538405, 0.039738, 0.000195, 0.003085, 0.039309, 1.053070, 1.205198, 0.888673, MEDIAN, 0.017005, 0.018194, 0, 5, 4, 0.036324, 0.003517, 1.178635, 0, 2, 1.414214, 2, 0, 0, unknownSpecies, -11.846800, -2.013600, -13.038500, 0.010000, 0.401606, 0.000000, 0.010000, 0.401606, 0.000000
cylinder, 167, 166, -1.178771, 0.763046, 6.538405, -1.216499, 0.780988, 6.604846, 0.036324, 0.000325, 0.002890, 0.078484, 1.013761, 1.126580, 0.849364, MEDIAN, 0.011889, 0.018194, 0, 5, 4, 0.036324, 0.003517, 1.178635, 0, 2, 1.414214, 2, 0, 0, unknownSpecies, -11.846800, -2.013600, -13.038500, 0.010000, 0.401606, 0.000000, 0.010000, 0.401606, 0.000000
cylinder, 168, 167, -1.216499, 0.780988, 6.604846, -1.197512, 0.803923, 6.621945, 0.036324, 0.000142, 0.002565, 0.034335, 0.935277, 0.969612, 0.770880, MEDIAN, 0.019806, 0.018194, 0, 5, 4, 0.036324, 0.003517, 1.178635, 0, 2, 1.414214, 2, 0, 0, unknownSpecies, -11.846800, -2.013600, -13.038500, 0.010000, 0.401606, 0.000000, 0.010000, 0.401606, 0.000000
cylinder, 169, 168, -1.197512, 0.803923, 6.621945, -1.263128, 0.890019, 6.683358, 0.036324, 0.000516, 0.002237, 0.124456, 0.736545, 0.736545, 0.736545, MEDIAN, 0.058944, 0.018194, 0, 6, 5, 0.031049, 0.000712, 0.354896, 0, 1, 1.000000, 1, 0, 0, unknownSpecies, -11.846800, -2.013600, -13.038500, 0.010000, 0.401606, 0.000000, 0.010000, 0.401606, 0.000000
cylinder, 170, 169, -1.263128, 0.890019, 6.683358, -1.264701, 0.932676, 6.712146, 0.031049, 0.000156, 0.001721, 0.051487, 0.612089, 0.612089, 0.612089, SPHEREFOLLOWING, 0.007627, 0.018194, 1, 6, 5, 0.031049, 0.000712, 0.354896, 0, 1, 1.000000, 1, 0, 0, unknownSpecies, -11.846800, -2.013600, -13.038500, 0.010000, 0.401606, 0.000000, 0.010000, 0.401606, 0.000000
cylinder, 171, 170, -1.264701, 0.932676, 6.712146, -1.307353, 0.948425, 6.710570, 0.036324, 0.000189, 0.001565, 0.045494, 0.560602, 0.560602, 0.560602, MEDIAN, 0.011507, 0.018194, 0, 6, 5, 0.031049, 0.000712, 0.354896, 0, 1, 1.000000, 1, 0, 0, unknownSpecies, -11.846800, -2.013600, -13.038500, 0.010000, 0.401606, 0.000000, 0.010000, 0.401606, 0.000000
cylinder, 172, 171, -1.307353, 0.948425, 6.710570, -1.314498, 1.047549, 6.701935, 0.036324, 0.000414, 0.001376, 0.099755, 0.515108, 0.515108, 0.515108, MEDIAN, 0.019490, 0.018194, 0, 6, 5, 0.031049, 0.000712, 0.354896, 0, 1, 1.000000, 1, 0, 0, unknownSpecies, -11.846800, -2.013600, -13.038500, 0.010000, 0.401606, 0.000000, 0.010000, 0.401606, 0.000000
cylinder, 173, 172, -1.314498, 1.047549, 6.701935, -1.350295, 1.090252, 6.725388, 0.036324, 0.000251, 0.000963, 0.060457, 0.415352, 0.415352, 0.415352, MEDIAN, 0.113494, 0.018194, 0, 6, 5, 0.031049, 0.000712, 0.354896, 0, 1, 1.000000, 1, 0, 0, unknownSpecies, -11.846800, -2.013600, -13.038500, 0.010000, 0.401606, 0.000000, 0.010000, 0.401606, 0.000000
cylinder, 174, 173, -1.350295, 1.090252, 6.725388, -1.323197, 1.167258, 6.713802, 0.036324, 0.000342, 0.000712, 0.082453, 0.354896, 0.354896, 0.354896, MEDIAN, 0.200000, 0.018194, 0, 6, 5, 0.031049, 0.000712, 0.354896, 0, 1, 1.000000, 1, 0, 0, unknownSpecies, -11.846800, -2.013600, -13.038500, 0.010000, 0.401606, 0.000000, 0.010000, 0.401606, 0.000000
cylinder, 175, 174, -1.323197, 1.167258, 6.713802, -1.311442, 1.199116, 6.709805, 0.023489, 0.000059, 0.000370, 0.034192, 0.272443, 0.272443, 0.272443, ALLOMETRICVESSELVOLUME, 0.015160, 0.018194, 0, 6, 5, 0.031049, 0.000712, 0.354896, 0, 1, 1.000000, 1, 0, 0, unknownSpecies, -11.846800, -2.013600, -13.038500, 0.010000, 0.401606, 0.000000, 0.010000, 0.401606, 0.000000
cylinder, 176, 175, -1.311442, 1.199116, 6.709805, -1.349672, 1.260205, 6.693402, 0.022683, 0.000119, 0.000311, 0.073908, 0.238251, 0.238251, 0.238251, ALLOMETRICVESSELVOLUME, 0.200000, 0.018194, 0, 6, 5, 0.031049, 0.000712, 0.354896, 0, 1, 1.000000, 1, 0, 0, unknownSpecies, -11.846800, -2.013600, -13.038500, 0.010000, 0.401606, 0.000000, 0.010000, 0.401606, 0.000000
cylinder, 177, 176, -1.349672, 1.260205, 6.693402, -1.359869, 1.320439, 6.632738, 0.020590, 0.000115, 0.000192, 0.086094, 0.164342, 0.164342, 0.164342, ALLOMETRICVESSELVOLUME, 0.016152, 0.018194, 1, 6, 5, 0.031049, 0.000712, 0.354896, 0, 1, 1.000000, 1, 0, 0, unknownSpecies, -11.846800, -2.013600, -13.038500, 0.010000, 0.401606, 0.000000, 0.010000, 0.401606, 0.000000
cylinder, 178, 177, -1.359869, 1.320439, 6.632738, -1.384633, 1.394433, 6.638599, 0.017698, 0.000077, 0.000077, 0.078248, 0.078248, 0.078248, 0.078248, SPHEREFOLLOWING, 0.200000, 0.018194, 0, 6, 5, 0.031049, 0.000712, 0.354896, 0, 1, 1.000000, 1, 0, 0, unknownSpecies, -11.846800, -2.013600, -13.038500, 0.010000, 0.401606, 0.000000, 0.010000, 0.401606, 0.000000
cylinder, 179, 168, -1.197512, 0.803923, 6.621945, -1.192530, 0.765543, 6.713281, 0.020592, 0.000132, 0.000186, 0.099197, 0.164397, 0.164397, 0.164397, ALLOMETRICVESSELVOLUME, 0.091548, 0.018194, 0, 7, 5, 0.000000, 0.000054, 0.065200, 1, 1, 1.000000, 1, 1, 0, unknownSpecies, -11.846800, -2.013600, -13.038500, 0.010000, 0.401606, 0.000000, 0.010000, 0.401606, 0.000000
cylinder, 180, 179, -1.192530, 0.765543, 6.713281, -1.188455, 0.735984, 6.771252, 0.016182, 0.000054, 0.000054, 0.065200, 0.065200, 0.065200, 0.065200, ALLOMETRICVESSELVOLUME, 0.027086, 0.018194, 0, 7, 5, 0.000000, 0.000054, 0.065200, 1, 1, 1.000000, 1, 1, 0, unknownSpecies, -11.846800, -2.013600, -13.038500, 0.010000, 0.401606, 0.000000, 0.010000, 0.401606, 0.000000
cylinder, 181, 158, -0.731924, 0.880784, 6.262604, -0.679368, 0.963759, 6.520389, 0.037145, 0.001196, 0.004724, 0.275862, 1.581059, 1.581059, 1.581059, ALLOMETRICVESSELVOLUME, 0.090043, 0.018194, 0, 8, 4, 0.000000, 0.001299, 0.659333, 1, 1, 1.000000, 1, 2, 0, unknownSpecies, -11.846800, -2.013600, -13.038500, 0.010000, 0.401606, 0.000000, 0.010000, 0.401606, 0.000000
cylinder, 182, 181, -0.679368, 0.963759, 6.520389, -0.694496, 0.982762, 6.634623, 0.035334, 0.000458, 0.003528, 0.116788, 1.305197, 1.305197, 1.305197, ALLOMETRICVESSELVOLUME, 0.062746, 0.018194, 0, 8, 4, 0.000000, 0.001299, 0.659333, 1, 1, 1.000000, 1, 2, 0, unknownSpecies, -11.846800, -2.013600, -13.038500, 0.010000, 0.401606, 0.000000, 0.010000, 0.401606, 0.000000
cylinder, 183, 182, -0.694496, 0.982762, 6.634623, -0.699055, 1.016958, 6.722475, 0.034482, 0.000353, 0.003070, 0.094383, 1.188409, 1.188409, 1.188409, ALLOMETRICVESSELVOLUME, 0.049960, 0.018194, 0, 8, 4, 0.000000, 0.001299, 0.659333, 1, 1, 1.000000, 1, 2, 0, unknownSpecies, -11.846800, -2.013600, -13.038500, 0.010000, 0.401606, 0.000000, 0.010000, 0.401606, 0.000000
cylinder, 184, 183, -0.699055, 1.016958, 6.722475, -0.704211, 1.042075, 6.812240, 0.033746, 0.000334, 0.002718, 0.093356, 1.094026, 1.094026, 1.094026, ALLOMETRICVESSELVOLUME, 0.056995, 0.018194, 0, 8, 4, 0.000000, 0.001299, 0.659333, 1, 1, 1.000000, 1, 2, 0, unknownSpecies, -11.846800, -2.013600, -13.038500, 0.010000, 0.401606, 0.000000, 0.010000, 0.401606, 0.000000
cylinder, 185, 184, -0.704211, 1.042075, 6.812240, -0.678144, 1.037798, 6.875163, 0.032970, 0.000233, 0.002384, 0.068243, 1.000670, 1.000670, 1.000670, ALLOMETRICVESSELVOLUME, 0.048335, 0.018194, 0, 8, 4, 0.000000, 0.001299, 0.659333, 1, 1, 1.000000, 1, 2, 0, unknownSpecies, -11.846800, -2.013600, -13.038500, 0.010000, 0.401606, 0.000000, 0.010000, 0.401606, 0.000000
cylinder, 186, 185, -0.678144, 1.037798, 6.875163, -0.673190, 1.057729, 6.957257, 0.032369, 0.000279, 0.002151, 0.084625, 0.932428, 0.932428, 0.932428, ALLOMETRICVESSELVOLUME, 0.055331, 0.018194, 0, 8, 4, 0.000000, 0.001299, 0.659333, 1, 1, 1.000000, 1, 2, 0, unknownSpecies, -11.846800, -2.013600, -13.038500, 0.010000, 0.401606, 0.000000, 0.010000, 0.401606, 0.000000
cylinder, 187, 186, -0.673190, 1.057729, 6.957257, -0.699697, 1.097628, 7.049100, 0.031576, 0.000324, 0.001872, 0.103584, 0.847803, 0.847803, 0.847803, ALLOMETRICVESSELVOLUME, 0.043943, 0.018194, 0, 8, 4, 0.000000, 0.001299, 0.659333, 1, 1, 1.000000, 1, 2, 0, unknownSpecies, -11.846800, -2.013600, -13.038500, 0.010000, 0.401606, 0.000000, 0.010000, 0.401606, 0.000000
cylinder, 188, 187, -0.699697, 1.097628, 7.049100, -0.682803, 1.108530, 7.131570, 0.030522, 0.000248, 0.001548, 0.084886, 0.744219, 0.744219, 0.744219, ALLOMETRICVESSELVOLUME, 0.046672, 0.018194, 0, 8, 4, 0.000000, 0.001299, 0.659333, 1, 1, 1.000000, 1, 2, 0, unknownSpecies, -11.846800, -2.013600, -13.038500, 0.010000, 0.401606, 0.000000, 0.010000, 0.401606, 0.000000
cylinder, 189, 188, -0.682803, 1.108530, 7.131570, -0.682918, 1.125050, 7.204277, 0.029574, 0.000205, 0.001299, 0.074560, 0.659333, 0.659333, 0.659333, ALLOMETRICVESSELVOLUME, 0.037863, 0.018194, 0, 8, 4, 0.000000, 0.001299, 0.659333, 1, 1, 1.000000, 1, 2, 0, unknownSpecies, -11.846800, -2.013600, -13.038500, 0.010000, 0.401606, 0.000000, 0.010000, 0.401606, 0.000000
cylinder, 190, 189, -0.682918, 1.125050, 7.204277, -0.687372, 1.203058, 7.285413, 0.028663, 0.000291, 0.001094, 0.112642, 0.584774, 0.584774, 0.584774, ALLOMETRICVESSELVOLUME, 0.032673, 0.018194, 0, 8, 4, 0.000000, 0.001299, 0.659333, 1, 1, 1.000000, 1, 2, 0, unknownSpecies, -11.846800, -2.013600, -13.038500, 0.010000, 0.401606, 0.000000, 0.010000, 0.401606, 0.000000
cylinder, 191, 190, -0.687372, 1.203058, 7.285413, -0.712819, 1.196242, 7.295725, 0.027108, 0.000065, 0.000804, 0.028290, 0.472132, 0.472132, 0.472132, ALLOMETRICVESSELVOLUME, 0.200000, 0.018194, 0, 8, 4, 0.000000, 0.001299, 0.659333, 1, 1, 1.000000, 1, 2, 0, unknownSpecies, -11.846800, -2.013600, -13.038500, 0.010000, 0.401606, 0.000000, 0.010000, 0.401606, 0.000000
cylinder, 192, 191, -0.712819, 1.196242, 7.295725, -0.646305, 1.173059, 7.417967, 0.026675, 0.000315, 0.000738, 0.141083, 0.443842, 0.443842, 0.443842, ALLOMETRICVESSELVOLUME, 0.075240, 0.018194, 0, 8, 4, 0.000000, 0.001299, 0.659333, 1, 1, 1.000000, 1, 2, 0, unknownSpecies, -11.846800, -2.013600, -13.038500, 0.010000, 0.401606, 0.000000, 0.010000, 0.401606, 0.000000
cylinder, 193, 192, -0.646305, 1.173059, 7.417967, -0.586178, 1.190482, 7.477860, 0.024144, 0.000159, 0.000423, 0.086637, 0.302758, 0.302758, 0.302758, ALLOMETRICVESSELVOLUME, 0.087503, 0.018194, 0, 8, 4, 0.000000, 0.001299, 0.659333, 1, 1, 1.000000, 1, 2, 0, unknownSpecies, -11.846800, -2.013600, -13.038500, 0.010000, 0.401606, 0.000000, 0.010000, 0.401606, 0.000000
cylinder, 194, 193, -0.586178, 1.190482, 7.477860, -0.606976, 1.210417, 7.525487, 0.022114, 0.000086, 0.000264, 0.055662, 0.216121, 0.216121, 0.216121, ALLOMETRICVESSELVOLUME, 0.200000, 0.018194, 0, 8, 4, 0.000000, 0.001299, 0.659333, 1, 1, 1.000000, 1, 2, 0, unknownSpecies, -11.846800, -2.013600, -13.038500, 0.010000, 0.401606, 0.000000, 0.010000, 0.401606, 0.000000
cylinder, 195, 194, -0.606976, 1.210417, 7.525487, -0.631145, 1.169319, 7.600325, 0.020462, 0.000117, 0.000179, 0.088735, 0.160459, 0.160459, 0.160459, ALLOMETRICVESSELVOLUME, 0.200000, 0.018194, 0, 8, 4, 0.000000, 0.001299, 0.659333, 1, 1, 1.000000, 1, 2, 0, unknownSpecies, -11.846800, -2.013600, -13.038500, 0.010000, 0.401606, 0.000000, 0.010000, 0.401606, 0.000000
cylinder, 196, 195, -0.631145, 1.169319, 7.600325, -0.632800, 1.196119, 7.666833, 0.016589, 0.000062, 0.000062, 0.071724, 0.071724, 0.071724, 0.071724, ALLOMETRICVESSELVOLUME, 0.200000, 0.018194, 0, 8, 4, 0.000000, 0.001299, 0.659333, 1, 1, 1.000000, 1, 2, 0, unknownSpecies, -11.846800, -2.013600, -13.038500, 0.010000, 0.401606, 0.000000, 0.010000, 0.401606, 0.000000
cylinder, 197, 158, -0.731924, 0.880784, 6.262604, -0.762102, 0.828032, 6.556846, 0.028697, 0.000777, 0.001166, 0.300453, 0.587398, 0.587398, 0.587398, ALLOMETRICVESSELVOLUME, 0.062115, 0.018194, 0, 9, 4, 0.000000, 0.000247, 0.207203, 1, 1, 1.000000, 1, 3, 0, unknownSpecies, -11.846800, -2.013600, -13.038500, 0.010000, 0.401606, 0.000000, 0.010000, 0.401606, 0.000000
cylinder, 198, 197, -0.762102, 0.828032, 6.556846, -0.763374, 0.775284, 6.616635, 0.023809, 0.000142, 0.000389, 0.079742, 0.286945, 0.286945, 0.286945, ALLOMETRICVESSELVOLUME, 0.011664, 0.018194, 0, 9, 4, 0.000000, 0.000247, 0.207203, 1, 1, 1.000000, 1, 3, 0, unknownSpecies, -11.846800, -2.013600, -13.038500, 0.010000, 0.401606, 0.000000, 0.010000, 0.401606, 0.000000
cylinder, 199, 198, -0.763374, 0.775284, 6.616635, -0.781017, 0.776668, 6.688813, 0.021872, 0.000112, 0.000247, 0.074316, 0.207203, 0.207203, 0.207203, ALLOMETRICVESSELVOLUME, 0.037448, 0.018194, 0, 9, 4, 0.000000, 0.000247, 0.207203, 1, 1, 1.000000, 1, 3, 0, unknownSpecies, -11.846800, -2.013600, -13.038500, 0.010000, 0.401606, 0.000000, 0.010000, 0.401606, 0.000000
cylinder, 200, 199, -0.781017, 0.776668, 6.688813, -0.801052, 0.780723, 6.746447, 0.019481, 0.000073, 0.000135, 0.061152, 0.132887, 0.132887, 0.132887, ALLOMETRICVESSELVOLUME, 0.080893, 0.018194, 0, 9, 4, 0.000000, 0.000247, 0.207203, 1, 1, 1.000000, 1, 3, 0, unknownSpecies, -11.846800, -2.013600, -13.038500, 0.010000, 0.401606, 0.000000, 0.010000, 0.401606, 0.000000
cylinder, 201, 200, -0.801052, 0.780723, 6.746447, -0.813250, 0.796158, 6.815432, 0.016590, 0.000062, 0.000062, 0.071735, 0.071735, 0.071735, 0.071735, ALLOMETRICVESSELVOLUME, 0.014984, 0.018194, 0, 9, 4, 0.000000, 0.000247, 0.207203, 1, 1, 1.000000, 1, 3, 0, unknownSpecies, -11.846800, -2.013600, -13.038500, 0.010000, 0.401606, 0.000000, 0.010000, 0.401606, 0.000000
cylinder, 202, 123, -1.020287, 0.296797, 3.528914, -1.106411, 0.264880, 3.610495, 0.065657, 0.001664, 0.040197, 0.122848, 5.778853, 14.066394, 3.699015, ALLOMETRICVESSELVOLUME, 0.020901, 0.018194, 0, 10, 3, 0.063045, 0.025850, 4.580707, 1, 3, 2.000000, 4, 4, 0, unknownSpecies, -11.846800, -2.013600, -13.038500, 0.010000, 0.401606, 0.000000, 0.010000, 0.401606, 0.000000
cylinder, 203, 202, -1.106411, 0.264880, 3.610495, -1.129181, 0.210845, 3.784274, 0.058608, 0.001979, 0.038533, 0.183404, 5.656005, 13.575002, 3.576167, SPHEREFOLLOWING, 0.015359, 0.018194, 1, 10, 3, 0.063045, 0.025850, 4.580707, 1, 3, 2.000000, 4, 4, 0, unknownSpecies, -11.846800, -2.013600, -13.038500, 0.010000, 0.401606, 0.000000, 0.010000, 0.401606, 0.000000
cylinder, 204, 203, -1.129181, 0.210845, 3.784274, -1.124159, 0.202177, 3.848948, 0.059724, 0.000733, 0.036554, 0.065446, 5.472601, 12.841385, 3.392763, SPHEREFOLLOWING, 0.010662, 0.018194, 1, 10, 3, 0.063045, 0.025850, 4.580707, 1, 3, 2.000000, 4, 4, 0, unknownSpecies, -11.846800, -2.013600, -13.038500, 0.010000, 0.401606, 0.000000, 0.010000, 0.401606, 0.000000
cylinder, 205, 204, -1.124159, 0.202177, 3.848948, -1.120311, 0.183549, 3.926061, 0.063502, 0.001006, 0.035820, 0.079424, 5.407155, 12.579602, 3.327317, SPHEREFOLLOWING, 0.011666, 0.018194, 1, 10, 3, 0.063045, 0.025850, 4.580707, 1, 3, 2.000000, 4, 4, 0, unknownSpecies, -11.846800, -2.013600, -13.038500, 0.010000, 0.401606, 0.000000, 0.010000, 0.401606, 0.000000
cylinder, 206, 205, -1.120311, 0.183549, 3.926061, -1.110047, 0.176856, 3.997590, 0.066573, 0.001010, 0.034814, 0.072571, 5.327731, 12.261905, 3.247893, SPHEREFOLLOWING, 0.017068, 0.018194, 1, 10, 3, 0.063045, 0.025850, 4.580707, 1, 3, 2.000000, 4, 4, 0, unknownSpecies, -11.846800, -2.013600, -13.038500, 0.010000, 0.401606, 0.000000, 0.010000, 0.401606, 0.000000
cylinder, 207, 206, -1.110047, 0.176856, 3.997590, -1.111502, 0.167907, 4.086987, 0.064632, 0.001179, 0.033804, 0.089856, 5.255160, 11.971621, 3.175322, SPHEREFOLLOWING, 0.012121, 0.018194, 1, 10, 3, 0.063045, 0.025850, 4.580707, 1, 3, 2.000000, 4, 4, 0, unknownSpecies, -11.846800, -2.013600, -13.038500, 0.010000, 0.401606, 0.000000, 0.010000, 0.401606, 0.000000
cylinder, 208, 207, -1.111502, 0.167907, 4.086987, -1.106122, 0.157017, 4.178729, 0.063045, 0.001156, 0.032624, 0.092542, 5.165304, 11.612197, 3.085466, SPHEREFOLLOWING, 0.007148, 0.018194, 1, 10, 3, 0.063045, 0.025850, 4.580707, 1, 3, 2.000000, 4, 4, 0, unknownSpecies, -11.846800, -2.013600, -13.038500, 0.010000, 0.401606, 0.000000, 0.010000, 0.401606, 0.000000
cylinder, 209, 208, -1.106122, 0.157017, 4.178729, -1.095438, 0.146986, 4.252188, 0.061563, 0.000892, 0.031469, 0.074907, 5.072762, 11.242030, 2.992924, SPHEREFOLLOWING, 0.009587, 0.018194, 1, 10, 3, 0.063045, 0.025850, 4.580707, 1, 3, 2.000000, 4, 4, 0, unknownSpecies, -11.846800, -2.013600, -13.038500, 0.010000, 0.401606, 0.000000, 0.010000, 0.401606, 0.000000
cylinder, 210, 209, -1.095438, 0.146986, 4.252188, -1.100476, 0.140265, 4.338509, 0.057527, 0.000902, 0.030577, 0.086729, 4.997855, 10.942404, 2.918017, SPHEREFOLLOWING, 0.011518, 0.018194, 1, 10, 3, 0.063045, 0.025850, 4.580707, 1, 3, 2.000000, 4, 4, 0, unknownSpecies, -11.846800, -2.013600, -13.038500, 0.010000, 0.401606, 0.000000, 0.010000, 0.401606, 0.000000
cylinder, 211, 210, -1.100476, 0.140265, 4.338509, -1.102465, 0.128043, 4.424577, 0.060614, 0.001004, 0.029675, 0.086954, 4.911126, 10.595487, 2.831288, SPHEREFOLLOWING, 0.016157, 0.018194, 1, 10, 3, 0.063045, 0.025850, 4.580707, 1, 3, 2.000000, 4, 4, 0, unknownSpecies, -11.846800, -2.013600, -13.038500, 0.010000, 0.401606, 0.000000, 0.010000, 0.401606, 0.000000
cylinder, 212, 211, -1.102465, 0.128043, 4.424577, -1.114840, 0.134038, 4.480746, 0.060298, 0.000661, 0.028672, 0.057828, 4.824172, 10.247670, 2.744334, SPHEREFOLLOWING, 0.017610, 0.018194, 1, 10, 3, 0.063045, 0.025850, 4.580707, 1, 3, 2.000000, 4, 4, 0, unknownSpecies, -11.846800, -2.013600, -13.038500, 0.010000, 0.401606, 0.000000, 0.010000, 0.401606, 0.000000
cylinder, 213, 212, -1.114840, 0.134038, 4.480746, -1.150540, 0.111480, 4.572715, 0.060298, 0.001156, 0.028011, 0.101201, 4.766344, 10.016359, 2.686506, MEDIAN, 0.026119, 0.018194, 0, 10, 3, 0.063045, 0.025850, 4.580707, 1, 3, 2.000000, 4, 4, 0, unknownSpecies, -11.846800, -2.013600, -13.038500, 0.010000, 0.401606, 0.000000, 0.010000, 0.401606, 0.000000
cylinder, 214, 213, -1.150540, 0.111480, 4.572715, -1.145901, 0.114081, 4.634675, 0.060614, 0.000718, 0.026855, 0.062188, 4.665143, 9.611556, 2.585305, MEDIAN, 0.027433, 0.018194, 0, 10, 3, 0.063045, 0.025850, 4.580707, 1, 3, 2.000000, 4, 4, 0, unknownSpecies, -11.846800, -2.013600, -13.038500, 0.010000, 0.401606, 0.000000, 0.010000, 0.401606, 0.000000
cylinder, 215, 214, -1.145901, 0.114081, 4.634675, -1.149098, 0.112694, 4.656649, 0.064134, 0.000287, 0.026137, 0.022249, 4.602956, 9.362806, 2.523118, MEDIAN, 0.023435, 0.018194, 0, 10, 3, 0.063045, 0.025850, 4.580707, 1, 3, 2.000000, 4, 4, 0, unknownSpecies, -11.846800, -2.013600, -13.038500, 0.010000, 0.401606, 0.000000, 0.010000, 0.401606, 0.000000
cylinder, 216, 215, -1.149098, 0.112694, 4.656649, -1.129961, 0.087247, 4.740599, 0.064134, 0.001160, 0.025850, 0.089786, 4.580707, 9.273811, 2.500869, MEDIAN, 0.022560, 0.018194, 0, 10, 3, 0.063045, 0.025850, 4.580707, 1, 3, 2.000000, 4, 4, 0, unknownSpecies, -11.846800, -2.013600, -13.038500, 0.010000, 0.401606, 0.000000, 0.010000, 0.401606, 0.000000
cylinder, 217, 216, -1.129961, 0.087247, 4.740599, -1.153486, 0.064340, 4.808489, 0.064134, 0.000974, 0.024690, 0.075414, 4.490921, 8.914668, 2.411083, SPHEREFOLLOWING, 0.019172, 0.018194, 0, 10, 3, 0.063045, 0.025850, 4.580707, 1, 3, 2.000000, 4, 4, 0, unknownSpecies, -11.846800, -2.013600, -13.038500, 0.010000, 0.401606, 0.000000, 0.010000, 0.401606, 0.000000
cylinder, 218, 217, -1.153486, 0.064340, 4.808489, -1.131812, 0.056242, 4.855767, 0.086173, 0.001228, 0.023715, 0.052636, 4.415508, 8.613014, 2.335670, SPHEREFOLLOWING, 0.029410, 0.018194, 0, 10, 3, 0.063045, 0.025850, 4.580707, 1, 3, 2.000000, 4, 4, 0, unknownSpecies, -11.846800, -2.013600, -13.038500, 0.010000, 0.401606, 0.000000, 0.010000, 0.401606, 0.000000
cylinder, 219, 218, -1.131812, 0.056242, 4.855767, -1.092922, 0.044547, 4.928572, 0.057407, 0.000863, 0.022487, 0.083365, 4.362872, 8.402470, 2.283034, ALLOMETRICVESSELVOLUME, 0.018384, 0.018194, 0, 10, 3, 0.063045, 0.025850, 4.580707, 1, 3, 2.000000, 4, 4, 0, unknownSpecies, -11.846800, -2.013600, -13.038500, 0.010000, 0.401606, 0.000000, 0.010000, 0.401606, 0.000000
cylinder, 220, 219, -1.092922, 0.044547, 4.928572, -1.151666, 0.001216, 5.038064, 0.080464, 0.002677, 0.021624, 0.131593, 4.279507, 8.069011, 2.199669, SPHEREFOLLOWING, 0.024074, 0.018194, 0, 10, 3, 0.063045, 0.025850, 4.580707, 1, 3, 2.000000, 4, 4, 0, unknownSpecies, -11.846800, -2.013600, -13.038500, 0.010000, 0.401606, 0.000000, 0.010000, 0.401606, 0.000000
cylinder, 221, 220, -1.151666, 0.001216, 5.038064, -1.135705, -0.016961, 5.093485, 0.055814, 0.000592, 0.018948, 0.060471, 4.147914, 7.542637, 2.068076, ALLOMETRICVESSELVOLUME, 0.029179, 0.018194, 0, 10, 3, 0.063045, 0.025850, 4.580707, 1, 3, 2.000000, 4, 4, 0, unknownSpecies, -11.846800, -2.013600, -13.038500, 0.010000, 0.401606, 0.000000, 0.010000, 0.401606, 0.000000
cylinder, 222, 221, -1.135705, -0.016961, 5.093485, -1.153229, -0.041900, 5.167732, 0.055342, 0.000772, 0.018356, 0.080260, 4.087443, 7.300753, 2.007605, ALLOMETRICVESSELVOLUME, 0.030388, 0.018194, 0, 10, 3, 0.063045, 0.025850, 4.580707, 1, 3, 2.000000, 4, 4, 0, unknownSpecies, -11.846800, -2.013600, -13.038500, 0.010000, 0.401606, 0.000000, 0.010000, 0.401606, 0.000000
cylinder, 223, 222, -1.153229, -0.041900, 5.167732, -1.180269, -0.031739, 5.243561, 0.054697, 0.000763, 0.017583, 0.081144, 4.007183, 6.979714, 1.927345, ALLOMETRICVESSELVOLUME, 0.024707, 0.018194, 0, 10, 3, 0.063045, 0.025850, 4.580707, 1, 3, 2.000000, 4, 4, 0, unknownSpecies, -11.846800, -2.013600, -13.038500, 0.010000, 0.401606, 0.000000, 0.010000, 0.401606, 0.000000
cylinder, 224, 223, -1.180269, -0.031739, 5.243561, -1.165803, -0.051414, 5.298859, 0.054023, 0.000554, 0.016821, 0.060451, 3.926039, 6.655137, 1.846201, ALLOMETRICVESSELVOLUME, 0.029511, 0.018194, 0, 10, 3, 0.063045, 0.025850, 4.580707, 1, 3, 2.000000, 4, 4, 0, unknownSpecies, -11.846800, -2.013600, -13.038500, 0.010000, 0.401606, 0.000000, 0.010000, 0.401606, 0.000000
cylinder, 225, 224, -1.165803, -0.051414, 5.298859, -1.183157, -0.073427, 5.403189, 0.053504, 0.000972, 0.016267, 0.108030, 3.865588, 6.413335, 1.785750, ALLOMETRICVESSELVOLUME, 0.027624, 0.018194, 0, 10, 3, 0.063045, 0.025850, 4.580707, 1, 3, 2.000000, 4, 4, 0, unknownSpecies, -11.846800, -2.013600, -13.038500, 0.010000, 0.401606, 0.000000, 0.010000, 0.401606, 0.000000
cylinder, 226, 225, -1.183157, -0.073427, 5.403189, -1.197695, -0.103785, 5.511480, 0.052540, 0.000983, 0.015295, 0.113401, 3.757558, 5.981214, 1.677720, ALLOMETRICVESSELVOLUME, 0.027585, 0.018194, 0, 10, 3, 0.063045, 0.025850, 4.580707, 1, 3, 2.000000, 4, 4, 0, unknownSpecies, -11.846800, -2.013600, -13.038500, 0.010000, 0.401606, 0.000000, 0.010000, 0.401606, 0.000000
cylinder, 227, 226, -1.197695, -0.103785, 5.511480, -1.192534, -0.099661, 5.561985, 0.051471, 0.000424, 0.014311, 0.050936, 3.644157, 5.527610, 1.564319, ALLOMETRICVESSELVOLUME, 0.030609, 0.018194, 0, 10, 3, 0.063045, 0.025850, 4.580707, 1, 3, 2.000000, 4, 4, 0, unknownSpecies, -11.846800, -2.013600, -13.038500, 0.010000, 0.401606, 0.000000, 0.010000, 0.401606, 0.000000
cylinder, 228, 227, -1.192534, -0.099661, 5.561985, -1.237999, -0.085530, 5.653831, 0.050970, 0.000844, 0.013888, 0.103452, 3.593221, 5.323866, 1.513383, ALLOMETRICVESSELVOLUME, 0.037841, 0.018194, 0, 10, 3, 0.063045, 0.025850, 4.580707, 1, 3, 2.000000, 4, 4, 0, unknownSpecies, -11.846800, -2.013600, -13.038500, 0.010000, 0.401606, 0.000000, 0.010000, 0.401606, 0.000000
cylinder, 229, 228, -1.237999, -0.085530, 5.653831, -1.277717, -0.102392, 5.761670, 0.049907, 0.000909, 0.013043, 0.116151, 3.489769, 4.910058, 1.409931, ALLOMETRICVESSELVOLUME, 0.024972, 0.018194, 0, 10, 3, 0.063045, 0.025850, 4.580707, 1, 3, 2.000000, 4, 4, 0, unknownSpecies, -11.846800, -2.013600, -13.038500, 0.010000, 0.401606, 0.000000, 0.010000, 0.401606, 0.000000
cylinder, 230, 229, -1.277717, -0.102392, 5.761670, -1.348205, -0.226531, 5.897286, 0.052037, 0.001675, 0.007397, 0.196903, 1.828305, 2.298425, 1.293780, SPHEREFOLLOWING, 0.024693, 0.018194, 0, 11, 10, 0.052037, 0.004992, 1.545680, 1, 2, 1.414214, 2, 4, 0, unknownSpecies, -11.846800, -2.013600, -13.038500, 0.010000, 0.401606, 0.000000, 0.010000, 0.401606, 0.000000
cylinder, 231, 230, -1.348205, -0.226531, 5.897286, -1.404274, -0.218286, 5.961602, 0.052037, 0.000729, 0.005722, 0.085722, 1.631402, 1.904619, 1.096877, MEDIAN, 0.018971, 0.018194, 0, 11, 10, 0.052037, 0.004992, 1.545680, 1, 2, 1.414214, 2, 4, 0, unknownSpecies, -11.846800, -2.013600, -13.038500, 0.010000, 0.401606, 0.000000, 0.010000, 0.401606, 0.000000
cylinder, 232, 231, -1.404274, -0.218286, 5.961602, -1.423881, -0.188060, 6.036323, 0.052037, 0.000706, 0.004992, 0.082953, 1.545680, 1.733175, 1.011155, MEDIAN, 0.033129, 0.018194, 0, 11, 10, 0.052037, 0.004992, 1.545680, 1, 2, 1.414214, 2, 4, 0, unknownSpecies, -11.846800, -2.013600, -13.038500, 0.010000, 0.401606, 0.000000, 0.010000, 0.401606, 0.000000
cylinder, 233, 232, -1.423881, -0.188060, 6.036323, -1.432004, -0.202149, 6.095832, 0.052037, 0.000525, 0.004287, 0.061691, 1.462726, 1.567269, 0.928201, MEDIAN, 0.039348, 0.018194, 0, 11, 10, 0.052037, 0.004992, 1.545680, 1, 2, 1.414214, 2, 4, 0, unknownSpecies, -11.846800, -2.013600, -13.038500, 0.010000, 0.401606, 0.000000, 0.010000, 0.401606, 0.000000
cylinder, 234, 233, -1.432004, -0.202149, 6.095832, -1.402430, -0.172533, 6.086644, 0.052037, 0.000365, 0.003762, 0.042851, 1.401035, 1.443886, 0.866510, MEDIAN, 0.016520, 0.018194, 0, 11, 10, 0.052037, 0.004992, 1.545680, 1, 2, 1.414214, 2, 4, 0, unknownSpecies, -11.846800, -2.013600, -13.038500, 0.010000, 0.401606, 0.000000, 0.010000, 0.401606, 0.000000
cylinder, 235, 234, -1.402430, -0.172533, 6.086644, -1.458775, -0.157027, 6.222327, 0.031792, 0.000469, 0.002314, 0.147733, 0.823659, 0.823659, 0.823659, SPHEREFOLLOWING, 0.052442, 0.018194, 0, 12, 11, 0.032293, 0.000912, 0.395737, 1, 1, 1.000000, 1, 4, 0, unknownSpecies, -11.846800, -2.013600, -13.038500, 0.010000, 0.401606, 0.000000, 0.010000, 0.401606, 0.000000
cylinder, 236, 235, -1.458775, -0.157027, 6.222327, -1.506255, -0.145200, 6.263258, 0.030629, 0.000188, 0.001845, 0.063793, 0.675926, 0.675926, 0.675926, SPHEREFOLLOWING, 0.009793, 0.018194, 1, 12, 11, 0.032293, 0.000912, 0.395737, 1, 1, 1.000000, 1, 4, 0, unknownSpecies, -11.846800, -2.013600, -13.038500, 0.010000, 0.401606, 0.000000, 0.010000, 0.401606, 0.000000
cylinder, 237, 236, -1.506255, -0.145200, 6.263258, -1.504630, -0.107394, 6.340151, 0.033656, 0.000305, 0.001657, 0.085700, 0.612133, 0.612133, 0.612133, SPHEREFOLLOWING, 0.029276, 0.018194, 0, 12, 11, 0.032293, 0.000912, 0.395737, 1, 1, 1.000000, 1, 4, 0, unknownSpecies, -11.846800, -2.013600, -13.038500, 0.010000, 0.401606, 0.000000, 0.010000, 0.401606, 0.000000
cylinder, 238, 237, -1.504630, -0.107394, 6.340151, -1.549349, -0.089867, 6.376116, 0.033247, 0.000208, 0.001352, 0.060004, 0.526433, 0.526433, 0.526433, SPHEREFOLLOWING, 0.009139, 0.018194, 1, 12, 11, 0.032293, 0.000912, 0.395737, 1, 1, 1.000000, 1, 4, 0, unknownSpecies, -11.846800, -2.013600, -13.038500, 0.010000, 0.401606, 0.000000, 0.010000, 0.401606, 0.000000
cylinder, 239, 238, -1.549349, -0.089867, 6.376116, -1.571152, -0.046656, 6.427641, 0.032293, 0.000232, 0.001144, 0.070692, 0.466429, 0.466429, 0.466429, SPHEREFOLLOWING, 0.004771, 0.018194, 1, 12, 11, 0.032293, 0.000912, 0.395737, 1, 1, 1.000000, 1, 4, 0, unknownSpecies, -11.846800, -2.013600, -13.038500, 0.010000, 0.401606, 0.000000, 0.010000, 0.401606, 0.000000
cylinder, 240, 239, -1.571152, -0.046656, 6.427641, -1.561635, -0.015235, 6.485188, 0.033247, 0.000230, 0.000912, 0.066253, 0.395737, 0.395737, 0.395737, MEDIAN, 0.014889, 0.018194, 0, 12, 11, 0.032293, 0.000912, 0.395737, 1, 1, 1.000000, 1, 4, 0, unknownSpecies, -11.846800, -2.013600, -13.038500, 0.010000, 0.401606, 0.000000, 0.010000, 0.401606, 0.000000
cylinder, 241, 240, -1.561635, -0.015235, 6.485188, -1.508862, 0.029906, 6.509133, 0.033247, 0.000255, 0.000682, 0.073458, 0.329484, 0.329484, 0.329484, MEDIAN, 0.200000, 0.018194, 0, 12, 11, 0.032293, 0.000912, 0.395737, 1, 1, 1.000000, 1, 4, 0, unknownSpecies, -11.846800, -2.013600, -13.038500, 0.010000, 0.401606, 0.000000, 0.010000, 0.401606, 0.000000
cylinder, 242, 241, -1.508862, 0.029906, 6.509133, -1.585138, 0.086653, 6.554719, 0.023112, 0.000177, 0.000427, 0.105434, 0.256025, 0.256025, 0.256025, ALLOMETRICVESSELVOLUME, 0.012481, 0.018194, 1, 12, 11, 0.032293, 0.000912, 0.395737, 1, 1, 1.000000, 1, 4, 0, unknownSpecies, -11.846800, -2.013600, -13.038500, 0.010000, 0.401606, 0.000000, 0.010000, 0.401606, 0.000000
cylinder, 243, 242, -1.585138, 0.086653, 6.554719, -1.579073, 0.127280, 6.622218, 0.027549, 0.000188, 0.000250, 0.079016, 0.150591, 0.150591, 0.150591, SPHEREFOLLOWING, 0.007476, 0.018194, 1, 12, 11, 0.032293, 0.000912, 0.395737, 1, 1, 1.000000, 1, 4, 0, unknownSpecies, -11.846800, -2.013600, -13.038500, 0.010000, 0.401606, 0.000000, 0.010000, 0.401606, 0.000000
cylinder, 244, 243, -1.579073, 0.127280, 6.622218, -1.546290, 0.167401, 6.671600, 0.016580, 0.000062, 0.000062, 0.071575, 0.071575, 0.071575, 0.071575, ALLOMETRICVESSELVOLUME, 0.048647, 0.018194, 0, 12, 11, 0.032293, 0.000912, 0.395737, 1, 1, 1.000000, 1, 4, 0, unknownSpecies, -11.846800, -2.013600, -13.038500, 0.010000, 0.401606, 0.000000, 0.010000, 0.401606, 0.000000
cylinder, 245, 234, -1.402430, -0.172533, 6.086644, -1.411687, -0.258021, 6.205587, 0.028000, 0.000361, 0.001083, 0.146770, 0.534525, 0.534525, 0.534525, ALLOMETRICVESSELVOLUME, 0.016729, 0.018194, 0, 13, 11, 0.023181, 0.000482, 0.267761, 2, 1, 1.000000, 1, 4, 0, unknownSpecies, -11.846800, -2.013600, -13.038500, 0.010000, 0.401606, 0.000000, 0.010000, 0.401606, 0.000000
cylinder, 246, 245, -1.411687, -0.258021, 6.205587, -1.412000, -0.274233, 6.263733, 0.025753, 0.000126, 0.000722, 0.060365, 0.387755, 0.387755, 0.387755, ALLOMETRICVESSELVOLUME, 0.025434, 0.018194, 0, 13, 11, 0.023181, 0.000482, 0.267761, 2, 1, 1.000000, 1, 4, 0, unknownSpecies, -11.846800, -2.013600, -13.038500, 0.010000, 0.401606, 0.000000, 0.010000, 0.401606, 0.000000
cylinder, 247, 246, -1.412000, -0.274233, 6.263733, -1.445812, -0.292757, 6.309222, 0.024642, 0.000114, 0.000596, 0.059629, 0.327390, 0.327390, 0.327390, ALLOMETRICVESSELVOLUME, 0.014391, 0.018194, 0, 13, 11, 0.023181, 0.000482, 0.267761, 2, 1, 1.000000, 1, 4, 0, unknownSpecies, -11.846800, -2.013600, -13.038500, 0.010000, 0.401606, 0.000000, 0.010000, 0.401606, 0.000000
cylinder, 248, 247, -1.445812, -0.292757, 6.309222, -1.428526, -0.287672, 6.378929, 0.028474, 0.000183, 0.000482, 0.071998, 0.267761, 0.267761, 0.267761, SPHEREFOLLOWING, 0.004031, 0.018194, 0, 13, 11, 0.023181, 0.000482, 0.267761, 2, 1, 1.000000, 1, 4, 0, unknownSpecies, -11.846800, -2.013600, -13.038500, 0.010000, 0.401606, 0.000000, 0.010000, 0.401606, 0.000000
cylinder, 249, 248, -1.428526, -0.287672, 6.378929, -1.430172, -0.299547, 6.446678, 0.023181, 0.000116, 0.000299, 0.068802, 0.195764, 0.195764, 0.195764, SPHEREFOLLOWING, 0.006960, 0.018194, 0, 13, 11, 0.023181, 0.000482, 0.267761, 2, 1, 1.000000, 1, 4, 0, unknownSpecies, -11.846800, -2.013600, -13.038500, 0.010000, 0.401606, 0.000000, 0.010000, 0.401606, 0.000000
cylinder, 250, 249, -1.430172, -0.299547, 6.446678, -1.443791, -0.310396, 6.499749, 0.019251, 0.000065, 0.000183, 0.055854, 0.126962, 0.126962, 0.126962, ALLOMETRICVESSELVOLUME, 0.009139, 0.018194, 0, 13, 11, 0.023181, 0.000482, 0.267761, 2, 1, 1.000000, 1, 4, 0, unknownSpecies, -11.846800, -2.013600, -13.038500, 0.010000, 0.401606, 0.000000, 0.010000, 0.401606, 0.000000
cylinder, 251, 250, -1.443791, -0.310396, 6.499749, -1.437233, -0.302508, 6.570112, 0.022932, 0.000117, 0.000117, 0.071107, 0.071107, 0.071107, 0.071107, SPHEREFOLLOWING, 0.022045, 0.018194, 0, 13, 11, 0.023181, 0.000482, 0.267761, 2, 1, 1.000000, 1, 4, 0, unknownSpecies, -11.846800, -2.013600, -13.038500, 0.010000, 0.401606, 0.000000, 0.010000, 0.401606, 0.000000
cylinder, 252, 229, -1.277717, -0.102392, 5.761670, -1.250824, -0.061094, 5.890220, 0.040228, 0.000700, 0.004738, 0.137673, 1.545313, 2.147028, 1.082151, ALLOMETRICVESSELVOLUME, 0.018112, 0.018194, 0, 14, 10, 0.053697, 0.002646, 1.196646, 2, 2, 1.414214, 2, 4, 0, unknownSpecies, -11.846800, -2.013600, -13.038500, 0.010000, 0.401606, 0.000000, 0.010000, 0.401606, 0.000000
cylinder, 253, 252, -1.250824, -0.061094, 5.890220, -1.204435, -0.026851, 5.995728, 0.038815, 0.000569, 0.004038, 0.120235, 1.407640, 1.871682, 0.944478, ALLOMETRICVESSELVOLUME, 0.025317, 0.018194, 0, 14, 10, 0.053697, 0.002646, 1.196646, 2, 2, 1.414214, 2, 4, 0, unknownSpecies, -11.846800, -2.013600, -13.038500, 0.010000, 0.401606, 0.000000, 0.010000, 0.401606, 0.000000
cylinder, 254, 253, -1.204435, -0.026851, 5.995728, -1.216378, -0.033528, 6.085450, 0.053697, 0.000822, 0.003469, 0.090759, 1.287405, 1.631212, 0.824243, SPHEREFOLLOWING, 0.012841, 0.018194, 0, 14, 10, 0.053697, 0.002646, 1.196646, 2, 2, 1.414214, 2, 4, 0, unknownSpecies, -11.846800, -2.013600, -13.038500, 0.010000, 0.401606, 0.000000, 0.010000, 0.401606, 0.000000
cylinder, 255, 254, -1.216378, -0.033528, 6.085450, -1.239695, -0.048208, 6.162597, 0.036315, 0.000339, 0.002646, 0.081920, 1.196646, 1.449693, 0.733483, ALLOMETRICVESSELVOLUME, 0.017781, 0.018194, 0, 14, 10, 0.053697, 0.002646, 1.196646, 2, 2, 1.414214, 2, 4, 0, unknownSpecies, -11.846800, -2.013600, -13.038500, 0.010000, 0.401606, 0.000000, 0.010000, 0.401606, 0.000000
cylinder, 256, 255, -1.239695, -0.048208, 6.162597, -1.235893, -0.051733, 6.212437, 0.035197, 0.000195, 0.002307, 0.050109, 1.114726, 1.285854, 0.651564, ALLOMETRICVESSELVOLUME, 0.015741, 0.018194, 0, 14, 10, 0.053697, 0.002646, 1.196646, 2, 2, 1.414214, 2, 4, 0, unknownSpecies, -11.846800, -2.013600, -13.038500, 0.010000, 0.401606, 0.000000, 0.010000, 0.401606, 0.000000
cylinder, 257, 256, -1.235893, -0.051733, 6.212437, -1.260634, -0.068482, 6.286629, 0.034461, 0.000298, 0.002112, 0.079982, 1.064616, 1.185635, 0.601454, ALLOMETRICVESSELVOLUME, 0.015913, 0.018194, 0, 14, 10, 0.053697, 0.002646, 1.196646, 2, 2, 1.414214, 2, 4, 0, unknownSpecies, -11.846800, -2.013600, -13.038500, 0.010000, 0.401606, 0.000000, 0.010000, 0.401606, 0.000000
cylinder, 258, 257, -1.260634, -0.068482, 6.286629, -1.253958, -0.072599, 6.326909, 0.033183, 0.000142, 0.001814, 0.041036, 0.984634, 1.025671, 0.521472, ALLOMETRICVESSELVOLUME, 0.013560, 0.018194, 0, 14, 10, 0.053697, 0.002646, 1.196646, 2, 2, 1.414214, 2, 4, 0, unknownSpecies, -11.846800, -2.013600, -13.038500, 0.010000, 0.401606, 0.000000, 0.010000, 0.401606, 0.000000
cylinder, 259, 258, -1.253958, -0.072599, 6.326909, -1.254880, -0.183383, 6.389333, 0.027232, 0.000296, 0.000893, 0.127164, 0.480436, 0.480436, 0.480436, ALLOMETRICVESSELVOLUME, 0.022119, 0.018194, 0, 15, 14, 0.025679, 0.000377, 0.238145, 2, 1, 1.000000, 1, 4, 0, unknownSpecies, -11.846800, -2.013600, -13.038500, 0.010000, 0.401606, 0.000000, 0.010000, 0.401606, 0.000000
cylinder, 260, 259, -1.254880, -0.183383, 6.389333, -1.258943, -0.208391, 6.415879, 0.025135, 0.000073, 0.000597, 0.036696, 0.353271, 0.353271, 0.353271, ALLOMETRICVESSELVOLUME, 0.023487, 0.018194, 0, 15, 14, 0.025679, 0.000377, 0.238145, 2, 1, 1.000000, 1, 4, 0, unknownSpecies, -11.846800, -2.013600, -13.038500, 0.010000, 0.401606, 0.000000, 0.010000, 0.401606, 0.000000
cylinder, 261, 260, -1.258943, -0.208391, 6.415879, -1.279289, -0.263114, 6.468250, 0.024427, 0.000147, 0.000524, 0.078431, 0.316575, 0.316575, 0.316575, ALLOMETRICVESSELVOLUME, 0.034102, 0.018194, 0, 15, 14, 0.025679, 0.000377, 0.238145, 2, 1, 1.000000, 1, 4, 0, unknownSpecies, -11.846800, -2.013600, -13.038500, 0.010000, 0.401606, 0.000000, 0.010000, 0.401606, 0.000000
cylinder, 262, 261, -1.279289, -0.263114, 6.468250, -1.276632, -0.305691, 6.507399, 0.022680, 0.000094, 0.000377, 0.057901, 0.238145, 0.238145, 0.238145, ALLOMETRICVESSELVOLUME, 0.109694, 0.018194, 0, 15, 14, 0.025679, 0.000377, 0.238145, 2, 1, 1.000000, 1, 4, 0, unknownSpecies, -11.846800, -2.013600, -13.038500, 0.010000, 0.401606, 0.000000, 0.010000, 0.401606, 0.000000
cylinder, 263, 262, -1.276632, -0.305691, 6.507399, -1.273643, -0.343032, 6.551142, 0.018525, 0.000062, 0.000284, 0.057591, 0.180244, 0.180244, 0.180244, SPHEREFOLLOWING, 0.016483, 0.018194, 0, 15, 14, 0.025679, 0.000377, 0.238145, 2, 1, 1.000000, 1, 4, 0, unknownSpecies, -11.846800, -2.013600, -13.038500, 0.010000, 0.401606, 0.000000, 0.010000, 0.401606, 0.000000
cylinder, 264, 263, -1.273643, -0.343032, 6.551142, -1.274613, -0.344099, 6.586045, 0.019079, 0.000040, 0.000222, 0.034933, 0.122653, 0.122653, 0.122653, ALLOMETRICVESSELVOLUME, 0.037143, 0.018194, 0, 15, 14, 0.025679, 0.000377, 0.238145, 2, 1, 1.000000, 1, 4, 0, unknownSpecies, -11.846800, -2.013600, -13.038500, 0.010000, 0.401606, 0.000000, 0.010000, 0.401606, 0.000000
cylinder, 265, 264, -1.274613, -0.344099, 6.586045, -1.275819, -0.421467, 6.627368, 0.025679, 0.000182, 0.000182, 0.087721, 0.087721, 0.087721, 0.087721, SPHEREFOLLOWING, 0.138806, 0.018194, 0, 15, 14, 0.025679, 0.000377, 0.238145, 2, 1, 1.000000, 1, 4, 0, unknownSpecies, -11.846800, -2.013600, -13.038500, 0.010000, 0.401606, 0.000000, 0.010000, 0.401606, 0.000000
cylinder, 266, 258, -1.253958, -0.072599, 6.326909, -1.274509, -0.053655, 6.410334, 0.026973, 0.000201, 0.000778, 0.087983, 0.463162, 0.463162, 0.463162, ALLOMETRICVESSELVOLUME, 0.014179, 0.018194, 0, 16, 14, 0.000000, 0.000304, 0.234562, 3, 1, 1.000000, 1, 4, 0, unknownSpecies, -11.846800, -2.013600, -13.038500, 0.010000, 0.401606, 0.000000, 0.010000, 0.401606, 0.000000
cylinder, 267, 266, -1.274509, -0.053655, 6.410334, -1.271434, -0.053506, 6.493602, 0.025532, 0.000171, 0.000577, 0.083325, 0.375180, 0.375180, 0.375180, ALLOMETRICVESSELVOLUME, 0.020306, 0.018194, 0, 16, 14, 0.000000, 0.000304, 0.234562, 3, 1, 1.000000, 1, 4, 0, unknownSpecies, -11.846800, -2.013600, -13.038500, 0.010000, 0.401606, 0.000000, 0.010000, 0.401606, 0.000000
cylinder, 268, 267, -1.271434, -0.053506, 6.493602, -1.292661, -0.067263, 6.545009, 0.023915, 0.000103, 0.000407, 0.057293, 0.291855, 0.291855, 0.291855, ALLOMETRICVESSELVOLUME, 0.018288, 0.018194, 0, 16, 14, 0.000000, 0.000304, 0.234562, 3, 1, 1.000000, 1, 4, 0, unknownSpecies, -11.846800, -2.013600, -13.038500, 0.010000, 0.401606, 0.000000, 0.010000, 0.401606, 0.000000
cylinder, 269, 268, -1.292661, -0.067263, 6.545009, -1.287738, -0.062459, 6.595731, 0.022591, 0.000082, 0.000304, 0.051186, 0.234562, 0.234562, 0.234562, ALLOMETRICVESSELVOLUME, 0.028979, 0.018194, 0, 16, 14, 0.000000, 0.000304, 0.234562, 3, 1, 1.000000, 1, 4, 0, unknownSpecies, -11.846800, -2.013600, -13.038500, 0.010000, 0.401606, 0.000000, 0.010000, 0.401606, 0.000000
cylinder, 270, 269, -1.287738, -0.062459, 6.595731, -1.284078, -0.059256, 6.672609, 0.021187, 0.000109, 0.000222, 0.077032, 0.183376, 0.183376, 0.183376, ALLOMETRICVESSELVOLUME, 0.027129, 0.018194, 0, 16, 14, 0.000000, 0.000304, 0.234562, 3, 1, 1.000000, 1, 4, 0, unknownSpecies, -11.846800, -2.013600, -13.038500, 0.010000, 0.401606, 0.000000, 0.010000, 0.401606, 0.000000
cylinder, 271, 270, -1.284078, -0.059256, 6.672609, -1.272223, 0.004470, 6.756915, 0.018382, 0.000113, 0.000113, 0.106344, 0.106344, 0.106344, 0.106344, ALLOMETRICVESSELVOLUME, 0.014957, 0.018194, 0, 16, 14, 0.000000, 0.000304, 0.234562, 3, 1, 1.000000, 1, 4, 0, unknownSpecies, -11.846800, -2.013600, -13.038500, 0.010000, 0.401606, 0.000000, 0.010000, 0.401606, 0.000000
cylinder, 272, 123, -1.020287, 0.296797, 3.528914, -0.928978, 0.277095, 3.723774, 0.045898, 0.001430, 0.015756, 0.216092, 3.560856, 3.560856, 3.560856, ALLOMETRICVESSELVOLUME, 0.108292, 0.018194, 0, 17, 3, 0.000000, 0.005009, 1.658584, 1, 1, 1.000000, 1, 5, 0, unknownSpecies, -11.846800, -2.013600, -13.038500, 0.010000, 0.401606, 0.000000, 0.010000, 0.401606, 0.000000
cylinder, 273, 272, -0.928978, 0.277095, 3.723774, -0.936464, 0.279378, 3.821643, 0.045155, 0.000629, 0.014325, 0.098182, 3.344764, 3.344764, 3.344764, ALLOMETRICVESSELVOLUME, 0.048123, 0.018194, 0, 17, 3, 0.000000, 0.005009, 1.658584, 1, 1, 1.000000, 1, 5, 0, unknownSpecies, -11.846800, -2.013600, -13.038500, 0.010000, 0.401606, 0.000000, 0.010000, 0.401606, 0.000000
cylinder, 274, 273, -0.936464, 0.279378, 3.821643, -0.947140, 0.269775, 3.906128, 0.044806, 0.000540, 0.013696, 0.085696, 3.246582, 3.246582, 3.246582, ALLOMETRICVESSELVOLUME, 0.049315, 0.018194, 0, 17, 3, 0.000000, 0.005009, 1.658584, 1, 1, 1.000000, 1, 5, 0, unknownSpecies, -11.846800, -2.013600, -13.038500, 0.010000, 0.401606, 0.000000, 0.010000, 0.401606, 0.000000
cylinder, 275, 274, -0.947140, 0.269775, 3.906128, -0.946928, 0.275087, 3.993493, 0.044495, 0.000544, 0.013156, 0.087527, 3.160886, 3.160886, 3.160886, ALLOMETRICVESSELVOLUME, 0.050861, 0.018194, 0, 17, 3, 0.000000, 0.005009, 1.658584, 1, 1, 1.000000, 1, 5, 0, unknownSpecies, -11.846800, -2.013600, -13.038500, 0.010000, 0.401606, 0.000000, 0.010000, 0.401606, 0.000000
cylinder, 276, 275, -0.946928, 0.275087, 3.993493, -0.946056, 0.268124, 4.058905, 0.044170, 0.000403, 0.012612, 0.065787, 3.073360, 3.073360, 3.073360, ALLOMETRICVESSELVOLUME, 0.041591, 0.018194, 0, 17, 3, 0.000000, 0.005009, 1.658584, 1, 1, 1.000000, 1, 5, 0, unknownSpecies, -11.846800, -2.013600, -13.038500, 0.010000, 0.401606, 0.000000, 0.010000, 0.401606, 0.000000
cylinder, 277, 276, -0.946056, 0.268124, 4.058905, -0.928527, 0.280273, 4.146631, 0.043922, 0.000547, 0.012208, 0.090281, 3.007572, 3.007572, 3.007572, ALLOMETRICVESSELVOLUME, 0.049262, 0.018194, 0, 17, 3, 0.000000, 0.005009, 1.658584, 1, 1, 1.000000, 1, 5, 0, unknownSpecies, -11.846800, -2.013600, -13.038500, 0.010000, 0.401606, 0.000000, 0.010000, 0.401606, 0.000000
cylinder, 278, 277, -0.928527, 0.280273, 4.146631, -0.926973, 0.271654, 4.223334, 0.043574, 0.000461, 0.011661, 0.077202, 2.917291, 2.917291, 2.917291, ALLOMETRICVESSELVOLUME, 0.073853, 0.018194, 0, 17, 3, 0.000000, 0.005009, 1.658584, 1, 1, 1.000000, 1, 5, 0, unknownSpecies, -11.846800, -2.013600, -13.038500, 0.010000, 0.401606, 0.000000, 0.010000, 0.401606, 0.000000
cylinder, 279, 278, -0.926973, 0.271654, 4.223334, -0.935896, 0.254795, 4.306211, 0.043271, 0.000500, 0.011201, 0.085044, 2.840089, 2.840089, 2.840089, ALLOMETRICVESSELVOLUME, 0.042693, 0.018194, 0, 17, 3, 0.000000, 0.005009, 1.658584, 1, 1, 1.000000, 1, 5, 0, unknownSpecies, -11.846800, -2.013600, -13.038500, 0.010000, 0.401606, 0.000000, 0.010000, 0.401606, 0.000000
cylinder, 280, 279, -0.935896, 0.254795, 4.306211, -0.932055, 0.252515, 4.367634, 0.042929, 0.000357, 0.010700, 0.061585, 2.755045, 2.755045, 2.755045, ALLOMETRICVESSELVOLUME, 0.053563, 0.018194, 0, 17, 3, 0.000000, 0.005009, 1.658584, 1, 1, 1.000000, 1, 5, 0, unknownSpecies, -11.846800, -2.013600, -13.038500, 0.010000, 0.401606, 0.000000, 0.010000, 0.401606, 0.000000
cylinder, 281, 280, -0.932055, 0.252515, 4.367634, -0.929896, 0.239907, 4.443329, 0.042677, 0.000439, 0.010344, 0.076768, 2.693460, 2.693460, 2.693460, ALLOMETRICVESSELVOLUME, 0.044842, 0.018194, 0, 17, 3, 0.000000, 0.005009, 1.658584, 1, 1, 1.000000, 1, 5, 0, unknownSpecies, -11.846800, -2.013600, -13.038500, 0.010000, 0.401606, 0.000000, 0.010000, 0.401606, 0.000000
cylinder, 282, 281, -0.929896, 0.239907, 4.443329, -0.919276, 0.241692, 4.518803, 0.042357, 0.000430, 0.009905, 0.076239, 2.616692, 2.616692, 2.616692, ALLOMETRICVESSELVOLUME, 0.049754, 0.018194, 0, 17, 3, 0.000000, 0.005009, 1.658584, 1, 1, 1.000000, 1, 5, 0, unknownSpecies, -11.846800, -2.013600, -13.038500, 0.010000, 0.401606, 0.000000, 0.010000, 0.401606, 0.000000
cylinder, 283, 282, -0.919276, 0.241692, 4.518803, -0.918354, 0.230640, 4.594378, 0.042032, 0.000424, 0.009475, 0.076384, 2.540453, 2.540453, 2.540453, ALLOMETRICVESSELVOLUME, 0.052813, 0.018194, 0, 17, 3, 0.000000, 0.005009, 1.658584, 1, 1, 1.000000, 1, 5, 0, unknownSpecies, -11.846800, -2.013600, -13.038500, 0.010000, 0.401606, 0.000000, 0.010000, 0.401606, 0.000000
cylinder, 284, 283, -0.918354, 0.230640, 4.594378, -0.907615, 0.231321, 4.672686, 0.041698, 0.000432, 0.009051, 0.079044, 2.464069, 2.464069, 2.464069, ALLOMETRICVESSELVOLUME, 0.053973, 0.018194, 0, 17, 3, 0.000000, 0.005009, 1.658584, 1, 1, 1.000000, 1, 5, 0, unknownSpecies, -11.846800, -2.013600, -13.038500, 0.010000, 0.401606, 0.000000, 0.010000, 0.401606, 0.000000
cylinder, 285, 284, -0.907615, 0.231321, 4.672686, -0.902017, 0.225523, 4.747697, 0.041346, 0.000405, 0.008619, 0.075443, 2.385025, 2.385025, 2.385025, ALLOMETRICVESSELVOLUME, 0.078754, 0.018194, 0, 17, 3, 0.000000, 0.005009, 1.658584, 1, 1, 1.000000, 1, 5, 0, unknownSpecies, -11.846800, -2.013600, -13.038500, 0.010000, 0.401606, 0.000000, 0.010000, 0.401606, 0.000000
cylinder, 286, 285, -0.902017, 0.225523, 4.747697, -0.895535, 0.223880, 4.828847, 0.041001, 0.000430, 0.008214, 0.081425, 2.309582, 2.309582, 2.309582, ALLOMETRICVESSELVOLUME, 0.036788, 0.018194, 0, 17, 3, 0.000000, 0.005009, 1.658584, 1, 1, 1.000000, 1, 5, 0, unknownSpecies, -11.846800, -2.013600, -13.038500, 0.010000, 0.401606, 0.000000, 0.010000, 0.401606, 0.000000
cylinder, 287, 286, -0.895535, 0.223880, 4.828847, -0.888808, 0.223911, 4.888021, 0.040619, 0.000309, 0.007784, 0.059555, 2.228157, 2.228157, 2.228157, ALLOMETRICVESSELVOLUME, 0.037810, 0.018194, 0, 17, 3, 0.000000, 0.005009, 1.658584, 1, 1, 1.000000, 1, 5, 0, unknownSpecies, -11.846800, -2.013600, -13.038500, 0.010000, 0.401606, 0.000000, 0.010000, 0.401606, 0.000000
cylinder, 288, 287, -0.888808, 0.223911, 4.888021, -0.888540, 0.220084, 4.980195, 0.040333, 0.000471, 0.007475, 0.092253, 2.168602, 2.168602, 2.168602, ALLOMETRICVESSELVOLUME, 0.038297, 0.018194, 0, 17, 3, 0.000000, 0.005009, 1.658584, 1, 1, 1.000000, 1, 5, 0, unknownSpecies, -11.846800, -2.013600, -13.038500, 0.010000, 0.401606, 0.000000, 0.010000, 0.401606, 0.000000
cylinder, 289, 288, -0.888540, 0.220084, 4.980195, -0.875020, 0.221273, 5.046649, 0.039879, 0.000339, 0.007004, 0.067826, 2.076349, 2.076349, 2.076349, ALLOMETRICVESSELVOLUME, 0.035969, 0.018194, 0, 17, 3, 0.000000, 0.005009, 1.658584, 1, 1, 1.000000, 1, 5, 0, unknownSpecies, -11.846800, -2.013600, -13.038500, 0.010000, 0.401606, 0.000000, 0.010000, 0.401606, 0.000000
cylinder, 290, 289, -0.875020, 0.221273, 5.046649, -0.878278, 0.214404, 5.114329, 0.039535, 0.000334, 0.006665, 0.068106, 2.008523, 2.008523, 2.008523, ALLOMETRICVESSELVOLUME, 0.037787, 0.018194, 0, 17, 3, 0.000000, 0.005009, 1.658584, 1, 1, 1.000000, 1, 5, 0, unknownSpecies, -11.846800, -2.013600, -13.038500, 0.010000, 0.401606, 0.000000, 0.010000, 0.401606, 0.000000
cylinder, 291, 290, -0.878278, 0.214404, 5.114329, -0.873733, 0.223840, 5.171459, 0.039181, 0.000280, 0.006331, 0.058082, 1.940417, 1.940417, 1.940417, ALLOMETRICVESSELVOLUME, 0.037991, 0.018194, 0, 17, 3, 0.000000, 0.005009, 1.658584, 1, 1, 1.000000, 1, 5, 0, unknownSpecies, -11.846800, -2.013600, -13.038500, 0.010000, 0.401606, 0.000000, 0.010000, 0.401606, 0.000000
cylinder, 292, 291, -0.873733, 0.223840, 5.171459, -0.864681, 0.198811, 5.248541, 0.038872, 0.000387, 0.006050, 0.081548, 1.882334, 1.882334, 1.882334, ALLOMETRICVESSELVOLUME, 0.036169, 0.018194, 0, 17, 3, 0.000000, 0.005009, 1.658584, 1, 1, 1.000000, 1, 5, 0, unknownSpecies, -11.846800, -2.013600, -13.038500, 0.010000, 0.401606, 0.000000, 0.010000, 0.401606, 0.000000
cylinder, 293, 292, -0.864681, 0.198811, 5.248541, -0.886020, 0.195327, 5.275466, 0.038426, 0.000160, 0.005663, 0.034532, 1.800787, 1.800787, 1.800787, ALLOMETRICVESSELVOLUME, 0.032436, 0.018194, 0, 17, 3, 0.000000, 0.005009, 1.658584, 1, 1, 1.000000, 1, 5, 0, unknownSpecies, -11.846800, -2.013600, -13.038500, 0.010000, 0.401606, 0.000000, 0.010000, 0.401606, 0.000000
cylinder, 294, 293, -0.886020, 0.195327, 5.275466, -0.871721, 0.191688, 5.382121, 0.038233, 0.000494, 0.005503, 0.107671, 1.766254, 1.766254, 1.766254, ALLOMETRICVESSELVOLUME, 0.039403, 0.018194, 0, 17, 3, 0.000000, 0.005009, 1.658584, 1, 1, 1.000000, 1, 5, 0, unknownSpecies, -11.846800, -2.013600, -13.038500, 0.010000, 0.401606, 0.000000, 0.010000, 0.401606, 0.000000
cylinder, 295, 294, -0.871721, 0.191688, 5.382121, -0.865391, 0.175941, 5.456458, 0.037611, 0.000339, 0.005009, 0.076250, 1.658584, 1.658584, 1.658584, ALLOMETRICVESSELVOLUME, 0.036540, 0.018194, 0, 17, 3, 0.000000, 0.005009, 1.658584, 1, 1, 1.000000, 1, 5, 0, unknownSpecies, -11.846800, -2.013600, -13.038500, 0.010000, 0.401606, 0.000000, 0.010000, 0.401606, 0.000000
cylinder, 296, 295, -0.865391, 0.175941, 5.456458, -0.874924, 0.189390, 5.476263, 0.037153, 0.000112, 0.004670, 0.025768, 1.582334, 1.582334, 1.582334, ALLOMETRICVESSELVOLUME, 0.028741, 0.018194, 0, 17, 3, 0.000000, 0.005009, 1.658584, 1, 1, 1.000000, 1, 5, 0, unknownSpecies, -11.846800, -2.013600, -13.038500, 0.010000, 0.401606, 0.000000, 0.010000, 0.401606, 0.000000
cylinder, 297, 296, -0.874924, 0.189390, 5.476263, -0.885018, 0.165180, 5.569606, 0.036994, 0.000417, 0.004558, 0.096958, 1.556566, 1.556566, 1.556566, ALLOMETRICVESSELVOLUME, 0.048297, 0.018194, 0, 17, 3, 0.000000, 0.005009, 1.658584, 1, 1, 1.000000, 1, 5, 0, unknownSpecies, -11.846800, -2.013600, -13.038500, 0.010000, 0.401606, 0.000000, 0.010000, 0.401606, 0.000000
cylinder, 298, 297, -0.885018, 0.165180, 5.569606, -0.874248, 0.166185, 5.626032, 0.036379, 0.000239, 0.004141, 0.057454, 1.459607, 1.459607, 1.459607, ALLOMETRICVESSELVOLUME, 0.111656, 0.018194, 0, 17, 3, 0.000000, 0.005009, 1.658584, 1, 1, 1.000000, 1, 5, 0, unknownSpecies, -11.846800, -2.013600, -13.038500, 0.010000, 0.401606, 0.000000, 0.010000, 0.401606, 0.000000
cylinder, 299, 298, -0.874248, 0.166185, 5.626032, -0.852952, 0.164632, 5.720014, 0.036000, 0.000392, 0.003902, 0.096377, 1.402154, 1.402154, 1.402154, ALLOMETRICVESSELVOLUME, 0.039088, 0.018194, 0, 17, 3, 0.000000, 0.005009, 1.658584, 1, 1, 1.000000, 1, 5, 0, unknownSpecies, -11.846800, -2.013600, -13.038500, 0.010000, 0.401606, 0.000000, 0.010000, 0.401606, 0.000000
cylinder, 300, 299, -0.852952, 0.164632, 5.720014, -0.840661, 0.162585, 5.793645, 0.035338, 0.000293, 0.003510, 0.074678, 1.305777, 1.305777, 1.305777, ALLOMETRICVESSELVOLUME, 0.047208, 0.018194, 0, 17, 3, 0.000000, 0.005009, 1.658584, 1, 1, 1.000000, 1, 5, 0, unknownSpecies, -11.846800, -2.013600, -13.038500, 0.010000, 0.401606, 0.000000, 0.010000, 0.401606, 0.000000
cylinder, 301, 300, -0.840661, 0.162585, 5.793645, -0.846977, 0.150966, 5.866344, 0.034800, 0.000281, 0.003217, 0.073893, 1.231099, 1.231099, 1.231099, ALLOMETRICVESSELVOLUME, 0.065486, 0.018194, 0, 17, 3, 0.000000, 0.005009, 1.658584, 1, 1, 1.000000, 1, 5, 0, unknownSpecies, -11.846800, -2.013600, -13.038500, 0.010000, 0.401606, 0.000000, 0.010000, 0.401606, 0.000000
cylinder, 302, 301, -0.846977, 0.150966, 5.866344, -0.849623, 0.149213, 5.912941, 0.034243, 0.000172, 0.002936, 0.046705, 1.157206, 1.157206, 1.157206, ALLOMETRICVESSELVOLUME, 0.110240, 0.018194, 0, 17, 3, 0.000000, 0.005009, 1.658584, 1, 1, 1.000000, 1, 5, 0, unknownSpecies, -11.846800, -2.013600, -13.038500, 0.010000, 0.401606, 0.000000, 0.010000, 0.401606, 0.000000
cylinder, 303, 302, -0.849623, 0.149213, 5.912941, -0.842964, 0.139113, 5.949799, 0.033878, 0.000140, 0.002764, 0.038792, 1.110501, 1.110501, 1.110501, ALLOMETRICVESSELVOLUME, 0.080849, 0.018194, 0, 17, 3, 0.000000, 0.005009, 1.658584, 1, 1, 1.000000, 1, 5, 0, unknownSpecies, -11.846800, -2.013600, -13.038500, 0.010000, 0.401606, 0.000000, 0.010000, 0.401606, 0.000000
cylinder, 304, 303, -0.842964, 0.139113, 5.949799, -0.831172, 0.155935, 6.064496, 0.033565, 0.000412, 0.002624, 0.116522, 1.071709, 1.071709, 1.071709, ALLOMETRICVESSELVOLUME, 0.040148, 0.018194, 0, 17, 3, 0.000000, 0.005009, 1.658584, 1, 1, 1.000000, 1, 5, 0, unknownSpecies, -11.846800, -2.013600, -13.038500, 0.010000, 0.401606, 0.000000, 0.010000, 0.401606, 0.000000
cylinder, 305, 304, -0.831172, 0.155935, 6.064496, -0.820651, 0.158271, 6.136803, 0.032573, 0.000244, 0.002212, 0.073106, 0.955187, 0.955187, 0.955187, ALLOMETRICVESSELVOLUME, 0.031006, 0.018194, 0, 17, 3, 0.000000, 0.005009, 1.658584, 1, 1, 1.000000, 1, 5, 0, unknownSpecies, -11.846800, -2.013600, -13.038500, 0.010000, 0.401606, 0.000000, 0.010000, 0.401606, 0.000000
cylinder, 306, 305, -0.820651, 0.158271, 6.136803, -0.808961, 0.155214, 6.203478, 0.031904, 0.000217, 0.001968, 0.067761, 0.882081, 0.882081, 0.882081, ALLOMETRICVESSELVOLUME, 0.031248, 0.018194, 0, 17, 3, 0.000000, 0.005009, 1.658584, 1, 1, 1.000000, 1, 5, 0, unknownSpecies, -11.846800, -2.013600, -13.038500, 0.010000, 0.401606, 0.000000, 0.010000, 0.401606, 0.000000
cylinder, 307, 306, -0.808961, 0.155214, 6.203478, -0.804145, 0.141521, 6.288113, 0.031246, 0.000263, 0.001751, 0.085870, 0.814321, 0.814321, 0.814321, ALLOMETRICVESSELVOLUME, 0.032075, 0.018194, 0, 17, 3, 0.000000, 0.005009, 1.658584, 1, 1, 1.000000, 1, 5, 0, unknownSpecies, -11.846800, -2.013600, -13.038500, 0.010000, 0.401606, 0.000000, 0.010000, 0.401606, 0.000000
cylinder, 308, 307, -0.804145, 0.141521, 6.288113, -0.802550, 0.135585, 6.358768, 0.030352, 0.000205, 0.001488, 0.070922, 0.728450, 0.728450, 0.728450, ALLOMETRICVESSELVOLUME, 0.034238, 0.018194, 0, 17, 3, 0.000000, 0.005009, 1.658584, 1, 1, 1.000000, 1, 5, 0, unknownSpecies, -11.846800, -2.013600, -13.038500, 0.010000, 0.401606, 0.000000, 0.010000, 0.401606, 0.000000
cylinder, 309, 308, -0.802550, 0.135585, 6.358768, -0.798424, 0.128366, 6.428843, 0.029553, 0.000194, 0.001282, 0.070566, 0.657528, 0.657528, 0.657528, ALLOMETRICVESSELVOLUME, 0.032349, 0.018194, 0, 17, 3, 0.000000, 0.005009, 1.658584, 1, 1, 1.000000, 1, 5, 0, unknownSpecies, -11.846800, -2.013600, -13.038500, 0.010000, 0.401606, 0.000000, 0.010000, 0.401606, 0.000000
cylinder, 310, 309, -0.798424, 0.128366, 6.428843, -0.805195, 0.132521, 6.503121, 0.028691, 0.000193, 0.001089, 0.074702, 0.586962, 0.586962, 0.586962, ALLOMETRICVESSELVOLUME, 0.029544, 0.018194, 0, 17, 3, 0.000000, 0.005009, 1.658584, 1, 1, 1.000000, 1, 5, 0, unknownSpecies, -11.846800, -2.013600, -13.038500, 0.010000, 0.401606, 0.000000, 0.010000, 0.401606, 0.000000
cylinder, 311, 310, -0.805195, 0.132521, 6.503121, -0.795256, 0.131950, 6.554260, 0.027691, 0.000126, 0.000896, 0.052099, 0.512260, 0.512260, 0.512260, ALLOMETRICVESSELVOLUME, 0.032218, 0.018194, 0, 17, 3, 0.000000, 0.005009, 1.658584, 1, 1, 1.000000, 1, 5, 0, unknownSpecies, -11.846800, -2.013600, -13.038500, 0.010000, 0.401606, 0.000000, 0.010000, 0.401606, 0.000000
cylinder, 312, 311, -0.795256, 0.131950, 6.554260, -0.806364, 0.142830, 6.585602, 0.026928, 0.000080, 0.000770, 0.034987, 0.460161, 0.460161, 0.460161, ALLOMETRICVESSELVOLUME, 0.037608, 0.018194, 0, 17, 3, 0.000000, 0.005009, 1.658584, 1, 1, 1.000000, 1, 5, 0, unknownSpecies, -11.846800, -2.013600, -13.038500, 0.010000, 0.401606, 0.000000, 0.010000, 0.401606, 0.000000
cylinder, 313, 312, -0.806364, 0.142830, 6.585602, -0.791805, 0.134242, 6.683391, 0.026378, 0.000217, 0.000690, 0.099240, 0.425174, 0.425174, 0.425174, ALLOMETRICVESSELVOLUME, 0.037827, 0.018194, 0, 17, 3, 0.000000, 0.005009, 1.658584, 1, 1, 1.000000, 1, 5, 0, unknownSpecies, -11.846800, -2.013600, -13.038500, 0.010000, 0.401606, 0.000000, 0.010000, 0.401606, 0.000000
cylinder, 314, 313, -0.791805, 0.134242, 6.683391, -0.850155, 0.154257, 6.754351, 0.024613, 0.000179, 0.000474, 0.094024, 0.325934, 0.325934, 0.325934, ALLOMETRICVESSELVOLUME, 0.033991, 0.018194, 0, 17, 3, 0.000000, 0.005009, 1.658584, 1, 1, 1.000000, 1, 5, 0, unknownSpecies, -11.846800, -2.013600, -13.038500, 0.010000, 0.401606, 0.000000, 0.010000, 0.401606, 0.000000
cylinder, 315, 314, -0.850155, 0.154257, 6.754351, -0.851352, 0.162660, 6.812826, 0.022524, 0.000094, 0.000295, 0.059088, 0.231910, 0.231910, 0.231910, ALLOMETRICVESSELVOLUME, 0.032213, 0.018194, 0, 17, 3, 0.000000, 0.005009, 1.658584, 1, 1, 1.000000, 1, 5, 0, unknownSpecies, -11.846800, -2.013600, -13.038500, 0.010000, 0.401606, 0.000000, 0.010000, 0.401606, 0.000000
cylinder, 316, 315, -0.851352, 0.162660, 6.812826, -0.798827, 0.181207, 6.900812, 0.020862, 0.000142, 0.000200, 0.104136, 0.172822, 0.172822, 0.172822, ALLOMETRICVESSELVOLUME, 0.138359, 0.018194, 0, 17, 3, 0.000000, 0.005009, 1.658584, 1, 1, 1.000000, 1, 5, 0, unknownSpecies, -11.846800, -2.013600, -13.038500, 0.010000, 0.401606, 0.000000, 0.010000, 0.401606, 0.000000
cylinder, 317, 316, -0.798827, 0.181207, 6.900812, -0.796730, 0.164984, 6.967521, 0.016403, 0.000058, 0.000058, 0.068685, 0.068685, 0.068685, 0.068685, ALLOMETRICVESSELVOLUME, 0.036333, 0.018194, 0, 17, 3, 0.000000, 0.005009, 1.658584, 1, 1, 1.000000, 1, 5, 0, unknownSpecies, -11.846800, -2.013600, -13.038500, 0.010000, 0.401606, 0.000000, 0.010000, 0.401606, 0.000000
cylinder, 318, 107, -0.966385, 0.284076, 1.820069, -0.847560, 0.247606, 1.984930, 0.061459, 0.002450, 0.047016, 0.206466, 7.499118, 10.916329, 5.727744, ALLOMETRICVESSELVOLUME, 0.120294, 0.018194, 0, 18, 2, 0.000000, 0.027119, 5.661148, 1, 2, 1.414214, 2, 6, 0, unknownSpecies, -11.846800, -2.013600, -13.038500, 0.010000, 0.401606, 0.000000, 0.010000, 0.401606, 0.000000
cylinder, 319, 318, -0.847560, 0.247606, 1.984930, -0.827474, 0.247661, 2.085981, 0.060845, 0.001198, 0.044566, 0.103028, 7.292652, 10.503397, 5.521277, ALLOMETRICVESSELVOLUME, 0.066682, 0.018194, 0, 18, 2, 0.000000, 0.027119, 5.661148, 1, 2, 1.414214, 2, 6, 0, unknownSpecies, -11.846800, -2.013600, -13.038500, 0.010000, 0.401606, 0.000000, 0.010000, 0.401606, 0.000000
cylinder, 320, 319, -0.827474, 0.247661, 2.085981, -0.816084, 0.236354, 2.164334, 0.060532, 0.000921, 0.043367, 0.079980, 7.189623, 10.297340, 5.418249, ALLOMETRICVESSELVOLUME, 0.052416, 0.018194, 0, 18, 2, 0.000000, 0.027119, 5.661148, 1, 2, 1.414214, 2, 6, 0, unknownSpecies, -11.846800, -2.013600, -13.038500, 0.010000, 0.401606, 0.000000, 0.010000, 0.401606, 0.000000
cylinder, 321, 320, -0.816084, 0.236354, 2.164334, -0.808317, 0.223073, 2.253054, 0.060285, 0.001028, 0.042447, 0.090044, 7.109643, 10.137380, 5.338269, ALLOMETRICVESSELVOLUME, 0.074896, 0.018194, 0, 18, 2, 0.000000, 0.027119, 5.661148, 1, 2, 1.414214, 2, 6, 0, unknownSpecies, -11.846800, -2.013600, -13.038500, 0.010000, 0.401606, 0.000000, 0.010000, 0.401606, 0.000000
cylinder, 322, 321, -0.808317, 0.223073, 2.253054, -0.790430, 0.217323, 2.354632, 0.060004, 0.001168, 0.041419, 0.103302, 7.019599, 9.957292, 5.248225, ALLOMETRICVESSELVOLUME, 0.063331, 0.018194, 0, 18, 2, 0.000000, 0.027119, 5.661148, 1, 2, 1.414214, 2, 6, 0, unknownSpecies, -11.846800, -2.013600, -13.038500, 0.010000, 0.401606, 0.000000, 0.010000, 0.401606, 0.000000
cylinder, 323, 322, -0.790430, 0.217323, 2.354632, -0.772603, 0.208109, 2.414292, 0.059677, 0.000704, 0.040250, 0.062945, 6.916298, 9.750689, 5.144924, ALLOMETRICVESSELVOLUME, 0.077592, 0.018194, 0, 18, 2, 0.000000, 0.027119, 5.661148, 1, 2, 1.414214, 2, 6, 0, unknownSpecies, -11.846800, -2.013600, -13.038500, 0.010000, 0.401606, 0.000000, 0.010000, 0.401606, 0.000000
cylinder, 324, 323, -0.772603, 0.208109, 2.414292, -0.748923, 0.204971, 2.516747, 0.059475, 0.001169, 0.039546, 0.105202, 6.853353, 9.624800, 5.081979, ALLOMETRICVESSELVOLUME, 0.102720, 0.018194, 0, 18, 2, 0.000000, 0.027119, 5.661148, 1, 2, 1.414214, 2, 6, 0, unknownSpecies, -11.846800, -2.013600, -13.038500, 0.010000, 0.401606, 0.000000, 0.010000, 0.401606, 0.000000
cylinder, 325, 324, -0.748923, 0.204971, 2.516747, -0.739802, 0.217793, 2.588237, 0.059134, 0.000804, 0.038377, 0.073201, 6.748151, 9.414395, 4.976777, ALLOMETRICVESSELVOLUME, 0.063235, 0.018194, 0, 18, 2, 0.000000, 0.027119, 5.661148, 1, 2, 1.414214, 2, 6, 0, unknownSpecies, -11.846800, -2.013600, -13.038500, 0.010000, 0.401606, 0.000000, 0.010000, 0.401606, 0.000000
cylinder, 326, 325, -0.739802, 0.217793, 2.588237, -0.712790, 0.234745, 2.687687, 0.058893, 0.001138, 0.037573, 0.104438, 6.674950, 9.267993, 4.903576, ALLOMETRICVESSELVOLUME, 0.110152, 0.018194, 0, 18, 2, 0.000000, 0.027119, 5.661148, 1, 2, 1.414214, 2, 6, 0, unknownSpecies, -11.846800, -2.013600, -13.038500, 0.010000, 0.401606, 0.000000, 0.010000, 0.401606, 0.000000
cylinder, 327, 326, -0.712790, 0.234745, 2.687687, -0.676632, 0.236634, 2.790215, 0.058544, 0.001171, 0.036435, 0.108733, 6.570512, 9.059116, 4.799137, ALLOMETRICVESSELVOLUME, 0.063960, 0.018194, 0, 18, 2, 0.000000, 0.027119, 5.661148, 1, 2, 1.414214, 2, 6, 0, unknownSpecies, -11.846800, -2.013600, -13.038500, 0.010000, 0.401606, 0.000000, 0.010000, 0.401606, 0.000000
cylinder, 328, 327, -0.676632, 0.236634, 2.790215, -0.684047, 0.239005, 2.870891, 0.058174, 0.000862, 0.035264, 0.081051, 6.461778, 8.841650, 4.690404, ALLOMETRICVESSELVOLUME, 0.053956, 0.018194, 0, 18, 2, 0.000000, 0.027119, 5.661148, 1, 2, 1.414214, 2, 6, 0, unknownSpecies, -11.846800, -2.013600, -13.038500, 0.010000, 0.401606, 0.000000, 0.010000, 0.401606, 0.000000
cylinder, 329, 328, -0.684047, 0.239005, 2.870891, -0.646325, 0.242056, 2.955297, 0.057894, 0.000974, 0.034402, 0.092502, 6.380728, 8.679549, 4.609354, ALLOMETRICVESSELVOLUME, 0.055143, 0.018194, 0, 18, 2, 0.000000, 0.027119, 5.661148, 1, 2, 1.414214, 2, 6, 0, unknownSpecies, -11.846800, -2.013600, -13.038500, 0.010000, 0.401606, 0.000000, 0.010000, 0.401606, 0.000000
cylinder, 330, 329, -0.646325, 0.242056, 2.955297, -0.627852, 0.249270, 3.039403, 0.057570, 0.000900, 0.033428, 0.086412, 6.288225, 8.494544, 4.516851, ALLOMETRICVESSELVOLUME, 0.043398, 0.018194, 0, 18, 2, 0.000000, 0.027119, 5.661148, 1, 2, 1.414214, 2, 6, 0, unknownSpecies, -11.846800, -2.013600, -13.038500, 0.010000, 0.401606, 0.000000, 0.010000, 0.401606, 0.000000
cylinder, 331, 330, -0.627852, 0.249270, 3.039403, -0.611850, 0.263413, 3.134669, 0.057263, 0.001006, 0.032529, 0.097630, 6.201813, 8.321720, 4.430439, ALLOMETRICVESSELVOLUME, 0.042704, 0.018194, 0, 18, 2, 0.000000, 0.027119, 5.661148, 1, 2, 1.414214, 2, 6, 0, unknownSpecies, -11.846800, -2.013600, -13.038500, 0.010000, 0.401606, 0.000000, 0.010000, 0.401606, 0.000000
cylinder, 332, 331, -0.611850, 0.263413, 3.134669, -0.591652, 0.260336, 3.213385, 0.056909, 0.000827, 0.031523, 0.081324, 6.104183, 8.126459, 4.332809, ALLOMETRICVESSELVOLUME, 0.040974, 0.018194, 0, 18, 2, 0.000000, 0.027119, 5.661148, 1, 2, 1.414214, 2, 6, 0, unknownSpecies, -11.846800, -2.013600, -13.038500, 0.010000, 0.401606, 0.000000, 0.010000, 0.401606, 0.000000
cylinder, 333, 332, -0.591652, 0.260336, 3.213385, -0.571317, 0.256910, 3.284163, 0.056610, 0.000742, 0.030695, 0.073721, 6.022859, 7.963811, 4.251485, ALLOMETRICVESSELVOLUME, 0.057321, 0.018194, 0, 18, 2, 0.000000, 0.027119, 5.661148, 1, 2, 1.414214, 2, 6, 0, unknownSpecies, -11.846800, -2.013600, -13.038500, 0.010000, 0.401606, 0.000000, 0.010000, 0.401606, 0.000000
cylinder, 334, 333, -0.571317, 0.256910, 3.284163, -0.550397, 0.260602, 3.371919, 0.056335, 0.000900, 0.029953, 0.090291, 5.949138, 7.816369, 4.177764, ALLOMETRICVESSELVOLUME, 0.049114, 0.018194, 0, 18, 2, 0.000000, 0.027119, 5.661148, 1, 2, 1.414214, 2, 6, 0, unknownSpecies, -11.846800, -2.013600, -13.038500, 0.010000, 0.401606, 0.000000, 0.010000, 0.401606, 0.000000
cylinder, 335, 334, -0.550397, 0.260602, 3.371919, -0.528141, 0.235009, 3.460674, 0.055993, 0.000936, 0.029053, 0.095014, 5.858847, 7.635787, 4.087473, ALLOMETRICVESSELVOLUME, 0.049643, 0.018194, 0, 18, 2, 0.000000, 0.027119, 5.661148, 1, 2, 1.414214, 2, 6, 0, unknownSpecies, -11.846800, -2.013600, -13.038500, 0.010000, 0.401606, 0.000000, 0.010000, 0.401606, 0.000000
cylinder, 336, 335, -0.528141, 0.235009, 3.460674, -0.494961, 0.256510, 3.555442, 0.055627, 0.000998, 0.028117, 0.102685, 5.763833, 7.445759, 3.992459, ALLOMETRICVESSELVOLUME, 0.045884, 0.018194, 0, 18, 2, 0.000000, 0.027119, 5.661148, 1, 2, 1.414214, 2, 6, 0, unknownSpecies, -11.846800, -2.013600, -13.038500, 0.010000, 0.401606, 0.000000, 0.010000, 0.401606, 0.000000
cylinder, 337, 336, -0.494961, 0.256510, 3.555442, -0.481197, 0.262112, 3.638495, 0.055223, 0.000808, 0.027119, 0.084372, 5.661148, 7.240389, 3.889774, ALLOMETRICVESSELVOLUME, 0.047651, 0.018194, 0, 18, 2, 0.000000, 0.027119, 5.661148, 1, 2, 1.414214, 2, 6, 0, unknownSpecies, -11.846800, -2.013600, -13.038500, 0.010000, 0.401606, 0.000000, 0.010000, 0.401606, 0.000000
cylinder, 338, 337, -0.481197, 0.262112, 3.638495, -0.480458, 0.270460, 3.691788, 0.054884, 0.000511, 0.026310, 0.053948, 5.576776, 7.071645, 3.805402, ALLOMETRICVESSELVOLUME, 0.048454, 0.018194, 0, 18, 2, 0.000000, 0.027119, 5.661148, 1, 2, 1.414214, 2, 6, 0, unknownSpecies, -11.846800, -2.013600, -13.038500, 0.010000, 0.401606, 0.000000, 0.010000, 0.401606, 0.000000
cylinder, 339, 338, -0.480458, 0.270460, 3.691788, -0.451837, 0.253357, 3.798288, 0.054665, 0.001048, 0.025800, 0.111597, 5.522828, 6.963749, 3.751454, ALLOMETRICVESSELVOLUME, 0.049913, 0.018194, 0, 18, 2, 0.000000, 0.027119, 5.661148, 1, 2, 1.414214, 2, 6, 0, unknownSpecies, -11.846800, -2.013600, -13.038500, 0.010000, 0.401606, 0.000000, 0.010000, 0.401606, 0.000000
cylinder, 340, 339, -0.451837, 0.253357, 3.798288, -0.438693, 0.255552, 3.847534, 0.054203, 0.000471, 0.024752, 0.051018, 5.411231, 6.740555, 3.639857, ALLOMETRICVESSELVOLUME, 0.044594, 0.018194, 0, 18, 2, 0.000000, 0.027119, 5.661148, 1, 2, 1.414214, 2, 6, 0, unknownSpecies, -11.846800, -2.013600, -13.038500, 0.010000, 0.401606, 0.000000, 0.010000, 0.401606, 0.000000
cylinder, 341, 340, -0.438693, 0.255552, 3.847534, -0.415221, 0.278189, 3.962741, 0.053988, 0.001096, 0.024281, 0.119733, 5.360213, 6.638519, 3.588839, ALLOMETRICVESSELVOLUME, 0.050022, 0.018194, 0, 18, 2, 0.000000, 0.027119, 5.661148, 1, 2, 1.414214, 2, 6, 0, unknownSpecies, -11.846800, -2.013600, -13.038500, 0.010000, 0.401606, 0.000000, 0.010000, 0.401606, 0.000000
cylinder, 342, 341, -0.415221, 0.278189, 3.962741, -0.404904, 0.271380, 4.050092, 0.053473, 0.000792, 0.023185, 0.088222, 5.240480, 6.399054, 3.469106, ALLOMETRICVESSELVOLUME, 0.050130, 0.018194, 0, 18, 2, 0.000000, 0.027119, 5.661148, 1, 2, 1.414214, 2, 6, 0, unknownSpecies, -11.846800, -2.013600, -13.038500, 0.010000, 0.401606, 0.000000, 0.010000, 0.401606, 0.000000
cylinder, 343, 342, -0.404904, 0.271380, 4.050092, -0.388315, 0.293132, 4.119844, 0.053085, 0.000663, 0.022393, 0.074924, 5.152259, 6.222611, 3.380884, ALLOMETRICVESSELVOLUME, 0.042573, 0.018194, 0, 18, 2, 0.000000, 0.027119, 5.661148, 1, 2, 1.414214, 2, 6, 0, unknownSpecies, -11.846800, -2.013600, -13.038500, 0.010000, 0.401606, 0.000000, 0.010000, 0.401606, 0.000000
cylinder, 344, 343, -0.388315, 0.293132, 4.119844, -0.383967, 0.294716, 4.199481, 0.052749, 0.000697, 0.021729, 0.079771, 5.077334, 6.072762, 3.305960, ALLOMETRICVESSELVOLUME, 0.050577, 0.018194, 0, 18, 2, 0.000000, 0.027119, 5.661148, 1, 2, 1.414214, 2, 6, 0, unknownSpecies, -11.846800, -2.013600, -13.038500, 0.010000, 0.401606, 0.000000, 0.010000, 0.401606, 0.000000
cylinder, 345, 344, -0.383967, 0.294716, 4.199481, -0.359103, 0.253004, 4.242101, 0.052384, 0.000557, 0.021032, 0.064611, 4.997563, 5.913219, 3.226189, ALLOMETRICVESSELVOLUME, 0.056610, 0.018194, 0, 18, 2, 0.000000, 0.027119, 5.661148, 1, 2, 1.414214, 2, 6, 0, unknownSpecies, -11.846800, -2.013600, -13.038500, 0.010000, 0.401606, 0.000000, 0.010000, 0.401606, 0.000000
cylinder, 346, 345, -0.359103, 0.253004, 4.242101, -0.364413, 0.309534, 4.321325, 0.052083, 0.000831, 0.020475, 0.097469, 4.932952, 5.783997, 3.161578, ALLOMETRICVESSELVOLUME, 0.056220, 0.018194, 0, 18, 2, 0.000000, 0.027119, 5.661148, 1, 2, 1.414214, 2, 6, 0, unknownSpecies, -11.846800, -2.013600, -13.038500, 0.010000, 0.401606, 0.000000, 0.010000, 0.401606, 0.000000
cylinder, 347, 346, -0.364413, 0.309534, 4.321325, -0.366791, 0.323524, 4.407537, 0.051620, 0.000731, 0.019644, 0.087372, 4.835482, 5.589058, 3.064108, ALLOMETRICVESSELVOLUME, 0.060026, 0.018194, 0, 18, 2, 0.000000, 0.027119, 5.661148, 1, 2, 1.414214, 2, 6, 0, unknownSpecies, -11.846800, -2.013600, -13.038500, 0.010000, 0.401606, 0.000000, 0.010000, 0.401606, 0.000000
cylinder, 348, 347, -0.366791, 0.323524, 4.407537, -0.346665, 0.306693, 4.467054, 0.051194, 0.000536, 0.018913, 0.065043, 4.748110, 5.414313, 2.976736, ALLOMETRICVESSELVOLUME, 0.061766, 0.018194, 0, 18, 2, 0.000000, 0.027119, 5.661148, 1, 2, 1.414214, 2, 6, 0, unknownSpecies, -11.846800, -2.013600, -13.038500, 0.010000, 0.401606, 0.000000, 0.010000, 0.401606, 0.000000
cylinder, 349, 348, -0.346665, 0.306693, 4.467054, -0.273086, 0.313005, 4.610450, 0.050871, 0.001311, 0.018377, 0.161295, 4.683067, 5.284227, 2.911693, ALLOMETRICVESSELVOLUME, 0.058547, 0.018194, 0, 18, 2, 0.000000, 0.027119, 5.661148, 1, 2, 1.414214, 2, 6, 0, unknownSpecies, -11.846800, -2.013600, -13.038500, 0.010000, 0.401606, 0.000000, 0.010000, 0.401606, 0.000000
cylinder, 350, 349, -0.273086, 0.313005, 4.610450, -0.251387, 0.323748, 4.698702, 0.050043, 0.000720, 0.017066, 0.091513, 4.521772, 4.961637, 2.750398, ALLOMETRICVESSELVOLUME, 0.040105, 0.018194, 0, 18, 2, 0.000000, 0.027119, 5.661148, 1, 2, 1.414214, 2, 6, 0, unknownSpecies, -11.846800, -2.013600, -13.038500, 0.010000, 0.401606, 0.000000, 0.010000, 0.401606, 0.000000
cylinder, 351, 350, -0.251387, 0.323748, 4.698702, -0.226501, 0.321713, 4.767207, 0.049555, 0.000563, 0.016346, 0.072913, 4.430258, 4.778610, 2.658884, ALLOMETRICVESSELVOLUME, 0.038349, 0.018194, 0, 18, 2, 0.000000, 0.027119, 5.661148, 1, 2, 1.414214, 2, 6, 0, unknownSpecies, -11.846800, -2.013600, -13.038500, 0.010000, 0.401606, 0.000000, 0.010000, 0.401606, 0.000000
cylinder, 352, 351, -0.226501, 0.321713, 4.767207, -0.194635, 0.332231, 4.845965, 0.049156, 0.000650, 0.015784, 0.085609, 4.357345, 4.632783, 2.585971, ALLOMETRICVESSELVOLUME, 0.043879, 0.018194, 0, 18, 2, 0.000000, 0.027119, 5.661148, 1, 2, 1.414214, 2, 6, 0, unknownSpecies, -11.846800, -2.013600, -13.038500, 0.010000, 0.401606, 0.000000, 0.010000, 0.401606, 0.000000
cylinder, 353, 352, -0.194635, 0.332231, 4.845965, -0.176040, 0.344623, 4.894372, 0.048676, 0.000397, 0.015134, 0.053315, 4.271736, 4.461565, 2.500362, ALLOMETRICVESSELVOLUME, 0.049923, 0.018194, 0, 18, 2, 0.000000, 0.027119, 5.661148, 1, 2, 1.414214, 2, 6, 0, unknownSpecies, -11.846800, -2.013600, -13.038500, 0.010000, 0.401606, 0.000000, 0.010000, 0.401606, 0.000000
cylinder, 354, 353, -0.176040, 0.344623, 4.894372, -0.164269, 0.358265, 4.926478, 0.048370, 0.000271, 0.014737, 0.036817, 4.218420, 4.354934, 2.447046, ALLOMETRICVESSELVOLUME, 0.058469, 0.018194, 0, 18, 2, 0.000000, 0.027119, 5.661148, 1, 2, 1.414214, 2, 6, 0, unknownSpecies, -11.846800, -2.013600, -13.038500, 0.010000, 0.401606, 0.000000, 0.010000, 0.401606, 0.000000
cylinder, 355, 354, -0.164269, 0.358265, 4.926478, -0.136303, 0.370297, 5.021413, 0.048156, 0.000726, 0.014466, 0.099697, 4.181604, 4.281301, 2.410230, ALLOMETRICVESSELVOLUME, 0.053564, 0.018194, 0, 18, 2, 0.000000, 0.027119, 5.661148, 1, 2, 1.414214, 2, 6, 0, unknownSpecies, -11.846800, -2.013600, -13.038500, 0.010000, 0.401606, 0.000000, 0.010000, 0.401606, 0.000000
cylinder, 356, 355, -0.136303, 0.370297, 5.021413, -0.178732, 0.337442, 5.155880, 0.041005, 0.000765, 0.008215, 0.144780, 2.310533, 2.310533, 2.310533, ALLOMETRICVESSELVOLUME, 0.047391, 0.018194, 0, 19, 18, 0.000000, 0.002939, 1.158919, 1, 1, 1.000000, 1, 6, 0, unknownSpecies, -11.846800, -2.013600, -13.038500, 0.010000, 0.401606, 0.000000, 0.010000, 0.401606, 0.000000
cylinder, 357, 356, -0.178732, 0.337442, 5.155880, -0.169806, 0.333835, 5.204796, 0.040319, 0.000255, 0.007450, 0.049854, 2.165753, 2.165753, 2.165753, ALLOMETRICVESSELVOLUME, 0.021507, 0.018194, 0, 19, 18, 0.000000, 0.002939, 1.158919, 1, 1, 1.000000, 1, 6, 0, unknownSpecies, -11.846800, -2.013600, -13.038500, 0.010000, 0.401606, 0.000000, 0.010000, 0.401606, 0.000000
cylinder, 358, 357, -0.169806, 0.333835, 5.204796, -0.152616, 0.350706, 5.265929, 0.040075, 0.000332, 0.007195, 0.065707, 2.115899, 2.115899, 2.115899, ALLOMETRICVESSELVOLUME, 0.027630, 0.018194, 0, 19, 18, 0.000000, 0.002939, 1.158919, 1, 1, 1.000000, 1, 6, 0, unknownSpecies, -11.846800, -2.013600, -13.038500, 0.010000, 0.401606, 0.000000, 0.010000, 0.401606, 0.000000
cylinder, 359, 358, -0.152616, 0.350706, 5.265929, -0.135274, 0.368703, 5.323403, 0.039747, 0.000311, 0.006864, 0.062674, 2.050192, 2.050192, 2.050192, ALLOMETRICVESSELVOLUME, 0.025042, 0.018194, 0, 19, 18, 0.000000, 0.002939, 1.158919, 1, 1, 1.000000, 1, 6, 0, unknownSpecies, -11.846800, -2.013600, -13.038500, 0.010000, 0.401606, 0.000000, 0.010000, 0.401606, 0.000000
cylinder, 360, 359, -0.135274, 0.368703, 5.323403, -0.119527, 0.369281, 5.379641, 0.039427, 0.000285, 0.006553, 0.058403, 1.987519, 1.987519, 1.987519, ALLOMETRICVESSELVOLUME, 0.061384, 0.018194, 0, 19, 18, 0.000000, 0.002939, 1.158919, 1, 1, 1.000000, 1, 6, 0, unknownSpecies, -11.846800, -2.013600, -13.038500, 0.010000, 0.401606, 0.000000, 0.010000, 0.401606, 0.000000
cylinder, 361, 360, -0.119527, 0.369281, 5.379641, -0.110048, 0.374833, 5.462500, 0.039122, 0.000402, 0.006268, 0.083584, 1.929116, 1.929116, 1.929116, ALLOMETRICVESSELVOLUME, 0.038729, 0.018194, 0, 19, 18, 0.000000, 0.002939, 1.158919, 1, 1, 1.000000, 1, 6, 0, unknownSpecies, -11.846800, -2.013600, -13.038500, 0.010000, 0.401606, 0.000000, 0.010000, 0.401606, 0.000000
cylinder, 362, 361, -0.110048, 0.374833, 5.462500, -0.091527, 0.410507, 5.530300, 0.038673, 0.000370, 0.005866, 0.078820, 1.845531, 1.845531, 1.845531, ALLOMETRICVESSELVOLUME, 0.039080, 0.018194, 0, 19, 18, 0.000000, 0.002939, 1.158919, 1, 1, 1.000000, 1, 6, 0, unknownSpecies, -11.846800, -2.013600, -13.038500, 0.010000, 0.401606, 0.000000, 0.010000, 0.401606, 0.000000
cylinder, 363, 362, -0.091527, 0.410507, 5.530300, -0.076830, 0.411487, 5.596666, 0.038235, 0.000312, 0.005495, 0.067981, 1.766712, 1.766712, 1.766712, ALLOMETRICVESSELVOLUME, 0.046766, 0.018194, 0, 19, 18, 0.000000, 0.002939, 1.158919, 1, 1, 1.000000, 1, 6, 0, unknownSpecies, -11.846800, -2.013600, -13.038500, 0.010000, 0.401606, 0.000000, 0.010000, 0.401606, 0.000000
cylinder, 364, 363, -0.076830, 0.411487, 5.596666, -0.058532, 0.420903, 5.658965, 0.037846, 0.000295, 0.005183, 0.065610, 1.698731, 1.698731, 1.698731, ALLOMETRICVESSELVOLUME, 0.059494, 0.018194, 0, 19, 18, 0.000000, 0.002939, 1.158919, 1, 1, 1.000000, 1, 6, 0, unknownSpecies, -11.846800, -2.013600, -13.038500, 0.010000, 0.401606, 0.000000, 0.010000, 0.401606, 0.000000
cylinder, 365, 364, -0.058532, 0.420903, 5.658965, -0.048081, 0.425545, 5.722208, 0.037460, 0.000283, 0.004888, 0.064268, 1.633121, 1.633121, 1.633121, ALLOMETRICVESSELVOLUME, 0.049270, 0.018194, 0, 19, 18, 0.000000, 0.002939, 1.158919, 1, 1, 1.000000, 1, 6, 0, unknownSpecies, -11.846800, -2.013600, -13.038500, 0.010000, 0.401606, 0.000000, 0.010000, 0.401606, 0.000000
cylinder, 366, 365, -0.048081, 0.425545, 5.722208, -0.033744, 0.432489, 5.787327, 0.037070, 0.000289, 0.004605, 0.067040, 1.568852, 1.568852, 1.568852, ALLOMETRICVESSELVOLUME, 0.060573, 0.018194, 0, 19, 18, 0.000000, 0.002939, 1.158919, 1, 1, 1.000000, 1, 6, 0, unknownSpecies, -11.846800, -2.013600, -13.038500, 0.010000, 0.401606, 0.000000, 0.010000, 0.401606, 0.000000
cylinder, 367, 366, -0.033744, 0.432489, 5.787327, -0.014340, 0.435710, 5.856958, 0.036650, 0.000305, 0.004315, 0.072356, 1.501813, 1.501813, 1.501813, ALLOMETRICVESSELVOLUME, 0.071419, 0.018194, 0, 19, 18, 0.000000, 0.002939, 1.158919, 1, 1, 1.000000, 1, 6, 0, unknownSpecies, -11.846800, -2.013600, -13.038500, 0.010000, 0.401606, 0.000000, 0.010000, 0.401606, 0.000000
cylinder, 368, 367, -0.014340, 0.435710, 5.856958, -0.001672, 0.445533, 5.922765, 0.036182, 0.000279, 0.004010, 0.067731, 1.429457, 1.429457, 1.429457, ALLOMETRICVESSELVOLUME, 0.150254, 0.018194, 0, 19, 18, 0.000000, 0.002939, 1.158919, 1, 1, 1.000000, 1, 6, 0, unknownSpecies, -11.846800, -2.013600, -13.038500, 0.010000, 0.401606, 0.000000, 0.010000, 0.401606, 0.000000
cylinder, 369, 368, -0.001672, 0.445533, 5.922765, 0.024114, 0.434094, 5.986249, 0.035727, 0.000279, 0.003731, 0.069469, 1.361726, 1.361726, 1.361726, ALLOMETRICVESSELVOLUME, 0.077926, 0.018194, 0, 19, 18, 0.000000, 0.002939, 1.158919, 1, 1, 1.000000, 1, 6, 0, unknownSpecies, -11.846800, -2.013600, -13.038500, 0.010000, 0.401606, 0.000000, 0.010000, 0.401606, 0.000000
cylinder, 370, 369, 0.024114, 0.434094, 5.986249, 0.031336, 0.433188, 6.052003, 0.035243, 0.000258, 0.003453, 0.066156, 1.292257, 1.292257, 1.292257, ALLOMETRICVESSELVOLUME, 0.087027, 0.018194, 0, 19, 18, 0.000000, 0.002939, 1.158919, 1, 1, 1.000000, 1, 6, 0, unknownSpecies, -11.846800, -2.013600, -13.038500, 0.010000, 0.401606, 0.000000, 0.010000, 0.401606, 0.000000
cylinder, 371, 370, 0.031336, 0.433188, 6.052003, 0.031177, 0.465972, 6.110643, 0.034763, 0.000255, 0.003195, 0.067182, 1.226101, 1.226101, 1.226101, ALLOMETRICVESSELVOLUME, 0.044861, 0.018194, 0, 19, 18, 0.000000, 0.002939, 1.158919, 1, 1, 1.000000, 1, 6, 0, unknownSpecies, -11.846800, -2.013600, -13.038500, 0.010000, 0.401606, 0.000000, 0.010000, 0.401606, 0.000000
cylinder, 372, 371, 0.031177, 0.465972, 6.110643, 0.037687, 0.463873, 6.177488, 0.034256, 0.000248, 0.002939, 0.067194, 1.158919, 1.158919, 1.158919, ALLOMETRICVESSELVOLUME, 0.137096, 0.018194, 0, 19, 18, 0.000000, 0.002939, 1.158919, 1, 1, 1.000000, 1, 6, 0, unknownSpecies, -11.846800, -2.013600, -13.038500, 0.010000, 0.401606, 0.000000, 0.010000, 0.401606, 0.000000
cylinder, 373, 372, 0.037687, 0.463873, 6.177488, 0.055497, 0.477874, 6.247050, 0.033727, 0.000261, 0.002692, 0.073158, 1.091724, 1.091724, 1.091724, ALLOMETRICVESSELVOLUME, 0.026692, 0.018194, 0, 19, 18, 0.000000, 0.002939, 1.158919, 1, 1, 1.000000, 1, 6, 0, unknownSpecies, -11.846800, -2.013600, -13.038500, 0.010000, 0.401606, 0.000000, 0.010000, 0.401606, 0.000000
cylinder, 374, 373, 0.055497, 0.477874, 6.247050, 0.041960, 0.463028, 6.300759, 0.033123, 0.000198, 0.002430, 0.057343, 1.018566, 1.018566, 1.018566, ALLOMETRICVESSELVOLUME, 0.029351, 0.018194, 0, 19, 18, 0.000000, 0.002939, 1.158919, 1, 1, 1.000000, 1, 6, 0, unknownSpecies, -11.846800, -2.013600, -13.038500, 0.010000, 0.401606, 0.000000, 0.010000, 0.401606, 0.000000
cylinder, 375, 374, 0.041960, 0.463028, 6.300759, 0.044905, 0.442029, 6.383110, 0.032627, 0.000284, 0.002233, 0.085037, 0.961223, 0.961223, 0.961223, ALLOMETRICVESSELVOLUME, 0.121603, 0.018194, 0, 19, 18, 0.000000, 0.002939, 1.158919, 1, 1, 1.000000, 1, 6, 0, unknownSpecies, -11.846800, -2.013600, -13.038500, 0.010000, 0.401606, 0.000000, 0.010000, 0.401606, 0.000000
cylinder, 376, 375, 0.044905, 0.442029, 6.383110, 0.074597, 0.452025, 6.430625, 0.031848, 0.000181, 0.001948, 0.056914, 0.876185, 0.876185, 0.876185, ALLOMETRICVESSELVOLUME, 0.008188, 0.018194, 0, 19, 18, 0.000000, 0.002939, 1.158919, 1, 1, 1.000000, 1, 6, 0, unknownSpecies, -11.846800, -2.013600, -13.038500, 0.010000, 0.401606, 0.000000, 0.010000, 0.401606, 0.000000
cylinder, 377, 376, 0.074597, 0.452025, 6.430625, 0.065749, 0.457856, 6.488501, 0.031296, 0.000181, 0.001767, 0.058838, 0.819272, 0.819272, 0.819272, ALLOMETRICVESSELVOLUME, 0.200000, 0.018194, 0, 19, 18, 0.000000, 0.002939, 1.158919, 1, 1, 1.000000, 1, 6, 0, unknownSpecies, -11.846800, -2.013600, -13.038500, 0.010000, 0.401606, 0.000000, 0.010000, 0.401606, 0.000000
cylinder, 378, 377, 0.065749, 0.457856, 6.488501, 0.050452, 0.460501, 6.546853, 0.030694, 0.000179, 0.001586, 0.060382, 0.760433, 0.760433, 0.760433, ALLOMETRICVESSELVOLUME, 0.047611, 0.018194, 0, 19, 18, 0.000000, 0.002939, 1.158919, 1, 1, 1.000000, 1, 6, 0, unknownSpecies, -11.846800, -2.013600, -13.038500, 0.010000, 0.401606, 0.000000, 0.010000, 0.401606, 0.000000
cylinder, 379, 378, 0.050452, 0.460501, 6.546853, 0.040478, 0.435664, 6.617442, 0.030039, 0.000214, 0.001407, 0.075492, 0.700052, 0.700052, 0.700052, ALLOMETRICVESSELVOLUME, 0.042005, 0.018194, 0, 19, 18, 0.000000, 0.002939, 1.158919, 1, 1, 1.000000, 1, 6, 0, unknownSpecies, -11.846800, -2.013600, -13.038500, 0.010000, 0.401606, 0.000000, 0.010000, 0.401606, 0.000000
cylinder, 380, 379, 0.040478, 0.435664, 6.617442, 0.089892, 0.456063, 6.696045, 0.029159, 0.000254, 0.001193, 0.095060, 0.624559, 0.624559, 0.624559, ALLOMETRICVESSELVOLUME, 0.041824, 0.018194, 0, 19, 18, 0.000000, 0.002939, 1.158919, 1, 1, 1.000000, 1, 6, 0, unknownSpecies, -11.846800, -2.013600, -13.038500, 0.010000, 0.401606, 0.000000, 0.010000, 0.401606, 0.000000
cylinder, 381, 380, 0.089892, 0.456063, 6.696045, 0.077939, 0.474937, 6.754679, 0.027931, 0.000154, 0.000939, 0.062746, 0.529500, 0.529500, 0.529500, ALLOMETRICVESSELVOLUME, 0.022312, 0.018194, 0, 19, 18, 0.000000, 0.002939, 1.158919, 1, 1, 1.000000, 1, 6, 0, unknownSpecies, -11.846800, -2.013600, -13.038500, 0.010000, 0.401606, 0.000000, 0.010000, 0.401606, 0.000000
cylinder, 382, 381, 0.077939, 0.474937, 6.754679, 0.074544, 0.482475, 6.842989, 0.027028, 0.000204, 0.000785, 0.088696, 0.466753, 0.466753, 0.466753, ALLOMETRICVESSELVOLUME, 0.026552, 0.018194, 0, 19, 18, 0.000000, 0.002939, 1.158919, 1, 1, 1.000000, 1, 6, 0, unknownSpecies, -11.846800, -2.013600, -13.038500, 0.010000, 0.401606, 0.000000, 0.010000, 0.401606, 0.000000
cylinder, 383, 382, 0.074544, 0.482475, 6.842989, 0.097934, 0.485031, 6.911703, 0.025583, 0.000149, 0.000582, 0.072631, 0.378057, 0.378057, 0.378057, ALLOMETRICVESSELVOLUME, 0.034664, 0.018194, 0, 19, 18, 0.000000, 0.002939, 1.158919, 1, 1, 1.000000, 1, 6, 0, unknownSpecies, -11.846800, -2.013600, -13.038500, 0.010000, 0.401606, 0.000000, 0.010000, 0.401606, 0.000000
cylinder, 384, 383, 0.097934, 0.485031, 6.911703, 0.099486, 0.472705, 6.958871, 0.024200, 0.000090, 0.000433, 0.048777, 0.305426, 0.305426, 0.305426, ALLOMETRICVESSELVOLUME, 0.035980, 0.018194, 0, 19, 18, 0.000000, 0.002939, 1.158919, 1, 1, 1.000000, 1, 6, 0, unknownSpecies, -11.846800, -2.013600, -13.038500, 0.010000, 0.401606, 0.000000, 0.010000, 0.401606, 0.000000
cylinder, 385, 384, 0.099486, 0.472705, 6.958871, 0.085602, 0.474358, 7.027076, 0.023127, 0.000117, 0.000343, 0.069623, 0.256650, 0.256650, 0.256650, ALLOMETRICVESSELVOLUME, 0.056221, 0.018194, 0, 19, 18, 0.000000, 0.002939, 1.158919, 1, 1, 1.000000, 1, 6, 0, unknownSpecies, -11.846800, -2.013600, -13.038500, 0.010000, 0.401606, 0.000000, 0.010000, 0.401606, 0.000000
cylinder, 386, 385, 0.085602, 0.474358, 7.027076, 0.094092, 0.480714, 7.123080, 0.021296, 0.000138, 0.000226, 0.096588, 0.187026, 0.187026, 0.187026, ALLOMETRICVESSELVOLUME, 0.042877, 0.018194, 0, 19, 18, 0.000000, 0.002939, 1.158919, 1, 1, 1.000000, 1, 6, 0, unknownSpecies, -11.846800, -2.013600, -13.038500, 0.010000, 0.401606, 0.000000, 0.010000, 0.401606, 0.000000
cylinder, 387, 386, 0.094092, 0.480714, 7.123080, 0.088388, 0.544320, 7.187118, 0.017622, 0.000088, 0.000088, 0.090438, 0.090438, 0.090438, 0.090438, ALLOMETRICVESSELVOLUME, 0.069037, 0.018194, 0, 19, 18, 0.000000, 0.002939, 1.158919, 1, 1, 1.000000, 1, 6, 0, unknownSpecies, -11.846800, -2.013600, -13.038500, 0.010000, 0.401606, 0.000000, 0.010000, 0.401606, 0.000000
cylinder, 388, 355, -0.136303, 0.370297, 5.021413, -0.018876, 0.349624, 5.107244, 0.038262, 0.000676, 0.005525, 0.146913, 1.771374, 1.771374, 1.771374, ALLOMETRICVESSELVOLUME, 0.040963, 0.018194, 0, 20, 18, 0.000000, 0.001792, 0.829914, 2, 1, 1.000000, 1, 6, 0, unknownSpecies, -11.846800, -2.013600, -13.038500, 0.010000, 0.401606, 0.000000, 0.010000, 0.401606, 0.000000
cylinder, 389, 388, -0.018876, 0.349624, 5.107244, 0.013138, 0.364953, 5.167200, 0.037408, 0.000306, 0.004849, 0.069675, 1.624461, 1.624461, 1.624461, ALLOMETRICVESSELVOLUME, 0.023477, 0.018194, 0, 20, 18, 0.000000, 0.001792, 0.829914, 2, 1, 1.000000, 1, 6, 0, unknownSpecies, -11.846800, -2.013600, -13.038500, 0.010000, 0.401606, 0.000000, 0.010000, 0.401606, 0.000000
cylinder, 390, 389, 0.013138, 0.364953, 5.167200, 0.033374, 0.360355, 5.224199, 0.036983, 0.000261, 0.004543, 0.060659, 1.554786, 1.554786, 1.554786, ALLOMETRICVESSELVOLUME, 0.023121, 0.018194, 0, 20, 18, 0.000000, 0.001792, 0.829914, 2, 1, 1.000000, 1, 6, 0, unknownSpecies, -11.846800, -2.013600, -13.038500, 0.010000, 0.401606, 0.000000, 0.010000, 0.401606, 0.000000
cylinder, 391, 390, 0.033374, 0.360355, 5.224199, 0.071812, 0.362251, 5.278177, 0.036601, 0.000279, 0.004283, 0.066292, 1.494127, 1.494127, 1.494127, ALLOMETRICVESSELVOLUME, 0.024766, 0.018194, 0, 20, 18, 0.000000, 0.001792, 0.829914, 2, 1, 1.000000, 1, 6, 0, unknownSpecies, -11.846800, -2.013600, -13.038500, 0.010000, 0.401606, 0.000000, 0.010000, 0.401606, 0.000000
cylinder, 392, 391, 0.071812, 0.362251, 5.278177, 0.092882, 0.364101, 5.340107, 0.036171, 0.000269, 0.004004, 0.065442, 1.427835, 1.427835, 1.427835, ALLOMETRICVESSELVOLUME, 0.033704, 0.018194, 0, 20, 18, 0.000000, 0.001792, 0.829914, 2, 1, 1.000000, 1, 6, 0, unknownSpecies, -11.846800, -2.013600, -13.038500, 0.010000, 0.401606, 0.000000, 0.010000, 0.401606, 0.000000
cylinder, 393, 392, 0.092882, 0.364101, 5.340107, 0.130139, 0.374619, 5.400180, 0.035731, 0.000287, 0.003735, 0.071466, 1.362392, 1.362392, 1.362392, ALLOMETRICVESSELVOLUME, 0.056245, 0.018194, 0, 20, 18, 0.000000, 0.001792, 0.829914, 2, 1, 1.000000, 1, 6, 0, unknownSpecies, -11.846800, -2.013600, -13.038500, 0.010000, 0.401606, 0.000000, 0.010000, 0.401606, 0.000000
cylinder, 394, 393, 0.130139, 0.374619, 5.400180, 0.140224, 0.372189, 5.424548, 0.035233, 0.000103, 0.003448, 0.026484, 1.290926, 1.290926, 1.290926, ALLOMETRICVESSELVOLUME, 0.073086, 0.018194, 0, 20, 18, 0.000000, 0.001792, 0.829914, 2, 1, 1.000000, 1, 6, 0, unknownSpecies, -11.846800, -2.013600, -13.038500, 0.010000, 0.401606, 0.000000, 0.010000, 0.401606, 0.000000
cylinder, 395, 394, 0.140224, 0.372189, 5.424548, 0.197892, 0.399062, 5.507917, 0.035043, 0.000405, 0.003345, 0.104873, 1.264442, 1.264442, 1.264442, ALLOMETRICVESSELVOLUME, 0.047910, 0.018194, 0, 20, 18, 0.000000, 0.001792, 0.829914, 2, 1, 1.000000, 1, 6, 0, unknownSpecies, -11.846800, -2.013600, -13.038500, 0.010000, 0.401606, 0.000000, 0.010000, 0.401606, 0.000000
cylinder, 396, 395, 0.197892, 0.399062, 5.507917, 0.226242, 0.399984, 5.574437, 0.034261, 0.000267, 0.002940, 0.072315, 1.159569, 1.159569, 1.159569, ALLOMETRICVESSELVOLUME, 0.027922, 0.018194, 0, 20, 18, 0.000000, 0.001792, 0.829914, 2, 1, 1.000000, 1, 6, 0, unknownSpecies, -11.846800, -2.013600, -13.038500, 0.010000, 0.401606, 0.000000, 0.010000, 0.401606, 0.000000
cylinder, 397, 396, 0.226242, 0.399984, 5.574437, 0.213807, 0.350759, 5.594126, 0.033691, 0.000194, 0.002673, 0.054455, 1.087254, 1.087254, 1.087254, ALLOMETRICVESSELVOLUME, 0.059966, 0.018194, 0, 20, 18, 0.000000, 0.001792, 0.829914, 2, 1, 1.000000, 1, 6, 0, unknownSpecies, -11.846800, -2.013600, -13.038500, 0.010000, 0.401606, 0.000000, 0.010000, 0.401606, 0.000000
cylinder, 398, 397, 0.213807, 0.350759, 5.594126, 0.282082, 0.389672, 5.701057, 0.033243, 0.000461, 0.002479, 0.132702, 1.032799, 1.032799, 1.032799, ALLOMETRICVESSELVOLUME, 0.043888, 0.018194, 0, 20, 18, 0.000000, 0.001792, 0.829914, 2, 1, 1.000000, 1, 6, 0, unknownSpecies, -11.846800, -2.013600, -13.038500, 0.010000, 0.401606, 0.000000, 0.010000, 0.401606, 0.000000
cylinder, 399, 398, 0.282082, 0.389672, 5.701057, 0.323218, 0.381679, 5.757357, 0.032073, 0.000227, 0.002018, 0.070183, 0.900097, 0.900097, 0.900097, ALLOMETRICVESSELVOLUME, 0.023801, 0.018194, 0, 20, 18, 0.000000, 0.001792, 0.829914, 2, 1, 1.000000, 1, 6, 0, unknownSpecies, -11.846800, -2.013600, -13.038500, 0.010000, 0.401606, 0.000000, 0.010000, 0.401606, 0.000000
cylinder, 400, 399, 0.323218, 0.381679, 5.757357, 0.350230, 0.400316, 5.794043, 0.031401, 0.000152, 0.001792, 0.049222, 0.829914, 0.829914, 0.829914, ALLOMETRICVESSELVOLUME, 0.023599, 0.018194, 0, 20, 18, 0.000000, 0.001792, 0.829914, 2, 1, 1.000000, 1, 6, 0, unknownSpecies, -11.846800, -2.013600, -13.038500, 0.010000, 0.401606, 0.000000, 0.010000, 0.401606, 0.000000
cylinder, 401, 400, 0.350230, 0.400316, 5.794043, 0.382381, 0.400041, 5.859218, 0.030905, 0.000218, 0.001639, 0.072675, 0.780692, 0.780692, 0.780692, ALLOMETRICVESSELVOLUME, 0.155609, 0.018194, 0, 20, 18, 0.000000, 0.001792, 0.829914, 2, 1, 1.000000, 1, 6, 0, unknownSpecies, -11.846800, -2.013600, -13.038500, 0.010000, 0.401606, 0.000000, 0.010000, 0.401606, 0.000000
cylinder, 402, 401, 0.382381, 0.400041, 5.859218, 0.430436, 0.413131, 5.902011, 0.030128, 0.000187, 0.001421, 0.065665, 0.708017, 0.708017, 0.708017, ALLOMETRICVESSELVOLUME, 0.012912, 0.018194, 0, 20, 18, 0.000000, 0.001792, 0.829914, 2, 1, 1.000000, 1, 6, 0, unknownSpecies, -11.846800, -2.013600, -13.038500, 0.010000, 0.401606, 0.000000, 0.010000, 0.401606, 0.000000
cylinder, 403, 402, 0.430436, 0.413131, 5.902011, 0.449454, 0.388847, 5.953137, 0.029373, 0.000162, 0.001234, 0.059709, 0.642352, 0.642352, 0.642352, ALLOMETRICVESSELVOLUME, 0.015563, 0.018194, 0, 20, 18, 0.000000, 0.001792, 0.829914, 2, 1, 1.000000, 1, 6, 0, unknownSpecies, -11.846800, -2.013600, -13.038500, 0.010000, 0.401606, 0.000000, 0.010000, 0.401606, 0.000000
cylinder, 404, 403, 0.449454, 0.388847, 5.953137, 0.483237, 0.388072, 6.012845, 0.028636, 0.000177, 0.001072, 0.068607, 0.582643, 0.582643, 0.582643, ALLOMETRICVESSELVOLUME, 0.022400, 0.018194, 0, 20, 18, 0.000000, 0.001792, 0.829914, 2, 1, 1.000000, 1, 6, 0, unknownSpecies, -11.846800, -2.013600, -13.038500, 0.010000, 0.401606, 0.000000, 0.010000, 0.401606, 0.000000
cylinder, 405, 404, 0.483237, 0.388072, 6.012845, 0.509432, 0.405296, 6.072329, 0.027716, 0.000162, 0.000895, 0.067240, 0.514036, 0.514036, 0.514036, ALLOMETRICVESSELVOLUME, 0.020025, 0.018194, 0, 20, 18, 0.000000, 0.001792, 0.829914, 2, 1, 1.000000, 1, 6, 0, unknownSpecies, -11.846800, -2.013600, -13.038500, 0.010000, 0.401606, 0.000000, 0.010000, 0.401606, 0.000000
cylinder, 406, 405, 0.509432, 0.405296, 6.072329, 0.538704, 0.419985, 6.125514, 0.026722, 0.000140, 0.000733, 0.062459, 0.446796, 0.446796, 0.446796, ALLOMETRICVESSELVOLUME, 0.020606, 0.018194, 0, 20, 18, 0.000000, 0.001792, 0.829914, 2, 1, 1.000000, 1, 6, 0, unknownSpecies, -11.846800, -2.013600, -13.038500, 0.010000, 0.401606, 0.000000, 0.010000, 0.401606, 0.000000
cylinder, 407, 406, 0.538704, 0.419985, 6.125514, 0.543108, 0.435192, 6.182342, 0.025693, 0.000122, 0.000593, 0.058993, 0.384337, 0.384337, 0.384337, ALLOMETRICVESSELVOLUME, 0.023358, 0.018194, 0, 20, 18, 0.000000, 0.001792, 0.829914, 2, 1, 1.000000, 1, 6, 0, unknownSpecies, -11.846800, -2.013600, -13.038500, 0.010000, 0.401606, 0.000000, 0.010000, 0.401606, 0.000000
cylinder, 408, 407, 0.543108, 0.435192, 6.182342, 0.564952, 0.451508, 6.241478, 0.024601, 0.000124, 0.000470, 0.065119, 0.325344, 0.325344, 0.325344, ALLOMETRICVESSELVOLUME, 0.142089, 0.018194, 0, 20, 18, 0.000000, 0.001792, 0.829914, 2, 1, 1.000000, 1, 6, 0, unknownSpecies, -11.846800, -2.013600, -13.038500, 0.010000, 0.401606, 0.000000, 0.010000, 0.401606, 0.000000
cylinder, 409, 408, 0.564952, 0.451508, 6.241478, 0.599209, 0.482140, 6.282225, 0.023210, 0.000104, 0.000347, 0.061418, 0.260225, 0.260225, 0.260225, ALLOMETRICVESSELVOLUME, 0.022810, 0.018194, 0, 20, 18, 0.000000, 0.001792, 0.829914, 2, 1, 1.000000, 1, 6, 0, unknownSpecies, -11.846800, -2.013600, -13.038500, 0.010000, 0.401606, 0.000000, 0.010000, 0.401606, 0.000000
cylinder, 410, 409, 0.599209, 0.482140, 6.282225, 0.601952, 0.481266, 6.296852, 0.021638, 0.000022, 0.000243, 0.014908, 0.198808, 0.198808, 0.198808, ALLOMETRICVESSELVOLUME, 0.001000, 0.018194, 0, 20, 18, 0.000000, 0.001792, 0.829914, 2, 1, 1.000000, 1, 6, 0, unknownSpecies, -11.846800, -2.013600, -13.038500, 0.010000, 0.401606, 0.000000, 0.010000, 0.401606, 0.000000
cylinder, 411, 410, 0.601952, 0.481266, 6.296852, 0.612863, 0.540614, 6.395339, 0.021203, 0.000163, 0.000221, 0.115503, 0.183900, 0.183900, 0.183900, ALLOMETRICVESSELVOLUME, 0.083512, 0.018194, 0, 20, 18, 0.000000, 0.001792, 0.829914, 2, 1, 1.000000, 1, 6, 0, unknownSpecies, -11.846800, -2.013600, -13.038500, 0.010000, 0.401606, 0.000000, 0.010000, 0.401606, 0.000000
cylinder, 412, 411, 0.612863, 0.540614, 6.395339, 0.626839, 0.593201, 6.436781, 0.016385, 0.000058, 0.000058, 0.068396, 0.068396, 0.068396, 0.068396, ALLOMETRICVESSELVOLUME, 0.048655, 0.018194, 0, 20, 18, 0.000000, 0.001792, 0.829914, 2, 1, 1.000000, 1, 6, 0, unknownSpecies, -11.846800, -2.013600, -13.038500, 0.010000, 0.401606, 0.000000, 0.010000, 0.401606, 0.000000
cylinder, 413, 73, -1.174026, 0.383060, -2.008470, -0.954742, 0.363164, -1.982649, 0.042461, 0.001256, 0.010057, 0.221693, 2.641386, 2.641386, 2.641386, ALLOMETRICVESSELVOLUME, 0.158129, 0.018194, 0, 21, 1, 0.000000, 0.003601, 1.327869, 1, 1, 1.000000, 1, 7, 0, unknownSpecies, -11.846800, -2.013600, -13.038500, 0.010000, 0.401606, 0.000000, 0.010000, 0.401606, 0.000000
cylinder, 414, 413, -0.954742, 0.363164, -1.982649, -0.942862, 0.357080, -1.922618, 0.041501, 0.000333, 0.008801, 0.061496, 2.419693, 2.419693, 2.419693, ALLOMETRICVESSELVOLUME, 0.128891, 0.018194, 0, 21, 1, 0.000000, 0.003601, 1.327869, 1, 1, 1.000000, 1, 7, 0, unknownSpecies, -11.846800, -2.013600, -13.038500, 0.010000, 0.401606, 0.000000, 0.010000, 0.401606, 0.000000
cylinder, 415, 414, -0.942862, 0.357080, -1.922618, -0.931906, 0.367234, -1.875179, 0.041224, 0.000266, 0.008469, 0.049736, 2.358197, 2.358197, 2.358197, ALLOMETRICVESSELVOLUME, 0.042020, 0.018194, 0, 21, 1, 0.000000, 0.003601, 1.327869, 1, 1, 1.000000, 1, 7, 0, unknownSpecies, -11.846800, -2.013600, -13.038500, 0.010000, 0.401606, 0.000000, 0.010000, 0.401606, 0.000000
cylinder, 416, 415, -0.931906, 0.367234, -1.875179, -0.892338, 0.351523, -1.827365, 0.040996, 0.000338, 0.008203, 0.064020, 2.308461, 2.308461, 2.308461, ALLOMETRICVESSELVOLUME, 0.034865, 0.018194, 0, 21, 1, 0.000000, 0.003601, 1.327869, 1, 1, 1.000000, 1, 7, 0, unknownSpecies, -11.846800, -2.013600, -13.038500, 0.010000, 0.401606, 0.000000, 0.010000, 0.401606, 0.000000
cylinder, 417, 416, -0.892338, 0.351523, -1.827365, -0.863704, 0.331873, -1.770682, 0.040696, 0.000346, 0.007865, 0.066475, 2.244440, 2.244440, 2.244440, ALLOMETRICVESSELVOLUME, 0.009054, 0.018194, 0, 21, 1, 0.000000, 0.003601, 1.327869, 1, 1, 1.000000, 1, 7, 0, unknownSpecies, -11.846800, -2.013600, -13.038500, 0.010000, 0.401606, 0.000000, 0.010000, 0.401606, 0.000000
cylinder, 418, 417, -0.863704, 0.331873, -1.770682, -0.871276, 0.334696, -1.720253, 0.040379, 0.000262, 0.007519, 0.051073, 2.177965, 2.177965, 2.177965, ALLOMETRICVESSELVOLUME, 0.016510, 0.018194, 0, 21, 1, 0.000000, 0.003601, 1.327869, 1, 1, 1.000000, 1, 7, 0, unknownSpecies, -11.846800, -2.013600, -13.038500, 0.010000, 0.401606, 0.000000, 0.010000, 0.401606, 0.000000
cylinder, 419, 418, -0.871276, 0.334696, -1.720253, -0.870607, 0.355687, -1.635522, 0.040130, 0.000442, 0.007258, 0.087294, 2.126892, 2.126892, 2.126892, ALLOMETRICVESSELVOLUME, 0.036629, 0.018194, 0, 21, 1, 0.000000, 0.003601, 1.327869, 1, 1, 1.000000, 1, 7, 0, unknownSpecies, -11.846800, -2.013600, -13.038500, 0.010000, 0.401606, 0.000000, 0.010000, 0.401606, 0.000000
cylinder, 420, 419, -0.870607, 0.355687, -1.635522, -0.816005, 0.344258, -1.585857, 0.039694, 0.000370, 0.006816, 0.074690, 2.039598, 2.039598, 2.039598, ALLOMETRICVESSELVOLUME, 0.027663, 0.018194, 0, 21, 1, 0.000000, 0.003601, 1.327869, 1, 1, 1.000000, 1, 7, 0, unknownSpecies, -11.846800, -2.013600, -13.038500, 0.010000, 0.401606, 0.000000, 0.010000, 0.401606, 0.000000
cylinder, 421, 420, -0.816005, 0.344258, -1.585857, -0.784078, 0.325630, -1.524767, 0.039310, 0.000347, 0.006446, 0.071403, 1.964907, 1.964907, 1.964907, ALLOMETRICVESSELVOLUME, 0.061856, 0.018194, 0, 21, 1, 0.000000, 0.003601, 1.327869, 1, 1, 1.000000, 1, 7, 0, unknownSpecies, -11.846800, -2.013600, -13.038500, 0.010000, 0.401606, 0.000000, 0.010000, 0.401606, 0.000000
cylinder, 422, 421, -0.784078, 0.325630, -1.524767, -0.763494, 0.326679, -1.482520, 0.038932, 0.000224, 0.006100, 0.047006, 1.893505, 1.893505, 1.893505, ALLOMETRICVESSELVOLUME, 0.111410, 0.018194, 0, 21, 1, 0.000000, 0.003601, 1.327869, 1, 1, 1.000000, 1, 7, 0, unknownSpecies, -11.846800, -2.013600, -13.038500, 0.010000, 0.401606, 0.000000, 0.010000, 0.401606, 0.000000
cylinder, 423, 422, -0.763494, 0.326679, -1.482520, -0.730144, 0.325147, -1.420592, 0.038678, 0.000331, 0.005876, 0.070354, 1.846499, 1.846499, 1.846499, ALLOMETRICVESSELVOLUME, 0.107292, 0.018194, 0, 21, 1, 0.000000, 0.003601, 1.327869, 1, 1, 1.000000, 1, 7, 0, unknownSpecies, -11.846800, -2.013600, -13.038500, 0.010000, 0.401606, 0.000000, 0.010000, 0.401606, 0.000000
cylinder, 424, 423, -0.730144, 0.325147, -1.420592, -0.704277, 0.320818, -1.361132, 0.038288, 0.000299, 0.005545, 0.064988, 1.776145, 1.776145, 1.776145, ALLOMETRICVESSELVOLUME, 0.200000, 0.018194, 0, 21, 1, 0.000000, 0.003601, 1.327869, 1, 1, 1.000000, 1, 7, 0, unknownSpecies, -11.846800, -2.013600, -13.038500, 0.010000, 0.401606, 0.000000, 0.010000, 0.401606, 0.000000
cylinder, 425, 424, -0.704277, 0.320818, -1.361132, -0.673500, 0.317000, -1.307500, 0.037918, 0.000280, 0.005246, 0.061953, 1.711157, 1.711157, 1.711157, ALLOMETRICVESSELVOLUME, 0.008294, 0.018194, 0, 21, 1, 0.000000, 0.003601, 1.327869, 1, 1, 1.000000, 1, 7, 0, unknownSpecies, -11.846800, -2.013600, -13.038500, 0.010000, 0.401606, 0.000000, 0.010000, 0.401606, 0.000000
cylinder, 426, 425, -0.673500, 0.317000, -1.307500, -0.651953, 0.323734, -1.258059, 0.037556, 0.000241, 0.004966, 0.054352, 1.649204, 1.649204, 1.649204, ALLOMETRICVESSELVOLUME, 0.063534, 0.018194, 0, 21, 1, 0.000000, 0.003601, 1.327869, 1, 1, 1.000000, 1, 7, 0, unknownSpecies, -11.846800, -2.013600, -13.038500, 0.010000, 0.401606, 0.000000, 0.010000, 0.401606, 0.000000
cylinder, 427, 426, -0.651953, 0.323734, -1.258059, -0.628316, 0.337718, -1.204003, 0.037229, 0.000264, 0.004725, 0.060632, 1.594853, 1.594853, 1.594853, ALLOMETRICVESSELVOLUME, 0.044545, 0.018194, 0, 21, 1, 0.000000, 0.003601, 1.327869, 1, 1, 1.000000, 1, 7, 0, unknownSpecies, -11.846800, -2.013600, -13.038500, 0.010000, 0.401606, 0.000000, 0.010000, 0.401606, 0.000000
cylinder, 428, 427, -0.628316, 0.337718, -1.204003, -0.615102, 0.333884, -1.145954, 0.036855, 0.000255, 0.004461, 0.059658, 1.534221, 1.534221, 1.534221, ALLOMETRICVESSELVOLUME, 0.046919, 0.018194, 0, 21, 1, 0.000000, 0.003601, 1.327869, 1, 1, 1.000000, 1, 7, 0, unknownSpecies, -11.846800, -2.013600, -13.038500, 0.010000, 0.401606, 0.000000, 0.010000, 0.401606, 0.000000
cylinder, 429, 428, -0.615102, 0.333884, -1.145954, -0.586788, 0.296692, -1.094682, 0.036476, 0.000290, 0.004207, 0.069381, 1.474563, 1.474563, 1.474563, ALLOMETRICVESSELVOLUME, 0.050454, 0.018194, 0, 21, 1, 0.000000, 0.003601, 1.327869, 1, 1, 1.000000, 1, 7, 0, unknownSpecies, -11.846800, -2.013600, -13.038500, 0.010000, 0.401606, 0.000000, 0.010000, 0.401606, 0.000000
cylinder, 430, 429, -0.586788, 0.296692, -1.094682, -0.566207, 0.281993, -1.021623, 0.036021, 0.000315, 0.003917, 0.077313, 1.405182, 1.405182, 1.405182, ALLOMETRICVESSELVOLUME, 0.012222, 0.018194, 0, 21, 1, 0.000000, 0.003601, 1.327869, 1, 1, 1.000000, 1, 7, 0, unknownSpecies, -11.846800, -2.013600, -13.038500, 0.010000, 0.401606, 0.000000, 0.010000, 0.401606, 0.000000
cylinder, 431, 430, -0.566207, 0.281993, -1.021623, -0.572385, 0.292447, -1.005106, 0.035493, 0.000081, 0.003601, 0.020500, 1.327869, 1.327869, 1.327869, ALLOMETRICVESSELVOLUME, 0.200000, 0.018194, 0, 21, 1, 0.000000, 0.003601, 1.327869, 1, 1, 1.000000, 1, 7, 0, unknownSpecies, -11.846800, -2.013600, -13.038500, 0.010000, 0.401606, 0.000000, 0.010000, 0.401606, 0.000000
cylinder, 432, 431, -0.572385, 0.292447, -1.005106, -0.512146, 0.267667, -0.905877, 0.035350, 0.000466, 0.003520, 0.118697, 1.307369, 1.307369, 1.307369, ALLOMETRICVESSELVOLUME, 0.024862, 0.018194, 0, 21, 1, 0.000000, 0.003601, 1.327869, 1, 1, 1.000000, 1, 7, 0, unknownSpecies, -11.846800, -2.013600, -13.038500, 0.010000, 0.401606, 0.000000, 0.010000, 0.401606, 0.000000
cylinder, 433, 432, -0.512146, 0.267667, -0.905877, -0.487743, 0.269327, -0.854743, 0.034484, 0.000212, 0.003054, 0.056684, 1.188672, 1.188672, 1.188672, ALLOMETRICVESSELVOLUME, 0.023715, 0.018194, 0, 21, 1, 0.000000, 0.003601, 1.327869, 1, 1, 1.000000, 1, 7, 0, unknownSpecies, -11.846800, -2.013600, -13.038500, 0.010000, 0.401606, 0.000000, 0.010000, 0.401606, 0.000000
cylinder, 434, 433, -0.487743, 0.269327, -0.854743, -0.465791, 0.272166, -0.786679, 0.034047, 0.000261, 0.002843, 0.071572, 1.131988, 1.131988, 1.131988, ALLOMETRICVESSELVOLUME, 0.019129, 0.018194, 0, 21, 1, 0.000000, 0.003601, 1.327869, 1, 1, 1.000000, 1, 7, 0, unknownSpecies, -11.846800, -2.013600, -13.038500, 0.010000, 0.401606, 0.000000, 0.010000, 0.401606, 0.000000
cylinder, 435, 434, -0.465791, 0.272166, -0.786679, -0.436150, 0.263782, -0.720104, 0.033473, 0.000258, 0.002582, 0.073356, 1.060416, 1.060416, 1.060416, ALLOMETRICVESSELVOLUME, 0.027948, 0.018194, 0, 21, 1, 0.000000, 0.003601, 1.327869, 1, 1, 1.000000, 1, 7, 0, unknownSpecies, -11.846800, -2.013600, -13.038500, 0.010000, 0.401606, 0.000000, 0.010000, 0.401606, 0.000000
cylinder, 436, 435, -0.436150, 0.263782, -0.720104, -0.398742, 0.269654, -0.661503, 0.032853, 0.000237, 0.002324, 0.069770, 0.987059, 0.987059, 0.987059, ALLOMETRICVESSELVOLUME, 0.031568, 0.018194, 0, 21, 1, 0.000000, 0.003601, 1.327869, 1, 1, 1.000000, 1, 7, 0, unknownSpecies, -11.846800, -2.013600, -13.038500, 0.010000, 0.401606, 0.000000, 0.010000, 0.401606, 0.000000
cylinder, 437, 436, -0.398742, 0.269654, -0.661503, -0.382405, 0.274053, -0.611842, 0.032231, 0.000171, 0.002087, 0.052463, 0.917289, 0.917289, 0.917289, ALLOMETRICVESSELVOLUME, 0.034455, 0.018194, 0, 21, 1, 0.000000, 0.003601, 1.327869, 1, 1, 1.000000, 1, 7, 0, unknownSpecies, -11.846800, -2.013600, -13.038500, 0.010000, 0.401606, 0.000000, 0.010000, 0.401606, 0.000000
cylinder, 438, 437, -0.382405, 0.274053, -0.611842, -0.331731, 0.284504, -0.517714, 0.031740, 0.000340, 0.001916, 0.107412, 0.864825, 0.864825, 0.864825, ALLOMETRICVESSELVOLUME, 0.029912, 0.018194, 0, 21, 1, 0.000000, 0.003601, 1.327869, 1, 1, 1.000000, 1, 7, 0, unknownSpecies, -11.846800, -2.013600, -13.038500, 0.010000, 0.401606, 0.000000, 0.010000, 0.401606, 0.000000
cylinder, 439, 438, -0.331731, 0.284504, -0.517714, -0.317155, 0.298369, -0.451883, 0.030662, 0.000203, 0.001576, 0.068836, 0.757414, 0.757414, 0.757414, ALLOMETRICVESSELVOLUME, 0.029003, 0.018194, 0, 21, 1, 0.000000, 0.003601, 1.327869, 1, 1, 1.000000, 1, 7, 0, unknownSpecies, -11.846800, -2.013600, -13.038500, 0.010000, 0.401606, 0.000000, 0.010000, 0.401606, 0.000000
cylinder, 440, 439, -0.317155, 0.298369, -0.451883, -0.273306, 0.315431, -0.386193, 0.029910, 0.000227, 0.001373, 0.080803, 0.688578, 0.688578, 0.688578, ALLOMETRICVESSELVOLUME, 0.022639, 0.018194, 0, 21, 1, 0.000000, 0.003601, 1.327869, 1, 1, 1.000000, 1, 7, 0, unknownSpecies, -11.846800, -2.013600, -13.038500, 0.010000, 0.401606, 0.000000, 0.010000, 0.401606, 0.000000
cylinder, 441, 440, -0.273306, 0.315431, -0.386193, -0.244151, 0.298783, -0.327042, 0.028953, 0.000179, 0.001146, 0.068014, 0.607775, 0.607775, 0.607775, ALLOMETRICVESSELVOLUME, 0.021873, 0.018194, 0, 21, 1, 0.000000, 0.003601, 1.327869, 1, 1, 1.000000, 1, 7, 0, unknownSpecies, -11.846800, -2.013600, -13.038500, 0.010000, 0.401606, 0.000000, 0.010000, 0.401606, 0.000000
cylinder, 442, 441, -0.244151, 0.298783, -0.327042, -0.224047, 0.311982, -0.288585, 0.028071, 0.000112, 0.000966, 0.045358, 0.539760, 0.539760, 0.539760, ALLOMETRICVESSELVOLUME, 0.035852, 0.018194, 0, 21, 1, 0.000000, 0.003601, 1.327869, 1, 1, 1.000000, 1, 7, 0, unknownSpecies, -11.846800, -2.013600, -13.038500, 0.010000, 0.401606, 0.000000, 0.010000, 0.401606, 0.000000
cylinder, 443, 442, -0.224047, 0.311982, -0.288585, -0.152653, 0.286883, -0.215247, 0.027436, 0.000249, 0.000854, 0.105383, 0.494403, 0.494403, 0.494403, ALLOMETRICVESSELVOLUME, 0.032733, 0.018194, 0, 21, 1, 0.000000, 0.003601, 1.327869, 1, 1, 1.000000, 1, 7, 0, unknownSpecies, -11.846800, -2.013600, -13.038500, 0.010000, 0.401606, 0.000000, 0.010000, 0.401606, 0.000000
cylinder, 444, 443, -0.152653, 0.286883, -0.215247, -0.122141, 0.296589, -0.163556, 0.025774, 0.000127, 0.000605, 0.060804, 0.389020, 0.389020, 0.389020, ALLOMETRICVESSELVOLUME, 0.031684, 0.018194, 0, 21, 1, 0.000000, 0.003601, 1.327869, 1, 1, 1.000000, 1, 7, 0, unknownSpecies, -11.846800, -2.013600, -13.038500, 0.010000, 0.401606, 0.000000, 0.010000, 0.401606, 0.000000
cylinder, 445, 444, -0.122141, 0.296589, -0.163556, -0.099718, 0.303534, -0.097547, 0.024658, 0.000134, 0.000478, 0.070058, 0.328216, 0.328216, 0.328216, ALLOMETRICVESSELVOLUME, 0.029374, 0.018194, 0, 21, 1, 0.000000, 0.003601, 1.327869, 1, 1, 1.000000, 1, 7, 0, unknownSpecies, -11.846800, -2.013600, -13.038500, 0.010000, 0.401606, 0.000000, 0.010000, 0.401606, 0.000000
cylinder, 446, 445, -0.099718, 0.303534, -0.097547, -0.059351, 0.305419, -0.022971, 0.023162, 0.000143, 0.000344, 0.084821, 0.258157, 0.258157, 0.258157, ALLOMETRICVESSELVOLUME, 0.037886, 0.018194, 0, 21, 1, 0.000000, 0.003601, 1.327869, 1, 1, 1.000000, 1, 7, 0, unknownSpecies, -11.846800, -2.013600, -13.038500, 0.010000, 0.401606, 0.000000, 0.010000, 0.401606, 0.000000
cylinder, 447, 446, -0.059351, 0.305419, -0.022971, -0.040002, 0.339483, 0.055940, 0.020878, 0.000121, 0.000201, 0.088101, 0.173336, 0.173336, 0.173336, ALLOMETRICVESSELVOLUME, 0.066167, 0.018194, 0, 21, 1, 0.000000, 0.003601, 1.327869, 1, 1, 1.000000, 1, 7, 0, unknownSpecies, -11.846800, -2.013600, -13.038500, 0.010000, 0.401606, 0.000000, 0.010000, 0.401606, 0.000000
cylinder, 448, 447, -0.040002, 0.339483, 0.055940, 0.008336, 0.362302, 0.122332, 0.017352, 0.000081, 0.000081, 0.085236, 0.085236, 0.085236, 0.085236, ALLOMETRICVESSELVOLUME, 0.068873, 0.018194, 0, 21, 1, 0.000000, 0.003601, 1.327869, 1, 1, 1.000000, 1, 7, 0, unknownSpecies, -11.846800, -2.013600, -13.038500, 0.010000, 0.401606, 0.000000, 0.010000, 0.401606, 0.000000
cylinder, 449, 56, -1.231678, 0.540269, -4.209414, -1.221642, 0.722702, -3.998251, 0.095969, 0.008079, 0.252231, 0.279236, 22.677564, 80.821479, 9.443534, SPHEREFOLLOWING, 0.060083, 0.018194, 0, 22, 0, 0.099151, 0.222903, 21.685738, 1, 5, 3.162278, 10, 8, 0, unknownSpecies, -11.846800, -2.013600, -13.038500, 0.010000, 0.401606, 0.000000, 0.010000, 0.401606, 0.000000
cylinder, 450, 449, -1.221642, 0.722702, -3.998251, -1.214925, 0.747953, -3.891571, 0.090817, 0.002846, 0.244152, 0.109834, 22.398329, 78.029122, 9.164298, SPHEREFOLLOWING, 0.007261, 0.018194, 1, 22, 0, 0.099151, 0.222903, 21.685738, 1, 5, 3.162278, 10, 8, 0, unknownSpecies, -11.846800, -2.013600, -13.038500, 0.010000, 0.401606, 0.000000, 0.010000, 0.401606, 0.000000
cylinder, 451, 450, -1.214925, 0.747953, -3.891571, -1.207036, 0.754173, -3.798022, 0.094715, 0.002652, 0.241306, 0.094087, 22.288495, 76.930787, 9.054464, SPHEREFOLLOWING, 0.011842, 0.018194, 1, 22, 0, 0.099151, 0.222903, 21.685738, 1, 5, 3.162278, 10, 8, 0, unknownSpecies, -11.846800, -2.013600, -13.038500, 0.010000, 0.401606, 0.000000, 0.010000, 0.401606, 0.000000
cylinder, 452, 451, -1.207036, 0.754173, -3.798022, -1.189135, 0.760167, -3.691743, 0.092170, 0.002881, 0.238654, 0.107942, 22.194408, 75.989919, 8.960378, SPHEREFOLLOWING, 0.019352, 0.018194, 0, 22, 0, 0.099151, 0.222903, 21.685738, 1, 5, 3.162278, 10, 8, 0, unknownSpecies, -11.846800, -2.013600, -13.038500, 0.010000, 0.401606, 0.000000, 0.010000, 0.401606, 0.000000
cylinder, 453, 452, -1.189135, 0.760167, -3.691743, -1.182937, 0.778549, -3.615943, 0.099151, 0.002417, 0.235773, 0.078243, 22.086466, 74.910499, 8.852436, SPHEREFOLLOWING, 0.022547, 0.018194, 0, 22, 0, 0.099151, 0.222903, 21.685738, 1, 5, 3.162278, 10, 8, 0, unknownSpecies, -11.846800, -2.013600, -13.038500, 0.010000, 0.401606, 0.000000, 0.010000, 0.401606, 0.000000
cylinder, 454, 453, -1.182937, 0.778549, -3.615943, -1.162521, 0.796489, -3.515907, 0.100960, 0.003320, 0.233357, 0.103662, 22.008223, 74.128065, 8.774192, SPHEREFOLLOWING, 0.008907, 0.018194, 1, 22, 0, 0.099151, 0.222903, 21.685738, 1, 5, 3.162278, 10, 8, 0, unknownSpecies, -11.846800, -2.013600, -13.038500, 0.010000, 0.401606, 0.000000, 0.010000, 0.401606, 0.000000
cylinder, 455, 454, -1.162521, 0.796489, -3.515907, -1.149713, 0.810867, -3.436886, 0.110436, 0.003116, 0.230037, 0.081334, 21.904561, 73.091442, 8.670530, SPHEREFOLLOWING, 0.007895, 0.018194, 1, 22, 0, 0.099151, 0.222903, 21.685738, 1, 5, 3.162278, 10, 8, 0, unknownSpecies, -11.846800, -2.013600, -13.038500, 0.010000, 0.401606, 0.000000, 0.010000, 0.401606, 0.000000
cylinder, 456, 455, -1.149713, 0.810867, -3.436886, -1.118877, 0.859430, -3.312010, 0.096451, 0.004018, 0.226921, 0.137489, 21.823227, 72.278107, 8.589196, SPHEREFOLLOWING, 0.039454, 0.018194, 0, 22, 0, 0.099151, 0.222903, 21.685738, 1, 5, 3.162278, 10, 8, 0, unknownSpecies, -11.846800, -2.013600, -13.038500, 0.010000, 0.401606, 0.000000, 0.010000, 0.401606, 0.000000
cylinder, 457, 456, -1.118877, 0.859430, -3.312010, -1.086685, 0.881453, -3.210650, 0.096578, 0.003182, 0.222903, 0.108605, 21.685738, 70.903219, 8.451708, SPHEREFOLLOWING, 0.006982, 0.018194, 1, 22, 0, 0.099151, 0.222903, 21.685738, 1, 5, 3.162278, 10, 8, 0, unknownSpecies, -11.846800, -2.013600, -13.038500, 0.010000, 0.401606, 0.000000, 0.010000, 0.401606, 0.000000
cylinder, 458, 457, -1.086685, 0.881453, -3.210650, -1.073184, 0.897613, -3.115343, 0.092906, 0.002647, 0.219721, 0.097606, 21.577133, 69.817169, 8.343103, SPHEREFOLLOWING, 0.007651, 0.018194, 1, 22, 0, 0.099151, 0.222903, 21.685738, 1, 5, 3.162278, 10, 8, 0, unknownSpecies, -11.846800, -2.013600, -13.038500, 0.010000, 0.401606, 0.000000, 0.010000, 0.401606, 0.000000
cylinder, 459, 458, -1.073184, 0.897613, -3.115343, -1.063191, 0.909805, -3.015448, 0.103114, 0.003378, 0.217074, 0.101131, 21.479528, 68.841110, 8.245497, SPHEREFOLLOWING, 0.014242, 0.018194, 1, 22, 0, 0.099151, 0.222903, 21.685738, 1, 5, 3.162278, 10, 8, 0, unknownSpecies, -11.846800, -2.013600, -13.038500, 0.010000, 0.401606, 0.000000, 0.010000, 0.401606, 0.000000
cylinder, 460, 459, -1.063191, 0.909805, -3.015448, -1.037174, 0.914647, -2.935151, 0.111861, 0.003324, 0.213696, 0.084546, 21.378396, 67.829796, 8.144365, SPHEREFOLLOWING, 0.015339, 0.018194, 1, 22, 0, 0.099151, 0.222903, 21.685738, 1, 5, 3.162278, 10, 8, 0, unknownSpecies, -11.846800, -2.013600, -13.038500, 0.010000, 0.401606, 0.000000, 0.010000, 0.401606, 0.000000
cylinder, 461, 460, -1.037174, 0.914647, -2.935151, -1.017162, 0.943963, -2.809216, 0.121932, 0.006111, 0.210372, 0.130841, 21.293851, 66.984340, 8.059820, SPHEREFOLLOWING, 0.017759, 0.018194, 1, 22, 0, 0.099151, 0.222903, 21.685738, 1, 5, 3.162278, 10, 8, 0, unknownSpecies, -11.846800, -2.013600, -13.038500, 0.010000, 0.401606, 0.000000, 0.010000, 0.401606, 0.000000
cylinder, 462, 461, -1.017162, 0.943963, -2.809216, -0.992696, 0.937256, -2.730428, 0.122755, 0.003918, 0.204261, 0.082771, 21.163009, 65.675926, 7.928978, SPHEREFOLLOWING, 0.016690, 0.018194, 1, 22, 0, 0.099151, 0.222903, 21.685738, 1, 5, 3.162278, 10, 8, 0, unknownSpecies, -11.846800, -2.013600, -13.038500, 0.010000, 0.401606, 0.000000, 0.010000, 0.401606, 0.000000
cylinder, 463, 462, -0.992696, 0.937256, -2.730428, -0.989331, 0.968394, -2.642799, 0.121932, 0.004346, 0.200343, 0.093057, 21.080238, 64.848215, 7.846207, MEDIAN, 0.017608, 0.018194, 0, 22, 0, 0.099151, 0.222903, 21.685738, 1, 5, 3.162278, 10, 8, 0, unknownSpecies, -11.846800, -2.013600, -13.038500, 0.010000, 0.401606, 0.000000, 0.010000, 0.401606, 0.000000
cylinder, 464, 463, -0.989331, 0.968394, -2.642799, -0.949358, 0.992019, -2.572262, 0.121932, 0.003944, 0.195996, 0.084449, 20.987181, 63.917640, 7.753150, MEDIAN, 0.023638, 0.018194, 0, 22, 0, 0.099151, 0.222903, 21.685738, 1, 5, 3.162278, 10, 8, 0, unknownSpecies, -11.846800, -2.013600, -13.038500, 0.010000, 0.401606, 0.000000, 0.010000, 0.401606, 0.000000
cylinder, 465, 464, -0.949358, 0.992019, -2.572262, -1.034153, 1.024904, -2.362470, 0.098765, 0.007007, 0.107497, 0.228657, 10.948476, 35.601126, 7.668701, SPHEREFOLLOWING, 0.025564, 0.018194, 0, 23, 22, 0.073141, 0.059277, 8.514577, 1, 4, 2.449490, 6, 8, 0, unknownSpecies, -11.846800, -2.013600, -13.038500, 0.010000, 0.401606, 0.000000, 0.010000, 0.401606, 0.000000
cylinder, 466, 465, -1.034153, 1.024904, -2.362470, -1.027870, 1.045572, -2.271976, 0.095838, 0.002685, 0.100490, 0.093036, 10.719819, 34.229182, 7.440044, SPHEREFOLLOWING, 0.007818, 0.018194, 1, 23, 22, 0.073141, 0.059277, 8.514577, 1, 4, 2.449490, 6, 8, 0, unknownSpecies, -11.846800, -2.013600, -13.038500, 0.010000, 0.401606, 0.000000, 0.010000, 0.401606, 0.000000
cylinder, 467, 466, -1.027870, 1.045572, -2.271976, -1.029989, 1.054078, -2.160912, 0.087125, 0.002657, 0.097805, 0.111410, 10.626783, 33.670965, 7.347008, SPHEREFOLLOWING, 0.012691, 0.018194, 1, 23, 22, 0.073141, 0.059277, 8.514577, 1, 4, 2.449490, 6, 8, 0, unknownSpecies, -11.846800, -2.013600, -13.038500, 0.010000, 0.401606, 0.000000, 0.010000, 0.401606, 0.000000
cylinder, 468, 467, -1.029989, 1.054078, -2.160912, -1.025851, 1.099576, -2.043461, 0.078451, 0.002437, 0.095148, 0.126023, 10.515372, 33.002504, 7.235597, SPHEREFOLLOWING, 0.012805, 0.018194, 1, 23, 22, 0.073141, 0.059277, 8.514577, 1, 4, 2.449490, 6, 8, 0, unknownSpecies, -11.846800, -2.013600, -13.038500, 0.010000, 0.401606, 0.000000, 0.010000, 0.401606, 0.000000
cylinder, 469, 468, -1.025851, 1.099576, -2.043461, -1.024619, 1.090084, -1.968890, 0.078774, 0.001466, 0.092712, 0.075183, 10.389349, 32.246364, 7.109574, SPHEREFOLLOWING, 0.011625, 0.018194, 1, 23, 22, 0.073141, 0.059277, 8.514577, 1, 4, 2.449490, 6, 8, 0, unknownSpecies, -11.846800, -2.013600, -13.038500, 0.010000, 0.401606, 0.000000, 0.010000, 0.401606, 0.000000
cylinder, 470, 469, -1.024619, 1.090084, -1.968890, -1.016930, 1.105417, -1.884466, 0.088184, 0.002105, 0.091246, 0.086149, 10.314166, 31.795266, 7.034391, SPHEREFOLLOWING, 0.013949, 0.018194, 1, 23, 22, 0.073141, 0.059277, 8.514577, 1, 4, 2.449490, 6, 8, 0, unknownSpecies, -11.846800, -2.013600, -13.038500, 0.010000, 0.401606, 0.000000, 0.010000, 0.401606, 0.000000
cylinder, 471, 470, -1.016930, 1.105417, -1.884466, -0.985773, 1.144029, -1.791054, 0.061198, 0.001244, 0.089141, 0.105771, 10.228017, 31.278374, 6.948242, SPHEREFOLLOWING, 0.019503, 0.018194, 0, 23, 22, 0.073141, 0.059277, 8.514577, 1, 4, 2.449490, 6, 8, 0, unknownSpecies, -11.846800, -2.013600, -13.038500, 0.010000, 0.401606, 0.000000, 0.010000, 0.401606, 0.000000
cylinder, 472, 471, -0.985773, 1.144029, -1.791054, -0.984140, 1.167538, -1.704753, 0.063183, 0.001122, 0.087897, 0.089460, 10.122246, 30.643749, 6.842472, SPHEREFOLLOWING, 0.013357, 0.018194, 1, 23, 22, 0.073141, 0.059277, 8.514577, 1, 4, 2.449490, 6, 8, 0, unknownSpecies, -11.846800, -2.013600, -13.038500, 0.010000, 0.401606, 0.000000, 0.010000, 0.401606, 0.000000
cylinder, 473, 472, -0.984140, 1.167538, -1.704753, -0.979919, 1.177758, -1.625898, 0.066723, 0.001114, 0.086775, 0.079627, 10.032787, 30.106990, 6.753012, SPHEREFOLLOWING, 0.013892, 0.018194, 1, 23, 22, 0.073141, 0.059277, 8.514577, 1, 4, 2.449490, 6, 8, 0, unknownSpecies, -11.846800, -2.013600, -13.038500, 0.010000, 0.401606, 0.000000, 0.010000, 0.401606, 0.000000
cylinder, 474, 473, -0.979919, 1.177758, -1.625898, -0.969567, 1.190962, -1.546877, 0.066826, 0.001133, 0.085661, 0.080783, 9.953160, 29.629229, 6.673385, SPHEREFOLLOWING, 0.013261, 0.018194, 1, 23, 22, 0.073141, 0.059277, 8.514577, 1, 4, 2.449490, 6, 8, 0, unknownSpecies, -11.846800, -2.013600, -13.038500, 0.010000, 0.401606, 0.000000, 0.010000, 0.401606, 0.000000
cylinder, 475, 474, -0.969567, 1.190962, -1.546877, -0.967647, 1.208630, -1.455148, 0.067784, 0.001349, 0.084528, 0.093435, 9.872377, 29.144532, 6.592602, SPHEREFOLLOWING, 0.008947, 0.018194, 1, 23, 22, 0.073141, 0.059277, 8.514577, 1, 4, 2.449490, 6, 8, 0, unknownSpecies, -11.846800, -2.013600, -13.038500, 0.010000, 0.401606, 0.000000, 0.010000, 0.401606, 0.000000
cylinder, 476, 475, -0.967647, 1.208630, -1.455148, -0.955988, 1.225376, -1.367684, 0.067001, 0.001267, 0.083179, 0.089813, 9.778942, 28.583925, 6.499168, SPHEREFOLLOWING, 0.008387, 0.018194, 1, 23, 22, 0.073141, 0.059277, 8.514577, 1, 4, 2.449490, 6, 8, 0, unknownSpecies, -11.846800, -2.013600, -13.038500, 0.010000, 0.401606, 0.000000, 0.010000, 0.401606, 0.000000
cylinder, 477, 476, -0.955988, 1.225376, -1.367684, -0.947676, 1.243881, -1.282627, 0.070615, 0.001370, 0.081913, 0.087442, 9.689129, 28.045047, 6.409355, SPHEREFOLLOWING, 0.010067, 0.018194, 1, 23, 22, 0.073141, 0.059277, 8.514577, 1, 4, 2.449490, 6, 8, 0, unknownSpecies, -11.846800, -2.013600, -13.038500, 0.010000, 0.401606, 0.000000, 0.010000, 0.401606, 0.000000
cylinder, 478, 477, -0.947676, 1.243881, -1.282627, -0.938111, 1.259090, -1.189734, 0.071561, 0.001522, 0.080543, 0.094615, 9.601687, 27.520393, 6.321912, SPHEREFOLLOWING, 0.012046, 0.018194, 1, 23, 22, 0.073141, 0.059277, 8.514577, 1, 4, 2.449490, 6, 8, 0, unknownSpecies, -11.846800, -2.013600, -13.038500, 0.010000, 0.401606, 0.000000, 0.010000, 0.401606, 0.000000
cylinder, 479, 478, -0.938111, 1.259090, -1.189734, -0.920444, 1.265704, -1.117615, 0.070818, 0.001174, 0.079021, 0.074545, 9.507072, 26.952702, 6.227297, SPHEREFOLLOWING, 0.007790, 0.018194, 1, 23, 22, 0.073141, 0.059277, 8.514577, 1, 4, 2.449490, 6, 8, 0, unknownSpecies, -11.846800, -2.013600, -13.038500, 0.010000, 0.401606, 0.000000, 0.010000, 0.401606, 0.000000
cylinder, 480, 479, -0.920444, 1.265704, -1.117615, -0.899332, 1.282352, -1.023236, 0.073141, 0.001649, 0.077846, 0.098133, 9.432527, 26.505430, 6.152752, SPHEREFOLLOWING, 0.012276, 0.018194, 1, 23, 22, 0.073141, 0.059277, 8.514577, 1, 4, 2.449490, 6, 8, 0, unknownSpecies, -11.846800, -2.013600, -13.038500, 0.010000, 0.401606, 0.000000, 0.010000, 0.401606, 0.000000
cylinder, 481, 480, -0.899332, 1.282352, -1.023236, -0.876823, 1.302503, -0.936854, 0.075932, 0.001658, 0.076197, 0.091513, 9.334393, 25.916631, 6.054619, SPHEREFOLLOWING, 0.009442, 0.018194, 1, 23, 22, 0.073141, 0.059277, 8.514577, 1, 4, 2.449490, 6, 8, 0, unknownSpecies, -11.846800, -2.013600, -13.038500, 0.010000, 0.401606, 0.000000, 0.010000, 0.401606, 0.000000
cylinder, 482, 481, -0.876823, 1.302503, -0.936854, -0.864255, 1.327491, -0.848025, 0.079017, 0.001827, 0.074539, 0.093128, 9.242880, 25.367551, 5.963105, SPHEREFOLLOWING, 0.010252, 0.018194, 1, 23, 22, 0.073141, 0.059277, 8.514577, 1, 4, 2.449490, 6, 8, 0, unknownSpecies, -11.846800, -2.013600, -13.038500, 0.010000, 0.401606, 0.000000, 0.010000, 0.401606, 0.000000
cylinder, 483, 482, -0.864255, 1.327491, -0.848025, -0.838612, 1.335147, -0.776446, 0.088185, 0.001867, 0.072713, 0.076418, 9.149752, 24.808782, 5.869977, SPHEREFOLLOWING, 0.009999, 0.018194, 1, 23, 22, 0.073141, 0.059277, 8.514577, 1, 4, 2.449490, 6, 8, 0, unknownSpecies, -11.846800, -2.013600, -13.038500, 0.010000, 0.401606, 0.000000, 0.010000, 0.401606, 0.000000
cylinder, 484, 483, -0.838612, 1.335147, -0.776446, -0.824621, 1.359835, -0.708045, 0.092606, 0.001995, 0.070846, 0.074054, 9.073334, 24.350272, 5.793559, SPHEREFOLLOWING, 0.010124, 0.018194, 1, 23, 22, 0.073141, 0.059277, 8.514577, 1, 4, 2.449490, 6, 8, 0, unknownSpecies, -11.846800, -2.013600, -13.038500, 0.010000, 0.401606, 0.000000, 0.010000, 0.401606, 0.000000
cylinder, 485, 484, -0.824621, 1.359835, -0.708045, -0.806513, 1.364105, -0.615181, 0.081707, 0.001986, 0.068850, 0.094709, 8.999280, 23.905948, 5.719505, SPHEREFOLLOWING, 0.009823, 0.018194, 1, 23, 22, 0.073141, 0.059277, 8.514577, 1, 4, 2.449490, 6, 8, 0, unknownSpecies, -11.846800, -2.013600, -13.038500, 0.010000, 0.401606, 0.000000, 0.010000, 0.401606, 0.000000
cylinder, 486, 485, -0.806513, 1.364105, -0.615181, -0.785143, 1.363566, -0.513082, 0.080463, 0.002122, 0.066864, 0.104313, 8.904571, 23.337693, 5.624796, SPHEREFOLLOWING, 0.013002, 0.018194, 1, 23, 22, 0.073141, 0.059277, 8.514577, 1, 4, 2.449490, 6, 8, 0, unknownSpecies, -11.846800, -2.013600, -13.038500, 0.010000, 0.401606, 0.000000, 0.010000, 0.401606, 0.000000
cylinder, 487, 486, -0.785143, 1.363566, -0.513082, -0.776244, 1.384491, -0.444512, 0.081036, 0.001490, 0.064742, 0.072242, 8.800258, 22.711818, 5.520483, SPHEREFOLLOWING, 0.011664, 0.018194, 1, 23, 22, 0.073141, 0.059277, 8.514577, 1, 4, 2.449490, 6, 8, 0, unknownSpecies, -11.846800, -2.013600, -13.038500, 0.010000, 0.401606, 0.000000, 0.010000, 0.401606, 0.000000
cylinder, 488, 487, -0.776244, 1.384491, -0.444512, -0.745907, 1.402592, -0.334962, 0.074240, 0.001993, 0.063252, 0.115105, 8.728016, 22.278364, 5.448241, SPHEREFOLLOWING, 0.009094, 0.018194, 1, 23, 22, 0.073141, 0.059277, 8.514577, 1, 4, 2.449490, 6, 8, 0, unknownSpecies, -11.846800, -2.013600, -13.038500, 0.010000, 0.401606, 0.000000, 0.010000, 0.401606, 0.000000
cylinder, 489, 488, -0.745907, 1.402592, -0.334962, -0.728161, 1.413618, -0.238873, 0.080097, 0.001982, 0.061259, 0.098334, 8.612911, 21.587734, 5.333136, SPHEREFOLLOWING, 0.011808, 0.018194, 1, 23, 22, 0.073141, 0.059277, 8.514577, 1, 4, 2.449490, 6, 8, 0, unknownSpecies, -11.846800, -2.013600, -13.038500, 0.010000, 0.401606, 0.000000, 0.010000, 0.401606, 0.000000
cylinder, 490, 489, -0.728161, 1.413618, -0.238873, -0.700217, 1.431693, -0.140306, 0.072857, 0.001735, 0.059277, 0.104033, 8.514577, 20.997729, 5.234802, SPHEREFOLLOWING, 0.007060, 0.018194, 1, 23, 22, 0.073141, 0.059277, 8.514577, 1, 4, 2.449490, 6, 8, 0, unknownSpecies, -11.846800, -2.013600, -13.038500, 0.010000, 0.401606, 0.000000, 0.010000, 0.401606, 0.000000
cylinder, 491, 490, -0.700217, 1.431693, -0.140306, -0.676005, 1.439666, -0.056785, 0.072982, 0.001461, 0.057542, 0.087324, 8.410543, 20.373530, 5.130768, SPHEREFOLLOWING, 0.010975, 0.018194, 1, 23, 22, 0.073141, 0.059277, 8.514577, 1, 4, 2.449490, 6, 8, 0, unknownSpecies, -11.846800, -2.013600, -13.038500, 0.010000, 0.401606, 0.000000, 0.010000, 0.401606, 0.000000
cylinder, 492, 491, -0.676005, 1.439666, -0.056785, -0.650662, 1.437056, 0.034861, 0.073776, 0.001626, 0.056081, 0.095121, 8.323219, 19.849583, 5.043444, SPHEREFOLLOWING, 0.009795, 0.018194, 1, 23, 22, 0.073141, 0.059277, 8.514577, 1, 4, 2.449490, 6, 8, 0, unknownSpecies, -11.846800, -2.013600, -13.038500, 0.010000, 0.401606, 0.000000, 0.010000, 0.401606, 0.000000
cylinder, 493, 492, -0.650662, 1.437056, 0.034861, -0.633955, 1.461054, 0.118125, 0.072242, 0.001447, 0.054454, 0.088250, 8.228097, 19.278855, 4.948323, SPHEREFOLLOWING, 0.008627, 0.018194, 1, 23, 22, 0.073141, 0.059277, 8.514577, 1, 4, 2.449490, 6, 8, 0, unknownSpecies, -11.846800, -2.013600, -13.038500, 0.010000, 0.401606, 0.000000, 0.010000, 0.401606, 0.000000
cylinder, 494, 493, -0.633955, 1.461054, 0.118125, -0.613030, 1.474631, 0.202241, 0.070790, 0.001381, 0.053008, 0.087736, 8.139848, 18.749357, 4.860073, SPHEREFOLLOWING, 0.009661, 0.018194, 1, 23, 22, 0.073141, 0.059277, 8.514577, 1, 4, 2.449490, 6, 8, 0, unknownSpecies, -11.846800, -2.013600, -13.038500, 0.010000, 0.401606, 0.000000, 0.010000, 0.401606, 0.000000
cylinder, 495, 494, -0.613030, 1.474631, 0.202241, -0.591948, 1.497277, 0.295096, 0.073365, 0.001655, 0.051626, 0.097874, 8.052111, 18.222939, 4.772337, SPHEREFOLLOWING, 0.009253, 0.018194, 1, 23, 22, 0.073141, 0.059277, 8.514577, 1, 4, 2.449490, 6, 8, 0, unknownSpecies, -11.846800, -2.013600, -13.038500, 0.010000, 0.401606, 0.000000, 0.010000, 0.401606, 0.000000
cylinder, 496, 495, -0.591948, 1.497277, 0.295096, -0.578765, 1.505072, 0.384905, 0.076603, 0.001680, 0.049971, 0.091106, 7.954238, 17.635697, 4.674463, SPHEREFOLLOWING, 0.011625, 0.018194, 1, 23, 22, 0.073141, 0.059277, 8.514577, 1, 4, 2.449490, 6, 8, 0, unknownSpecies, -11.846800, -2.013600, -13.038500, 0.010000, 0.401606, 0.000000, 0.010000, 0.401606, 0.000000
cylinder, 497, 496, -0.578765, 1.505072, 0.384905, -0.558203, 1.515785, 0.473701, 0.075756, 0.001655, 0.048292, 0.091773, 7.863132, 17.089063, 4.583357, SPHEREFOLLOWING, 0.013887, 0.018194, 1, 23, 22, 0.073141, 0.059277, 8.514577, 1, 4, 2.449490, 6, 8, 0, unknownSpecies, -11.846800, -2.013600, -13.038500, 0.010000, 0.401606, 0.000000, 0.010000, 0.401606, 0.000000
cylinder, 498, 497, -0.558203, 1.515785, 0.473701, -0.527461, 1.531761, 0.556592, 0.069421, 0.001360, 0.046637, 0.089841, 7.771360, 16.538427, 4.491585, SPHEREFOLLOWING, 0.011272, 0.018194, 1, 23, 22, 0.073141, 0.059277, 8.514577, 1, 4, 2.449490, 6, 8, 0, unknownSpecies, -11.846800, -2.013600, -13.038500, 0.010000, 0.401606, 0.000000, 0.010000, 0.401606, 0.000000
cylinder, 499, 498, -0.527461, 1.531761, 0.556592, -0.516357, 1.540413, 0.618350, 0.071796, 0.001026, 0.045277, 0.063342, 7.681519, 15.999382, 4.401744, SPHEREFOLLOWING, 0.012822, 0.018194, 1, 23, 22, 0.073141, 0.059277, 8.514577, 1, 4, 2.449490, 6, 8, 0, unknownSpecies, -11.846800, -2.013600, -13.038500, 0.010000, 0.401606, 0.000000, 0.010000, 0.401606, 0.000000
cylinder, 500, 499, -0.516357, 1.540413, 0.618350, -0.487091, 1.569094, 0.716159, 0.061521, 0.001261, 0.044251, 0.106046, 7.618177, 15.619332, 4.338402, SPHEREFOLLOWING, 0.009737, 0.018194, 1, 23, 22, 0.073141, 0.059277, 8.514577, 1, 4, 2.449490, 6, 8, 0, unknownSpecies, -11.846800, -2.013600, -13.038500, 0.010000, 0.401606, 0.000000, 0.010000, 0.401606, 0.000000
cylinder, 501, 500, -0.487091, 1.569094, 0.716159, -0.475835, 1.578406, 0.800321, 0.064937, 0.001132, 0.042990, 0.085421, 7.512131, 14.983058, 4.232356, SPHEREFOLLOWING, 0.010072, 0.018194, 1, 23, 22, 0.073141, 0.059277, 8.514577, 1, 4, 2.449490, 6, 8, 0, unknownSpecies, -11.846800, -2.013600, -13.038500, 0.010000, 0.401606, 0.000000, 0.010000, 0.401606, 0.000000
cylinder, 502, 501, -0.475835, 1.578406, 0.800321, -0.465519, 1.583549, 0.882254, 0.065184, 0.001104, 0.041859, 0.082740, 7.426711, 14.470533, 4.146936, SPHEREFOLLOWING, 0.008916, 0.018194, 1, 23, 22, 0.073141, 0.059277, 8.514577, 1, 4, 2.449490, 6, 8, 0, unknownSpecies, -11.846800, -2.013600, -13.038500, 0.010000, 0.401606, 0.000000, 0.010000, 0.401606, 0.000000
cylinder, 503, 502, -0.465519, 1.583549, 0.882254, -0.451119, 1.589989, 0.975476, 0.061421, 0.001121, 0.040754, 0.094547, 7.343971, 13.974095, 4.064196, SPHEREFOLLOWING, 0.004646, 0.018194, 1, 23, 22, 0.073141, 0.059277, 8.514577, 1, 4, 2.449490, 6, 8, 0, unknownSpecies, -11.846800, -2.013600, -13.038500, 0.010000, 0.401606, 0.000000, 0.010000, 0.401606, 0.000000
cylinder, 504, 503, -0.451119, 1.589989, 0.975476, -0.443627, 1.602670, 1.045224, 0.060174, 0.000811, 0.039634, 0.071287, 7.249424, 13.406814, 3.969649, SPHEREFOLLOWING, 0.006462, 0.018194, 1, 23, 22, 0.073141, 0.059277, 8.514577, 1, 4, 2.449490, 6, 8, 0, unknownSpecies, -11.846800, -2.013600, -13.038500, 0.010000, 0.401606, 0.000000, 0.010000, 0.401606, 0.000000
cylinder, 505, 504, -0.443627, 1.602670, 1.045224, -0.435377, 1.618044, 1.127510, 0.059578, 0.000938, 0.038823, 0.084115, 7.178137, 12.979094, 3.898362, SPHEREFOLLOWING, 0.007093, 0.018194, 1, 23, 22, 0.073141, 0.059277, 8.514577, 1, 4, 2.449490, 6, 8, 0, unknownSpecies, -11.846800, -2.013600, -13.038500, 0.010000, 0.401606, 0.000000, 0.010000, 0.401606, 0.000000
cylinder, 506, 505, -0.435377, 1.618044, 1.127510, -0.419042, 1.622364, 1.186911, 0.070676, 0.000969, 0.037885, 0.061757, 7.094022, 12.474403, 3.814247, SPHEREFOLLOWING, 0.011232, 0.018194, 1, 23, 22, 0.073141, 0.059277, 8.514577, 1, 4, 2.449490, 6, 8, 0, unknownSpecies, -11.846800, -2.013600, -13.038500, 0.010000, 0.401606, 0.000000, 0.010000, 0.401606, 0.000000
cylinder, 507, 506, -0.419042, 1.622364, 1.186911, -0.408438, 1.640697, 1.263246, 0.077210, 0.001484, 0.036916, 0.079219, 7.032265, 12.103858, 3.752490, SPHEREFOLLOWING, 0.013171, 0.018194, 1, 23, 22, 0.073141, 0.059277, 8.514577, 1, 4, 2.449490, 6, 8, 0, unknownSpecies, -11.846800, -2.013600, -13.038500, 0.010000, 0.401606, 0.000000, 0.010000, 0.401606, 0.000000
cylinder, 508, 507, -0.408438, 1.640697, 1.263246, -0.373876, 1.658637, 1.349466, 0.078779, 0.001845, 0.035432, 0.094606, 6.953046, 11.628547, 3.673271, SPHEREFOLLOWING, 0.014830, 0.018194, 1, 23, 22, 0.073141, 0.059277, 8.514577, 1, 4, 2.449490, 6, 8, 0, unknownSpecies, -11.846800, -2.013600, -13.038500, 0.010000, 0.401606, 0.000000, 0.010000, 0.401606, 0.000000
cylinder, 509, 508, -0.373876, 1.658637, 1.349466, -0.371530, 1.657910, 1.414081, 0.061671, 0.000773, 0.033587, 0.064662, 6.858440, 11.060911, 3.578665, ALLOMETRICVESSELVOLUME, 0.016568, 0.018194, 1, 23, 22, 0.073141, 0.059277, 8.514577, 1, 4, 2.449490, 6, 8, 0, unknownSpecies, -11.846800, -2.013600, -13.038500, 0.010000, 0.401606, 0.000000, 0.010000, 0.401606, 0.000000
cylinder, 510, 509, -0.371530, 1.657910, 1.414081, -0.363950, 1.686961, 1.461751, 0.061099, 0.000661, 0.032815, 0.056337, 6.793778, 10.672940, 3.514003, ALLOMETRICVESSELVOLUME, 0.023322, 0.018194, 0, 23, 22, 0.073141, 0.059277, 8.514577, 1, 4, 2.449490, 6, 8, 0, unknownSpecies, -11.846800, -2.013600, -13.038500, 0.010000, 0.401606, 0.000000, 0.010000, 0.401606, 0.000000
cylinder, 511, 510, -0.363950, 1.686961, 1.461751, -0.334700, 1.681020, 1.558823, 0.060589, 0.001171, 0.032154, 0.101557, 6.737442, 10.334919, 3.457667, ALLOMETRICVESSELVOLUME, 0.027617, 0.018194, 0, 23, 22, 0.073141, 0.059277, 8.514577, 1, 4, 2.449490, 6, 8, 0, unknownSpecies, -11.846800, -2.013600, -13.038500, 0.010000, 0.401606, 0.000000, 0.010000, 0.401606, 0.000000
cylinder, 512, 511, -0.334700, 1.681020, 1.558823, -0.351153, 1.650865, 1.601777, 0.059637, 0.000615, 0.030983, 0.055000, 6.635885, 9.725577, 3.356110, ALLOMETRICVESSELVOLUME, 0.027630, 0.018194, 0, 23, 22, 0.073141, 0.059277, 8.514577, 1, 4, 2.449490, 6, 8, 0, unknownSpecies, -11.846800, -2.013600, -13.038500, 0.010000, 0.401606, 0.000000, 0.010000, 0.401606, 0.000000
cylinder, 513, 512, -0.351153, 1.650865, 1.601777, -0.339995, 1.685773, 1.720137, 0.059103, 0.001360, 0.030368, 0.123904, 6.580884, 9.395576, 3.301109, ALLOMETRICVESSELVOLUME, 0.020495, 0.018194, 0, 23, 22, 0.073141, 0.059277, 8.514577, 1, 4, 2.449490, 6, 8, 0, unknownSpecies, -11.846800, -2.013600, -13.038500, 0.010000, 0.401606, 0.000000, 0.010000, 0.401606, 0.000000
cylinder, 514, 513, -0.339995, 1.685773, 1.720137, -0.289715, 1.667051, 1.775945, 0.057847, 0.000814, 0.029009, 0.077416, 6.456981, 8.652153, 3.177206, ALLOMETRICVESSELVOLUME, 0.020305, 0.018194, 0, 23, 22, 0.073141, 0.059277, 8.514577, 1, 4, 2.449490, 6, 8, 0, unknownSpecies, -11.846800, -2.013600, -13.038500, 0.010000, 0.401606, 0.000000, 0.010000, 0.401606, 0.000000
cylinder, 515, 514, -0.289715, 1.667051, 1.775945, -0.374890, 1.771330, 1.984011, 0.053276, 0.002210, 0.018619, 0.247831, 3.458787, 4.520905, 3.099790, SPHEREFOLLOWING, 0.056635, 0.018194, 0, 24, 23, 0.053276, 0.014061, 2.863573, 1, 2, 1.414214, 2, 8, 0, unknownSpecies, -11.846800, -2.013600, -13.038500, 0.010000, 0.401606, 0.000000, 0.010000, 0.401606, 0.000000
cylinder, 516, 515, -0.374890, 1.771330, 1.984011, -0.409969, 1.782276, 2.067182, 0.046377, 0.000614, 0.016409, 0.090927, 3.210956, 4.025243, 2.851958, MEDIAN, 0.015377, 0.018194, 0, 24, 23, 0.053276, 0.014061, 2.863573, 1, 2, 1.414214, 2, 8, 0, unknownSpecies, -11.846800, -2.013600, -13.038500, 0.010000, 0.401606, 0.000000, 0.010000, 0.401606, 0.000000
cylinder, 517, 516, -0.409969, 1.782276, 2.067182, -0.406405, 1.785180, 2.139290, 0.046377, 0.000488, 0.015794, 0.072255, 3.120029, 3.843388, 2.761031, MEDIAN, 0.018892, 0.018194, 0, 24, 23, 0.053276, 0.014061, 2.863573, 1, 2, 1.414214, 2, 8, 0, unknownSpecies, -11.846800, -2.013600, -13.038500, 0.010000, 0.401606, 0.000000, 0.010000, 0.401606, 0.000000
cylinder, 518, 517, -0.406405, 1.785180, 2.139290, -0.410031, 1.794713, 2.207230, 0.046377, 0.000464, 0.015306, 0.068701, 3.047774, 3.698878, 2.688776, MEDIAN, 0.016226, 0.018194, 0, 24, 23, 0.053276, 0.014061, 2.863573, 1, 2, 1.414214, 2, 8, 0, unknownSpecies, -11.846800, -2.013600, -13.038500, 0.010000, 0.401606, 0.000000, 0.010000, 0.401606, 0.000000
cylinder, 519, 518, -0.410031, 1.794713, 2.207230, -0.402286, 1.795152, 2.253550, 0.046377, 0.000317, 0.014842, 0.046965, 2.979073, 3.561476, 2.620075, SPHEREFOLLOWING, 0.014354, 0.018194, 1, 24, 23, 0.053276, 0.014061, 2.863573, 1, 2, 1.414214, 2, 8, 0, unknownSpecies, -11.846800, -2.013600, -13.038500, 0.010000, 0.401606, 0.000000, 0.010000, 0.401606, 0.000000
cylinder, 520, 519, -0.402286, 1.795152, 2.253550, -0.390858, 1.813112, 2.318694, 0.046377, 0.000463, 0.014524, 0.068534, 2.932108, 3.467546, 2.573110, MEDIAN, 0.013643, 0.018194, 0, 24, 23, 0.053276, 0.014061, 2.863573, 1, 2, 1.414214, 2, 8, 0, unknownSpecies, -11.846800, -2.013600, -13.038500, 0.010000, 0.401606, 0.000000, 0.010000, 0.401606, 0.000000
cylinder, 521, 520, -0.390858, 1.813112, 2.318694, -0.372287, 1.840356, 2.396966, 0.041141, 0.000452, 0.014061, 0.084932, 2.863573, 3.330477, 2.504576, SPHEREFOLLOWING, 0.010658, 0.018194, 1, 24, 23, 0.053276, 0.014061, 2.863573, 1, 2, 1.414214, 2, 8, 0, unknownSpecies, -11.846800, -2.013600, -13.038500, 0.010000, 0.401606, 0.000000, 0.010000, 0.401606, 0.000000
cylinder, 522, 521, -0.372287, 1.840356, 2.396966, -0.377122, 1.853179, 2.455652, 0.046377, 0.000407, 0.013610, 0.060265, 2.778641, 3.160613, 2.419644, MEDIAN, 0.035007, 0.018194, 0, 24, 23, 0.053276, 0.014061, 2.863573, 1, 2, 1.414214, 2, 8, 0, unknownSpecies, -11.846800, -2.013600, -13.038500, 0.010000, 0.401606, 0.000000, 0.010000, 0.401606, 0.000000
cylinder, 523, 522, -0.377122, 1.853179, 2.455652, -0.398376, 1.852003, 2.477664, 0.046377, 0.000207, 0.013203, 0.030621, 2.718376, 3.040083, 2.359379, MEDIAN, 0.019888, 0.018194, 0, 24, 23, 0.053276, 0.014061, 2.863573, 1, 2, 1.414214, 2, 8, 0, unknownSpecies, -11.846800, -2.013600, -13.038500, 0.010000, 0.401606, 0.000000, 0.010000, 0.401606, 0.000000
cylinder, 524, 523, -0.398376, 1.852003, 2.477664, -0.376110, 1.867090, 2.574071, 0.046377, 0.000676, 0.012996, 0.100089, 2.687755, 2.978841, 2.328758, MEDIAN, 0.020904, 0.018194, 0, 24, 23, 0.053276, 0.014061, 2.863573, 1, 2, 1.414214, 2, 8, 0, unknownSpecies, -11.846800, -2.013600, -13.038500, 0.010000, 0.401606, 0.000000, 0.010000, 0.401606, 0.000000
cylinder, 525, 524, -0.376110, 1.867090, 2.574071, -0.358431, 1.881801, 2.622948, 0.050472, 0.000432, 0.012319, 0.054017, 2.587666, 2.778663, 2.228669, SPHEREFOLLOWING, 0.044899, 0.018194, 0, 24, 23, 0.053276, 0.014061, 2.863573, 1, 2, 1.414214, 2, 8, 0, unknownSpecies, -11.846800, -2.013600, -13.038500, 0.010000, 0.401606, 0.000000, 0.010000, 0.401606, 0.000000
cylinder, 526, 525, -0.358431, 1.881801, 2.622948, -0.360967, 1.891457, 2.676950, 0.055110, 0.000524, 0.011887, 0.054918, 2.533649, 2.670629, 2.174652, SPHEREFOLLOWING, 0.024381, 0.018194, 0, 24, 23, 0.053276, 0.014061, 2.863573, 1, 2, 1.414214, 2, 8, 0, unknownSpecies, -11.846800, -2.013600, -13.038500, 0.010000, 0.401606, 0.000000, 0.010000, 0.401606, 0.000000
cylinder, 527, 526, -0.360967, 1.891457, 2.676950, -0.343830, 1.876883, 2.755869, 0.055653, 0.000798, 0.011363, 0.082062, 2.478732, 2.560794, 2.119734, SPHEREFOLLOWING, 0.018634, 0.018194, 0, 24, 23, 0.053276, 0.014061, 2.863573, 1, 2, 1.414214, 2, 8, 0, unknownSpecies, -11.846800, -2.013600, -13.038500, 0.010000, 0.401606, 0.000000, 0.010000, 0.401606, 0.000000
cylinder, 528, 527, -0.343830, 1.876883, 2.755869, -0.373795, 1.875806, 2.845372, 0.050472, 0.000755, 0.009796, 0.094392, 2.037672, 2.037672, 2.037672, MEDIAN, 0.014444, 0.018194, 0, 25, 24, 0.046403, 0.003158, 1.058038, 1, 1, 1.000000, 1, 8, 0, unknownSpecies, -11.846800, -2.013600, -13.038500, 0.010000, 0.401606, 0.000000, 0.010000, 0.401606, 0.000000
cylinder, 529, 528, -0.373795, 1.875806, 2.845372, -0.381551, 1.872186, 2.937539, 0.048990, 0.000698, 0.009041, 0.092563, 1.943280, 1.943280, 1.943280, SPHEREFOLLOWING, 0.019492, 0.018194, 0, 25, 24, 0.046403, 0.003158, 1.058038, 1, 1, 1.000000, 1, 8, 0, unknownSpecies, -11.846800, -2.013600, -13.038500, 0.010000, 0.401606, 0.000000, 0.010000, 0.401606, 0.000000
cylinder, 530, 529, -0.381551, 1.872186, 2.937539, -0.333506, 1.883177, 2.993577, 0.053885, 0.000681, 0.008343, 0.074628, 1.850717, 1.850717, 1.850717, SPHEREFOLLOWING, 0.020729, 0.018194, 0, 25, 24, 0.046403, 0.003158, 1.058038, 1, 1, 1.000000, 1, 8, 0, unknownSpecies, -11.846800, -2.013600, -13.038500, 0.010000, 0.401606, 0.000000, 0.010000, 0.401606, 0.000000
cylinder, 531, 530, -0.333506, 1.883177, 2.993577, -0.369145, 1.865220, 3.085706, 0.048990, 0.000757, 0.007662, 0.100401, 1.776088, 1.776088, 1.776088, MEDIAN, 0.014752, 0.018194, 0, 25, 24, 0.046403, 0.003158, 1.058038, 1, 1, 1.000000, 1, 8, 0, unknownSpecies, -11.846800, -2.013600, -13.038500, 0.010000, 0.401606, 0.000000, 0.010000, 0.401606, 0.000000
cylinder, 532, 531, -0.369145, 1.865220, 3.085706, -0.363616, 1.870743, 3.137460, 0.043334, 0.000309, 0.006905, 0.052341, 1.675687, 1.675687, 1.675687, SPHEREFOLLOWING, 0.010357, 0.018194, 1, 25, 24, 0.046403, 0.003158, 1.058038, 1, 1, 1.000000, 1, 8, 0, unknownSpecies, -11.846800, -2.013600, -13.038500, 0.010000, 0.401606, 0.000000, 0.010000, 0.401606, 0.000000
cylinder, 533, 532, -0.363616, 1.870743, 3.137460, -0.358121, 1.882939, 3.219166, 0.046403, 0.000560, 0.006596, 0.082794, 1.623347, 1.623347, 1.623347, SPHEREFOLLOWING, 0.009653, 0.018194, 1, 25, 24, 0.046403, 0.003158, 1.058038, 1, 1, 1.000000, 1, 8, 0, unknownSpecies, -11.846800, -2.013600, -13.038500, 0.010000, 0.401606, 0.000000, 0.010000, 0.401606, 0.000000
cylinder, 534, 533, -0.358121, 1.882939, 3.219166, -0.381704, 1.886592, 3.284404, 0.043334, 0.000410, 0.006036, 0.069465, 1.540553, 1.540553, 1.540553, MEDIAN, 0.010831, 0.018194, 0, 25, 24, 0.046403, 0.003158, 1.058038, 1, 1, 1.000000, 1, 8, 0, unknownSpecies, -11.846800, -2.013600, -13.038500, 0.010000, 0.401606, 0.000000, 0.010000, 0.401606, 0.000000
cylinder, 535, 534, -0.381704, 1.886592, 3.284404, -0.376882, 1.905711, 3.368299, 0.040547, 0.000445, 0.005626, 0.086182, 1.471087, 1.471087, 1.471087, SPHEREFOLLOWING, 0.011758, 0.018194, 1, 25, 24, 0.046403, 0.003158, 1.058038, 1, 1, 1.000000, 1, 8, 0, unknownSpecies, -11.846800, -2.013600, -13.038500, 0.010000, 0.401606, 0.000000, 0.010000, 0.401606, 0.000000
cylinder, 536, 535, -0.376882, 1.905711, 3.368299, -0.378102, 1.903725, 3.432432, 0.042585, 0.000366, 0.005181, 0.064175, 1.384906, 1.384906, 1.384906, SPHEREFOLLOWING, 0.015123, 0.018194, 1, 25, 24, 0.046403, 0.003158, 1.058038, 1, 1, 1.000000, 1, 8, 0, unknownSpecies, -11.846800, -2.013600, -13.038500, 0.010000, 0.401606, 0.000000, 0.010000, 0.401606, 0.000000
cylinder, 537, 536, -0.378102, 1.903725, 3.432432, -0.365755, 1.904258, 3.495501, 0.037836, 0.000289, 0.004815, 0.064268, 1.320731, 1.320731, 1.320731, SPHEREFOLLOWING, 0.013078, 0.018194, 1, 25, 24, 0.046403, 0.003158, 1.058038, 1, 1, 1.000000, 1, 8, 0, unknownSpecies, -11.846800, -2.013600, -13.038500, 0.010000, 0.401606, 0.000000, 0.010000, 0.401606, 0.000000
cylinder, 538, 537, -0.365755, 1.904258, 3.495501, -0.354063, 1.908251, 3.557228, 0.042585, 0.000359, 0.004526, 0.062952, 1.256463, 1.256463, 1.256463, MEDIAN, 0.022584, 0.018194, 0, 25, 24, 0.046403, 0.003158, 1.058038, 1, 1, 1.000000, 1, 8, 0, unknownSpecies, -11.846800, -2.013600, -13.038500, 0.010000, 0.401606, 0.000000, 0.010000, 0.401606, 0.000000
cylinder, 539, 538, -0.354063, 1.908251, 3.557228, -0.358818, 1.899621, 3.604248, 0.048550, 0.000356, 0.004168, 0.048041, 1.193511, 1.193511, 1.193511, SPHEREFOLLOWING, 0.013574, 0.018194, 1, 25, 24, 0.046403, 0.003158, 1.058038, 1, 1, 1.000000, 1, 8, 0, unknownSpecies, -11.846800, -2.013600, -13.038500, 0.010000, 0.401606, 0.000000, 0.010000, 0.401606, 0.000000
cylinder, 540, 539, -0.358818, 1.899621, 3.604248, -0.340444, 1.901157, 3.689713, 0.048779, 0.000654, 0.003812, 0.087432, 1.145470, 1.145470, 1.145470, SPHEREFOLLOWING, 0.028401, 0.018194, 0, 25, 24, 0.046403, 0.003158, 1.058038, 1, 1, 1.000000, 1, 8, 0, unknownSpecies, -11.846800, -2.013600, -13.038500, 0.010000, 0.401606, 0.000000, 0.010000, 0.401606, 0.000000
cylinder, 541, 540, -0.340444, 1.901157, 3.689713, -0.306779, 1.906753, 3.736356, 0.048550, 0.000428, 0.003158, 0.057795, 1.058038, 1.058038, 1.058038, MEDIAN, 0.035430, 0.018194, 0, 25, 24, 0.046403, 0.003158, 1.058038, 1, 1, 1.000000, 1, 8, 0, unknownSpecies, -11.846800, -2.013600, -13.038500, 0.010000, 0.401606, 0.000000, 0.010000, 0.401606, 0.000000
cylinder, 542, 541, -0.306779, 1.906753, 3.736356, -0.294083, 1.934277, 3.814433, 0.048550, 0.000620, 0.002730, 0.083754, 1.000243, 1.000243, 1.000243, MEDIAN, 0.015452, 0.018194, 0, 25, 24, 0.046403, 0.003158, 1.058038, 1, 1, 1.000000, 1, 8, 0, unknownSpecies, -11.846800, -2.013600, -13.038500, 0.010000, 0.401606, 0.000000, 0.010000, 0.401606, 0.000000
cylinder, 543, 542, -0.294083, 1.934277, 3.814433, -0.281215, 1.944157, 3.884472, 0.032224, 0.000235, 0.002110, 0.071893, 0.916489, 0.916489, 0.916489, ALLOMETRICVESSELVOLUME, 0.016908, 0.018194, 0, 25, 24, 0.046403, 0.003158, 1.058038, 1, 1, 1.000000, 1, 8, 0, unknownSpecies, -11.846800, -2.013600, -13.038500, 0.010000, 0.401606, 0.000000, 0.010000, 0.401606, 0.000000
cylinder, 544, 543, -0.281215, 1.944157, 3.884472, -0.271284, 1.939823, 3.942075, 0.031545, 0.000183, 0.001876, 0.058613, 0.844596, 0.844596, 0.844596, ALLOMETRICVESSELVOLUME, 0.011547, 0.018194, 1, 25, 24, 0.046403, 0.003158, 1.058038, 1, 1, 1.000000, 1, 8, 0, unknownSpecies, -11.846800, -2.013600, -13.038500, 0.010000, 0.401606, 0.000000, 0.010000, 0.401606, 0.000000
cylinder, 545, 544, -0.271284, 1.939823, 3.942075, -0.262392, 1.933955, 3.973532, 0.030959, 0.000100, 0.001693, 0.033212, 0.785982, 0.785982, 0.785982, ALLOMETRICVESSELVOLUME, 0.011472, 0.018194, 0, 25, 24, 0.046403, 0.003158, 1.058038, 1, 1, 1.000000, 1, 8, 0, unknownSpecies, -11.846800, -2.013600, -13.038500, 0.010000, 0.401606, 0.000000, 0.010000, 0.401606, 0.000000
cylinder, 546, 545, -0.262392, 1.933955, 3.973532, -0.259351, 1.960942, 4.041478, 0.030613, 0.000215, 0.001593, 0.073172, 0.752771, 0.752771, 0.752771, ALLOMETRICVESSELVOLUME, 0.013205, 0.018194, 0, 25, 24, 0.046403, 0.003158, 1.058038, 1, 1, 1.000000, 1, 8, 0, unknownSpecies, -11.846800, -2.013600, -13.038500, 0.010000, 0.401606, 0.000000, 0.010000, 0.401606, 0.000000
cylinder, 547, 546, -0.259351, 1.960942, 4.041478, -0.217015, 1.962661, 4.145802, 0.029808, 0.000314, 0.001377, 0.112600, 0.679598, 0.679598, 0.679598, ALLOMETRICVESSELVOLUME, 0.026546, 0.018194, 0, 25, 24, 0.046403, 0.003158, 1.058038, 1, 1, 1.000000, 1, 8, 0, unknownSpecies, -11.846800, -2.013600, -13.038500, 0.010000, 0.401606, 0.000000, 0.010000, 0.401606, 0.000000
cylinder, 548, 547, -0.217015, 1.962661, 4.145802, -0.201281, 1.962274, 4.216994, 0.028433, 0.000185, 0.001063, 0.072912, 0.566998, 0.566998, 0.566998, ALLOMETRICVESSELVOLUME, 0.030444, 0.018194, 0, 25, 24, 0.046403, 0.003158, 1.058038, 1, 1, 1.000000, 1, 8, 0, unknownSpecies, -11.846800, -2.013600, -13.038500, 0.010000, 0.401606, 0.000000, 0.010000, 0.401606, 0.000000
cylinder, 549, 548, -0.201281, 1.962274, 4.216994, -0.220362, 1.976704, 4.256661, 0.027432, 0.000110, 0.000878, 0.046322, 0.494087, 0.494087, 0.494087, ALLOMETRICVESSELVOLUME, 0.020310, 0.018194, 0, 25, 24, 0.046403, 0.003158, 1.058038, 1, 1, 1.000000, 1, 8, 0, unknownSpecies, -11.846800, -2.013600, -13.038500, 0.010000, 0.401606, 0.000000, 0.010000, 0.401606, 0.000000
cylinder, 550, 549, -0.220362, 1.976704, 4.256661, -0.184185, 1.937354, 4.301370, 0.026737, 0.000156, 0.000768, 0.069685, 0.447765, 0.447765, 0.447765, ALLOMETRICVESSELVOLUME, 0.021476, 0.018194, 0, 25, 24, 0.046403, 0.003158, 1.058038, 1, 1, 1.000000, 1, 8, 0, unknownSpecies, -11.846800, -2.013600, -13.038500, 0.010000, 0.401606, 0.000000, 0.010000, 0.401606, 0.000000
cylinder, 551, 550, -0.184185, 1.937354, 4.301370, -0.167735, 1.929926, 4.395579, 0.025584, 0.000197, 0.000612, 0.095923, 0.378080, 0.378080, 0.378080, ALLOMETRICVESSELVOLUME, 0.010818, 0.018194, 0, 25, 24, 0.046403, 0.003158, 1.058038, 1, 1, 1.000000, 1, 8, 0, unknownSpecies, -11.846800, -2.013600, -13.038500, 0.010000, 0.401606, 0.000000, 0.010000, 0.401606, 0.000000
cylinder, 552, 551, -0.167735, 1.929926, 4.395579, -0.178461, 1.955929, 4.464825, 0.023705, 0.000132, 0.000414, 0.074741, 0.282157, 0.282157, 0.282157, ALLOMETRICVESSELVOLUME, 0.024555, 0.018194, 0, 25, 24, 0.046403, 0.003158, 1.058038, 1, 1, 1.000000, 1, 8, 0, unknownSpecies, -11.846800, -2.013600, -13.038500, 0.010000, 0.401606, 0.000000, 0.010000, 0.401606, 0.000000
cylinder, 553, 552, -0.178461, 1.955929, 4.464825, -0.079709, 1.964360, 4.541666, 0.021878, 0.000189, 0.000282, 0.125410, 0.207416, 0.207416, 0.207416, ALLOMETRICVESSELVOLUME, 0.012710, 0.018194, 1, 25, 24, 0.046403, 0.003158, 1.058038, 1, 1, 1.000000, 1, 8, 0, unknownSpecies, -11.846800, -2.013600, -13.038500, 0.010000, 0.401606, 0.000000, 0.010000, 0.401606, 0.000000
cylinder, 554, 553, -0.079709, 1.964360, 4.541666, -0.075606, 1.980391, 4.621985, 0.019086, 0.000094, 0.000094, 0.082006, 0.082006, 0.082006, 0.082006, SPHEREFOLLOWING, 0.009856, 0.018194, 1, 25, 24, 0.046403, 0.003158, 1.058038, 1, 1, 1.000000, 1, 8, 0, unknownSpecies, -11.846800, -2.013600, -13.038500, 0.010000, 0.401606, 0.000000, 0.010000, 0.401606, 0.000000
cylinder, 555, 527, -0.343830, 1.876883, 2.755869, -0.291717, 1.973705, 2.796594, 0.035047, 0.000452, 0.000769, 0.117255, 0.358998, 0.358998, 0.358998, SPHEREFOLLOWING, 0.020315, 0.018194, 0, 26, 24, 0.035047, 0.000198, 0.169118, 2, 1, 1.000000, 1, 8, 0, unknownSpecies, -11.846800, -2.013600, -13.038500, 0.010000, 0.401606, 0.000000, 0.010000, 0.401606, 0.000000
cylinder, 556, 555, -0.291717, 1.973705, 2.796594, -0.281864, 1.983291, 2.867905, 0.022769, 0.000118, 0.000316, 0.072624, 0.241742, 0.241742, 0.241742, ALLOMETRICVESSELVOLUME, 0.019975, 0.018194, 0, 26, 24, 0.035047, 0.000198, 0.169118, 2, 1, 1.000000, 1, 8, 0, unknownSpecies, -11.846800, -2.013600, -13.038500, 0.010000, 0.401606, 0.000000, 0.010000, 0.401606, 0.000000
cylinder, 557, 556, -0.281864, 1.983291, 2.867905, -0.270642, 1.991735, 2.922152, 0.022944, 0.000093, 0.000198, 0.056036, 0.169118, 0.169118, 0.169118, SPHEREFOLLOWING, 0.063360, 0.018194, 0, 26, 24, 0.035047, 0.000198, 0.169118, 2, 1, 1.000000, 1, 8, 0, unknownSpecies, -11.846800, -2.013600, -13.038500, 0.010000, 0.401606, 0.000000, 0.010000, 0.401606, 0.000000
cylinder, 558, 557, -0.270642, 1.991735, 2.922152, -0.295644, 1.987478, 2.986280, 0.018679, 0.000076, 0.000105, 0.068961, 0.113082, 0.113082, 0.113082, ALLOMETRICVESSELVOLUME, 0.068537, 0.018194, 0, 26, 24, 0.035047, 0.000198, 0.169118, 2, 1, 1.000000, 1, 8, 0, unknownSpecies, -11.846800, -2.013600, -13.038500, 0.010000, 0.401606, 0.000000, 0.010000, 0.401606, 0.000000
cylinder, 559, 558, -0.295644, 1.987478, 2.986280, -0.266215, 2.000331, 3.016536, 0.014616, 0.000030, 0.000030, 0.044121, 0.044121, 0.044121, 0.044121, ALLOMETRICVESSELVOLUME, 0.006373, 0.018194, 0, 26, 24, 0.035047, 0.000198, 0.169118, 2, 1, 1.000000, 1, 8, 0, unknownSpecies, -11.846800, -2.013600, -13.038500, 0.010000, 0.401606, 0.000000, 0.010000, 0.401606, 0.000000
cylinder, 560, 514, -0.289715, 1.667051, 1.775945, -0.172709, 1.744684, 1.947984, 0.044078, 0.001355, 0.007529, 0.222068, 2.302961, 3.048936, 1.923773, ALLOMETRICVESSELVOLUME, 0.016914, 0.018194, 0, 27, 23, 0.000000, 0.006174, 2.080892, 2, 3, 1.732051, 3, 8, 0, unknownSpecies, -11.846800, -2.013600, -13.038500, 0.010000, 0.401606, 0.000000, 0.010000, 0.401606, 0.000000
cylinder, 561, 560, -0.172709, 1.744684, 1.947984, -0.160000, 1.754426, 2.050376, 0.041335, 0.000556, 0.006174, 0.103637, 2.080892, 2.382730, 1.701704, ALLOMETRICVESSELVOLUME, 0.021554, 0.018194, 0, 27, 23, 0.000000, 0.006174, 2.080892, 2, 3, 1.732051, 3, 8, 0, unknownSpecies, -11.846800, -2.013600, -13.038500, 0.010000, 0.401606, 0.000000, 0.010000, 0.401606, 0.000000
cylinder, 562, 561, -0.160000, 1.754426, 2.050376, -0.141776, 1.796008, 2.133329, 0.038789, 0.000447, 0.005357, 0.094563, 1.772291, 1.866855, 1.598067, ALLOMETRICVESSELVOLUME, 0.017441, 0.018194, 0, 28, 27, 0.000000, 0.005357, 1.772291, 2, 2, 1.414214, 2, 8, 0, unknownSpecies, -11.846800, -2.013600, -13.038500, 0.010000, 0.401606, 0.000000, 0.010000, 0.401606, 0.000000
cylinder, 563, 562, -0.141776, 1.796008, 2.133329, -0.129627, 1.855268, 2.203556, 0.036661, 0.000391, 0.004706, 0.092689, 1.503504, 1.503504, 1.503504, ALLOMETRICVESSELVOLUME, 0.009615, 0.018194, 0, 29, 28, 0.052643, 0.001706, 0.791912, 2, 1, 1.000000, 1, 8, 0, unknownSpecies, -11.846800, -2.013600, -13.038500, 0.010000, 0.401606, 0.000000, 0.010000, 0.401606, 0.000000
cylinder, 564, 563, -0.129627, 1.855268, 2.203556, -0.117221, 1.879433, 2.289074, 0.036058, 0.000367, 0.004314, 0.089728, 1.410815, 1.410815, 1.410815, ALLOMETRICVESSELVOLUME, 0.005909, 0.018194, 0, 29, 28, 0.052643, 0.001706, 0.791912, 2, 1, 1.000000, 1, 8, 0, unknownSpecies, -11.846800, -2.013600, -13.038500, 0.010000, 0.401606, 0.000000, 0.010000, 0.401606, 0.000000
cylinder, 565, 564, -0.117221, 1.879433, 2.289074, -0.126934, 1.904590, 2.357911, 0.052643, 0.000644, 0.003948, 0.073931, 1.321087, 1.321087, 1.321087, SPHEREFOLLOWING, 0.009427, 0.018194, 0, 29, 28, 0.052643, 0.001706, 0.791912, 2, 1, 1.000000, 1, 8, 0, unknownSpecies, -11.846800, -2.013600, -13.038500, 0.010000, 0.401606, 0.000000, 0.010000, 0.401606, 0.000000
cylinder, 566, 565, -0.126934, 1.904590, 2.357911, -0.114217, 1.921058, 2.438713, 0.034918, 0.000320, 0.003304, 0.083438, 1.247156, 1.247156, 1.247156, ALLOMETRICVESSELVOLUME, 0.021037, 0.018194, 0, 29, 28, 0.052643, 0.001706, 0.791912, 2, 1, 1.000000, 1, 8, 0, unknownSpecies, -11.846800, -2.013600, -13.038500, 0.010000, 0.401606, 0.000000, 0.010000, 0.401606, 0.000000
cylinder, 567, 566, -0.114217, 1.921058, 2.438713, -0.092864, 1.931291, 2.496520, 0.034293, 0.000231, 0.002985, 0.062468, 1.163718, 1.163718, 1.163718, ALLOMETRICVESSELVOLUME, 0.017433, 0.018194, 0, 29, 28, 0.052643, 0.001706, 0.791912, 2, 1, 1.000000, 1, 8, 0, unknownSpecies, -11.846800, -2.013600, -13.038500, 0.010000, 0.401606, 0.000000, 0.010000, 0.401606, 0.000000
cylinder, 568, 567, -0.092864, 1.931291, 2.496520, -0.084795, 1.911923, 2.548186, 0.033804, 0.000200, 0.002754, 0.055763, 1.101249, 1.101249, 1.101249, ALLOMETRICVESSELVOLUME, 0.011240, 0.018194, 0, 29, 28, 0.052643, 0.001706, 0.791912, 2, 1, 1.000000, 1, 8, 0, unknownSpecies, -11.846800, -2.013600, -13.038500, 0.010000, 0.401606, 0.000000, 0.010000, 0.401606, 0.000000
cylinder, 569, 568, -0.084795, 1.911923, 2.548186, -0.078850, 1.945505, 2.643988, 0.033349, 0.000355, 0.002554, 0.101692, 1.045486, 1.045486, 1.045486, ALLOMETRICVESSELVOLUME, 0.010796, 0.018194, 0, 29, 28, 0.052643, 0.001706, 0.791912, 2, 1, 1.000000, 1, 8, 0, unknownSpecies, -11.846800, -2.013600, -13.038500, 0.010000, 0.401606, 0.000000, 0.010000, 0.401606, 0.000000
cylinder, 570, 569, -0.078850, 1.945505, 2.643988, -0.066054, 1.969861, 2.714549, 0.032471, 0.000251, 0.002198, 0.075735, 0.943795, 0.943795, 0.943795, ALLOMETRICVESSELVOLUME, 0.013563, 0.018194, 0, 29, 28, 0.052643, 0.001706, 0.791912, 2, 1, 1.000000, 1, 8, 0, unknownSpecies, -11.846800, -2.013600, -13.038500, 0.010000, 0.401606, 0.000000, 0.010000, 0.401606, 0.000000
cylinder, 571, 570, -0.066054, 1.969861, 2.714549, -0.062019, 1.973050, 2.790523, 0.031771, 0.000241, 0.001947, 0.076148, 0.868060, 0.868060, 0.868060, ALLOMETRICVESSELVOLUME, 0.014781, 0.018194, 0, 29, 28, 0.052643, 0.001706, 0.791912, 2, 1, 1.000000, 1, 8, 0, unknownSpecies, -11.846800, -2.013600, -13.038500, 0.010000, 0.401606, 0.000000, 0.010000, 0.401606, 0.000000
cylinder, 572, 571, -0.062019, 1.973050, 2.790523, -0.066319, 1.983598, 2.853169, 0.031020, 0.000192, 0.001706, 0.063673, 0.791912, 0.791912, 0.791912, ALLOMETRICVESSELVOLUME, 0.016107, 0.018194, 0, 29, 28, 0.052643, 0.001706, 0.791912, 2, 1, 1.000000, 1, 8, 0, unknownSpecies, -11.846800, -2.013600, -13.038500, 0.010000, 0.401606, 0.000000, 0.010000, 0.401606, 0.000000
cylinder, 573, 572, -0.066319, 1.983598, 2.853169, -0.067300, 2.001413, 2.900057, 0.030350, 0.000145, 0.001513, 0.050168, 0.728238, 0.728238, 0.728238, ALLOMETRICVESSELVOLUME, 0.026174, 0.018194, 0, 29, 28, 0.052643, 0.001706, 0.791912, 2, 1, 1.000000, 1, 8, 0, unknownSpecies, -11.846800, -2.013600, -13.038500, 0.010000, 0.401606, 0.000000, 0.010000, 0.401606, 0.000000
cylinder, 574, 573, -0.067300, 2.001413, 2.900057, -0.077646, 2.007746, 2.970957, 0.029790, 0.000201, 0.001368, 0.071930, 0.678071, 0.678071, 0.678071, ALLOMETRICVESSELVOLUME, 0.023771, 0.018194, 0, 29, 28, 0.052643, 0.001706, 0.791912, 2, 1, 1.000000, 1, 8, 0, unknownSpecies, -11.846800, -2.013600, -13.038500, 0.010000, 0.401606, 0.000000, 0.010000, 0.401606, 0.000000
cylinder, 575, 574, -0.077646, 2.007746, 2.970957, -0.055423, 2.013406, 3.037221, 0.028932, 0.000184, 0.001168, 0.070120, 0.606141, 0.606141, 0.606141, ALLOMETRICVESSELVOLUME, 0.023471, 0.018194, 0, 29, 28, 0.052643, 0.001706, 0.791912, 2, 1, 1.000000, 1, 8, 0, unknownSpecies, -11.846800, -2.013600, -13.038500, 0.010000, 0.401606, 0.000000, 0.010000, 0.401606, 0.000000
cylinder, 576, 575, -0.055423, 2.013406, 3.037221, -0.072688, 2.034837, 3.072438, 0.028020, 0.000110, 0.000983, 0.044695, 0.536021, 0.536021, 0.536021, ALLOMETRICVESSELVOLUME, 0.021099, 0.018194, 0, 29, 28, 0.052643, 0.001706, 0.791912, 2, 1, 1.000000, 1, 8, 0, unknownSpecies, -11.846800, -2.013600, -13.038500, 0.010000, 0.401606, 0.000000, 0.010000, 0.401606, 0.000000
cylinder, 577, 576, -0.072688, 2.034837, 3.072438, -0.096545, 1.974097, 3.103486, 0.027391, 0.000170, 0.000873, 0.072266, 0.491326, 0.491326, 0.491326, ALLOMETRICVESSELVOLUME, 0.045350, 0.018194, 0, 29, 28, 0.052643, 0.001706, 0.791912, 2, 1, 1.000000, 1, 8, 0, unknownSpecies, -11.846800, -2.013600, -13.038500, 0.010000, 0.401606, 0.000000, 0.010000, 0.401606, 0.000000
cylinder, 578, 577, -0.096545, 1.974097, 3.103486, -0.056158, 2.006746, 3.291253, 0.026279, 0.000423, 0.000703, 0.194817, 0.419060, 0.419060, 0.419060, ALLOMETRICVESSELVOLUME, 0.016574, 0.018194, 0, 29, 28, 0.052643, 0.001706, 0.791912, 2, 1, 1.000000, 1, 8, 0, unknownSpecies, -11.846800, -2.013600, -13.038500, 0.010000, 0.401606, 0.000000, 0.010000, 0.401606, 0.000000
cylinder, 579, 578, -0.056158, 2.006746, 3.291253, -0.026590, 2.026063, 3.334115, 0.022327, 0.000087, 0.000280, 0.055539, 0.224243, 0.224243, 0.224243, ALLOMETRICVESSELVOLUME, 0.012486, 0.018194, 0, 29, 28, 0.052643, 0.001706, 0.791912, 2, 1, 1.000000, 1, 8, 0, unknownSpecies, -11.846800, -2.013600, -13.038500, 0.010000, 0.401606, 0.000000, 0.010000, 0.401606, 0.000000
cylinder, 580, 579, -0.026590, 2.026063, 3.334115, -0.031522, 1.984232, 3.424572, 0.020731, 0.000135, 0.000193, 0.099783, 0.168704, 0.168704, 0.168704, ALLOMETRICVESSELVOLUME, 0.009007, 0.018194, 0, 29, 28, 0.052643, 0.001706, 0.791912, 2, 1, 1.000000, 1, 8, 0, unknownSpecies, -11.846800, -2.013600, -13.038500, 0.010000, 0.401606, 0.000000, 0.010000, 0.401606, 0.000000
cylinder, 581, 580, -0.031522, 1.984232, 3.424572, -0.046748, 2.013323, 3.485168, 0.016417, 0.000058, 0.000058, 0.068920, 0.068920, 0.068920, 0.068920, ALLOMETRICVESSELVOLUME, 0.005877, 0.018194, 0, 29, 28, 0.052643, 0.001706, 0.791912, 2, 1, 1.000000, 1, 8, 0, unknownSpecies, -11.846800, -2.013600, -13.038500, 0.010000, 0.401606, 0.000000, 0.010000, 0.401606, 0.000000
cylinder, 582, 562, -0.141776, 1.796008, 2.133329, -0.164701, 1.769844, 2.244272, 0.020906, 0.000160, 0.000204, 0.116269, 0.174225, 0.174225, 0.174225, ALLOMETRICVESSELVOLUME, 0.071150, 0.018194, 0, 30, 28, 0.000000, 0.000045, 0.057956, 3, 1, 1.000000, 1, 8, 0, unknownSpecies, -11.846800, -2.013600, -13.038500, 0.010000, 0.401606, 0.000000, 0.010000, 0.401606, 0.000000
cylinder, 583, 582, -0.164701, 1.769844, 2.244272, -0.185882, 1.768975, 2.298211, 0.015693, 0.000045, 0.000045, 0.057956, 0.057956, 0.057956, 0.057956, ALLOMETRICVESSELVOLUME, 0.064282, 0.018194, 0, 30, 28, 0.000000, 0.000045, 0.057956, 3, 1, 1.000000, 1, 8, 0, unknownSpecies, -11.846800, -2.013600, -13.038500, 0.010000, 0.401606, 0.000000, 0.010000, 0.401606, 0.000000
cylinder, 584, 561, -0.160000, 1.754426, 2.050376, -0.068936, 1.668318, 2.074946, 0.021810, 0.000191, 0.000260, 0.127715, 0.204963, 0.204963, 0.204963, ALLOMETRICVESSELVOLUME, 0.039038, 0.018194, 0, 31, 27, 0.000000, 0.000069, 0.077249, 3, 1, 1.000000, 1, 8, 0, unknownSpecies, -11.846800, -2.013600, -13.038500, 0.010000, 0.401606, 0.000000, 0.010000, 0.401606, 0.000000
cylinder, 585, 584, -0.068936, 1.668318, 2.074946, -0.006429, 1.649836, 2.116403, 0.016913, 0.000069, 0.000069, 0.077249, 0.077249, 0.077249, 0.077249, ALLOMETRICVESSELVOLUME, 0.009297, 0.018194, 0, 31, 27, 0.000000, 0.000069, 0.077249, 3, 1, 1.000000, 1, 8, 0, unknownSpecies, -11.846800, -2.013600, -13.038500, 0.010000, 0.401606, 0.000000, 0.010000, 0.401606, 0.000000
cylinder, 586, 514, -0.289715, 1.667051, 1.775945, -0.090186, 1.702176, 1.623215, 0.040727, 0.001322, 0.002047, 0.253716, 0.617817, 0.617817, 0.617817, SPHEREFOLLOWING, 0.058605, 0.018194, 0, 32, 23, 0.027063, 0.000365, 0.221841, 2, 1, 1.000000, 1, 8, 0, unknownSpecies, -11.846800, -2.013600, -13.038500, 0.010000, 0.401606, 0.000000, 0.010000, 0.401606, 0.000000
cylinder, 587, 586, -0.090186, 1.702176, 1.623215, -0.056689, 1.689441, 1.550828, 0.027063, 0.000186, 0.000725, 0.080772, 0.364100, 0.364100, 0.364100, SPHEREFOLLOWING, 0.011874, 0.018194, 0, 32, 23, 0.027063, 0.000365, 0.221841, 2, 1, 1.000000, 1, 8, 0, unknownSpecies, -11.846800, -2.013600, -13.038500, 0.010000, 0.401606, 0.000000, 0.010000, 0.401606, 0.000000
cylinder, 588, 587, -0.056689, 1.689441, 1.550828, -0.052707, 1.677362, 1.490670, 0.029995, 0.000174, 0.000539, 0.061487, 0.283328, 0.283328, 0.283328, SPHEREFOLLOWING, 0.007955, 0.018194, 0, 32, 23, 0.027063, 0.000365, 0.221841, 2, 1, 1.000000, 1, 8, 0, unknownSpecies, -11.846800, -2.013600, -13.038500, 0.010000, 0.401606, 0.000000, 0.010000, 0.401606, 0.000000
cylinder, 589, 588, -0.052707, 1.677362, 1.490670, -0.041506, 1.645732, 1.444443, 0.029155, 0.000153, 0.000365, 0.057122, 0.221841, 0.221841, 0.221841, SPHEREFOLLOWING, 0.069140, 0.018194, 0, 32, 23, 0.027063, 0.000365, 0.221841, 2, 1, 1.000000, 1, 8, 0, unknownSpecies, -11.846800, -2.013600, -13.038500, 0.010000, 0.401606, 0.000000, 0.010000, 0.401606, 0.000000
cylinder, 590, 589, -0.041506, 1.645732, 1.444443, -0.022747, 1.632329, 1.390718, 0.023179, 0.000099, 0.000213, 0.058463, 0.164719, 0.164719, 0.164719, SPHEREFOLLOWING, 0.130107, 0.018194, 0, 32, 23, 0.027063, 0.000365, 0.221841, 2, 1, 1.000000, 1, 8, 0, unknownSpecies, -11.846800, -2.013600, -13.038500, 0.010000, 0.401606, 0.000000, 0.010000, 0.401606, 0.000000
cylinder, 591, 590, -0.022747, 1.632329, 1.390718, -0.003636, 1.606662, 1.346087, 0.018823, 0.000061, 0.000114, 0.054917, 0.106256, 0.106256, 0.106256, SPHEREFOLLOWING, 0.007465, 0.018194, 0, 32, 23, 0.027063, 0.000365, 0.221841, 2, 1, 1.000000, 1, 8, 0, unknownSpecies, -11.846800, -2.013600, -13.038500, 0.010000, 0.401606, 0.000000, 0.010000, 0.401606, 0.000000
cylinder, 592, 591, -0.003636, 1.606662, 1.346087, 0.027026, 1.597810, 1.305873, 0.018127, 0.000053, 0.000053, 0.051339, 0.051339, 0.051339, 0.051339, SPHEREFOLLOWING, 0.009096, 0.018194, 0, 32, 23, 0.027063, 0.000365, 0.221841, 2, 1, 1.000000, 1, 8, 0, unknownSpecies, -11.846800, -2.013600, -13.038500, 0.010000, 0.401606, 0.000000, 0.010000, 0.401606, 0.000000
cylinder, 593, 464, -0.949358, 0.992019, -2.572262, -0.833175, 0.972125, -2.395440, 0.060304, 0.002428, 0.084555, 0.212509, 9.954256, 27.472028, 8.520619, SPHEREFOLLOWING, 0.045635, 0.018194, 0, 33, 22, 0.065998, 0.063049, 8.340797, 2, 4, 2.000000, 4, 8, 0, unknownSpecies, -11.846800, -2.013600, -13.038500, 0.010000, 0.401606, 0.000000, 0.010000, 0.401606, 0.000000
cylinder, 594, 593, -0.833175, 0.972125, -2.395440, -0.808363, 0.984788, -2.307664, 0.060073, 0.001044, 0.082127, 0.092091, 9.741747, 26.621992, 8.308110, SPHEREFOLLOWING, 0.007050, 0.018194, 0, 33, 22, 0.065998, 0.063049, 8.340797, 2, 4, 2.000000, 4, 8, 0, unknownSpecies, -11.846800, -2.013600, -13.038500, 0.010000, 0.401606, 0.000000, 0.010000, 0.401606, 0.000000
cylinder, 595, 594, -0.808363, 0.984788, -2.307664, -0.803052, 0.984941, -2.226560, 0.065998, 0.001112, 0.081083, 0.081278, 9.649657, 26.253630, 8.216019, SPHEREFOLLOWING, 0.024309, 0.018194, 0, 33, 22, 0.065998, 0.063049, 8.340797, 2, 4, 2.000000, 4, 8, 0, unknownSpecies, -11.846800, -2.013600, -13.038500, 0.010000, 0.401606, 0.000000, 0.010000, 0.401606, 0.000000
cylinder, 596, 595, -0.803052, 0.984941, -2.226560, -0.780865, 0.988127, -2.144354, 0.064730, 0.001122, 0.079971, 0.085207, 9.568379, 25.928519, 8.134742, SPHEREFOLLOWING, 0.010337, 0.018194, 0, 33, 22, 0.065998, 0.063049, 8.340797, 2, 4, 2.000000, 4, 8, 0, unknownSpecies, -11.846800, -2.013600, -13.038500, 0.010000, 0.401606, 0.000000, 0.010000, 0.401606, 0.000000
cylinder, 597, 596, -0.780865, 0.988127, -2.144354, -0.764277, 1.002884, -2.065963, 0.071594, 0.001312, 0.078849, 0.081475, 9.483172, 25.587692, 8.049535, SPHEREFOLLOWING, 0.040665, 0.018194, 0, 33, 22, 0.065998, 0.063049, 8.340797, 2, 4, 2.000000, 4, 8, 0, unknownSpecies, -11.846800, -2.013600, -13.038500, 0.010000, 0.401606, 0.000000, 0.010000, 0.401606, 0.000000
cylinder, 598, 597, -0.764277, 1.002884, -2.065963, -0.748170, 1.016077, -1.979549, 0.066288, 0.001227, 0.077537, 0.088887, 9.401697, 25.261793, 7.968060, SPHEREFOLLOWING, 0.022245, 0.018194, 0, 33, 22, 0.065998, 0.063049, 8.340797, 2, 4, 2.000000, 4, 8, 0, unknownSpecies, -11.846800, -2.013600, -13.038500, 0.010000, 0.401606, 0.000000, 0.010000, 0.401606, 0.000000
cylinder, 599, 598, -0.748170, 1.016077, -1.979549, -0.721300, 1.025558, -1.887281, 0.061741, 0.001156, 0.076310, 0.096567, 9.312810, 24.906245, 7.879173, SPHEREFOLLOWING, 0.017947, 0.018194, 0, 33, 22, 0.065998, 0.063049, 8.340797, 2, 4, 2.000000, 4, 8, 0, unknownSpecies, -11.846800, -2.013600, -13.038500, 0.010000, 0.401606, 0.000000, 0.010000, 0.401606, 0.000000
cylinder, 600, 599, -0.721300, 1.025558, -1.887281, -0.701885, 1.016579, -1.806615, 0.062760, 0.001033, 0.075154, 0.083454, 9.216243, 24.519977, 7.782606, SPHEREFOLLOWING, 0.023760, 0.018194, 0, 33, 22, 0.065998, 0.063049, 8.340797, 2, 4, 2.000000, 4, 8, 0, unknownSpecies, -11.846800, -2.013600, -13.038500, 0.010000, 0.401606, 0.000000, 0.010000, 0.401606, 0.000000
cylinder, 601, 600, -0.701885, 1.016579, -1.806615, -0.686446, 1.029969, -1.722706, 0.065937, 0.001180, 0.074121, 0.086362, 9.132789, 24.186161, 7.699152, SPHEREFOLLOWING, 0.032551, 0.018194, 0, 33, 22, 0.065998, 0.063049, 8.340797, 2, 4, 2.000000, 4, 8, 0, unknownSpecies, -11.846800, -2.013600, -13.038500, 0.010000, 0.401606, 0.000000, 0.010000, 0.401606, 0.000000
cylinder, 602, 601, -0.686446, 1.029969, -1.722706, -0.665109, 1.037395, -1.660466, 0.067272, 0.000941, 0.072941, 0.066213, 9.046427, 23.840713, 7.612790, SPHEREFOLLOWING, 0.019723, 0.018194, 0, 33, 22, 0.065998, 0.063049, 8.340797, 2, 4, 2.000000, 4, 8, 0, unknownSpecies, -11.846800, -2.013600, -13.038500, 0.010000, 0.401606, 0.000000, 0.010000, 0.401606, 0.000000
cylinder, 603, 602, -0.665109, 1.037395, -1.660466, -0.650668, 1.053647, -1.572413, 0.059727, 0.001016, 0.072000, 0.090697, 8.980214, 23.575861, 7.546577, SPHEREFOLLOWING, 0.010263, 0.018194, 0, 33, 22, 0.065998, 0.063049, 8.340797, 2, 4, 2.000000, 4, 8, 0, unknownSpecies, -11.846800, -2.013600, -13.038500, 0.010000, 0.401606, 0.000000, 0.010000, 0.401606, 0.000000
cylinder, 604, 603, -0.650668, 1.053647, -1.572413, -0.638768, 1.061441, -1.477816, 0.059911, 0.001079, 0.070984, 0.095661, 8.889517, 23.213071, 7.455880, SPHEREFOLLOWING, 0.009432, 0.018194, 0, 33, 22, 0.065998, 0.063049, 8.340797, 2, 4, 2.000000, 4, 8, 0, unknownSpecies, -11.846800, -2.013600, -13.038500, 0.010000, 0.401606, 0.000000, 0.010000, 0.401606, 0.000000
cylinder, 605, 604, -0.638768, 1.061441, -1.477816, -0.630521, 1.072857, -1.406367, 0.071021, 0.001154, 0.069905, 0.072824, 8.793856, 22.830429, 7.360219, SPHEREFOLLOWING, 0.009526, 0.018194, 0, 33, 22, 0.065998, 0.063049, 8.340797, 2, 4, 2.000000, 4, 8, 0, unknownSpecies, -11.846800, -2.013600, -13.038500, 0.010000, 0.401606, 0.000000, 0.010000, 0.401606, 0.000000
cylinder, 606, 605, -0.630521, 1.072857, -1.406367, -0.599886, 1.087026, -1.318535, 0.067826, 0.001360, 0.068751, 0.094094, 8.721032, 22.539133, 7.287395, SPHEREFOLLOWING, 0.014890, 0.018194, 0, 33, 22, 0.065998, 0.063049, 8.340797, 2, 4, 2.000000, 4, 8, 0, unknownSpecies, -11.846800, -2.013600, -13.038500, 0.010000, 0.401606, 0.000000, 0.010000, 0.401606, 0.000000
cylinder, 607, 606, -0.599886, 1.087026, -1.318535, -0.579603, 1.105451, -1.234369, 0.069621, 0.001348, 0.067391, 0.088514, 8.626938, 22.162755, 7.193301, SPHEREFOLLOWING, 0.008935, 0.018194, 0, 33, 22, 0.065998, 0.063049, 8.340797, 2, 4, 2.000000, 4, 8, 0, unknownSpecies, -11.846800, -2.013600, -13.038500, 0.010000, 0.401606, 0.000000, 0.010000, 0.401606, 0.000000
cylinder, 608, 607, -0.579603, 1.105451, -1.234369, -0.559874, 1.107216, -1.132797, 0.069447, 0.001568, 0.066043, 0.103486, 8.538424, 21.808700, 7.104787, MEDIAN, 0.011850, 0.018194, 0, 33, 22, 0.065998, 0.063049, 8.340797, 2, 4, 2.000000, 4, 8, 0, unknownSpecies, -11.846800, -2.013600, -13.038500, 0.010000, 0.401606, 0.000000, 0.010000, 0.401606, 0.000000
cylinder, 609, 608, -0.559874, 1.107216, -1.132797, -0.507939, 1.119941, -1.055315, 0.069447, 0.001426, 0.064475, 0.094141, 8.434938, 21.394757, 7.001301, SPHEREFOLLOWING, 0.018246, 0.018194, 0, 33, 22, 0.065998, 0.063049, 8.340797, 2, 4, 2.000000, 4, 8, 0, unknownSpecies, -11.846800, -2.013600, -13.038500, 0.010000, 0.401606, 0.000000, 0.010000, 0.401606, 0.000000
cylinder, 610, 609, -0.507939, 1.119941, -1.055315, -0.481143, 1.129715, -0.964820, 0.063574, 0.001205, 0.063049, 0.094884, 8.340797, 21.018192, 6.907160, SPHEREFOLLOWING, 0.009057, 0.018194, 0, 33, 22, 0.065998, 0.063049, 8.340797, 2, 4, 2.000000, 4, 8, 0, unknownSpecies, -11.846800, -2.013600, -13.038500, 0.010000, 0.401606, 0.000000, 0.010000, 0.401606, 0.000000
cylinder, 611, 610, -0.481143, 1.129715, -0.964820, -0.463473, 1.140986, -0.871272, 0.066549, 0.001334, 0.061844, 0.095867, 8.245913, 20.638655, 6.812276, SPHEREFOLLOWING, 0.009488, 0.018194, 0, 33, 22, 0.065998, 0.063049, 8.340797, 2, 4, 2.000000, 4, 8, 0, unknownSpecies, -11.846800, -2.013600, -13.038500, 0.010000, 0.401606, 0.000000, 0.010000, 0.401606, 0.000000
cylinder, 612, 611, -0.463473, 1.140986, -0.871272, -0.444730, 1.136554, -0.806296, 0.073556, 0.001152, 0.060510, 0.067771, 8.150046, 20.255188, 6.716409, SPHEREFOLLOWING, 0.012874, 0.018194, 0, 33, 22, 0.065998, 0.063049, 8.340797, 2, 4, 2.000000, 4, 8, 0, unknownSpecies, -11.846800, -2.013600, -13.038500, 0.010000, 0.401606, 0.000000, 0.010000, 0.401606, 0.000000
cylinder, 613, 612, -0.444730, 1.136554, -0.806296, -0.422804, 1.136135, -0.700267, 0.071081, 0.001719, 0.059358, 0.108273, 8.082275, 19.984105, 6.648638, SPHEREFOLLOWING, 0.010573, 0.018194, 0, 33, 22, 0.065998, 0.063049, 8.340797, 2, 4, 2.000000, 4, 8, 0, unknownSpecies, -11.846800, -2.013600, -13.038500, 0.010000, 0.401606, 0.000000, 0.010000, 0.401606, 0.000000
cylinder, 614, 613, -0.422804, 1.136135, -0.700267, -0.366543, 1.153044, -0.638726, 0.070036, 0.001311, 0.057640, 0.085080, 7.974003, 19.551015, 6.540366, SPHEREFOLLOWING, 0.010634, 0.018194, 0, 33, 22, 0.065998, 0.063049, 8.340797, 2, 4, 2.000000, 4, 8, 0, unknownSpecies, -11.846800, -2.013600, -13.038500, 0.010000, 0.401606, 0.000000, 0.010000, 0.401606, 0.000000
cylinder, 615, 614, -0.366543, 1.153044, -0.638726, -0.305495, 1.158282, -0.568003, 0.071081, 0.001485, 0.056329, 0.093573, 7.888923, 19.210694, 6.455285, MEDIAN, 0.014390, 0.018194, 0, 33, 22, 0.065998, 0.063049, 8.340797, 2, 4, 2.000000, 4, 8, 0, unknownSpecies, -11.846800, -2.013600, -13.038500, 0.010000, 0.401606, 0.000000, 0.010000, 0.401606, 0.000000
cylinder, 616, 615, -0.305495, 1.158282, -0.568003, -0.291680, 1.145942, -0.510950, 0.075095, 0.001063, 0.054843, 0.059985, 7.795349, 18.836401, 6.361712, SPHEREFOLLOWING, 0.016075, 0.018194, 0, 33, 22, 0.065998, 0.063049, 8.340797, 2, 4, 2.000000, 4, 8, 0, unknownSpecies, -11.846800, -2.013600, -13.038500, 0.010000, 0.401606, 0.000000, 0.010000, 0.401606, 0.000000
cylinder, 617, 616, -0.291680, 1.145942, -0.510950, -0.239364, 1.173301, -0.462132, 0.067766, 0.001105, 0.053781, 0.076608, 7.735364, 18.596461, 6.301727, SPHEREFOLLOWING, 0.013990, 0.018194, 0, 33, 22, 0.065998, 0.063049, 8.340797, 2, 4, 2.000000, 4, 8, 0, unknownSpecies, -11.846800, -2.013600, -13.038500, 0.010000, 0.401606, 0.000000, 0.010000, 0.401606, 0.000000
cylinder, 618, 617, -0.239364, 1.173301, -0.462132, -0.248120, 1.181470, -0.407160, 0.071081, 0.000893, 0.052675, 0.056261, 7.658756, 18.290030, 6.225119, MEDIAN, 0.030866, 0.018194, 0, 33, 22, 0.065998, 0.063049, 8.340797, 2, 4, 2.000000, 4, 8, 0, unknownSpecies, -11.846800, -2.013600, -13.038500, 0.010000, 0.401606, 0.000000, 0.010000, 0.401606, 0.000000
cylinder, 619, 618, -0.248120, 1.181470, -0.407160, -0.218831, 1.207410, -0.288978, 0.067766, 0.001796, 0.051782, 0.124490, 7.602496, 18.064988, 6.168859, MEDIAN, 0.022028, 0.018194, 0, 33, 22, 0.065998, 0.063049, 8.340797, 2, 4, 2.000000, 4, 8, 0, unknownSpecies, -11.846800, -2.013600, -13.038500, 0.010000, 0.401606, 0.000000, 0.010000, 0.401606, 0.000000
cylinder, 620, 619, -0.218831, 1.207410, -0.288978, -0.172060, 1.202067, -0.220139, 0.067766, 0.001203, 0.049986, 0.083396, 7.478006, 17.567029, 6.044369, MEDIAN, 0.016707, 0.018194, 0, 33, 22, 0.065998, 0.063049, 8.340797, 2, 4, 2.000000, 4, 8, 0, unknownSpecies, -11.846800, -2.013600, -13.038500, 0.010000, 0.401606, 0.000000, 0.010000, 0.401606, 0.000000
cylinder, 621, 620, -0.172060, 1.202067, -0.220139, -0.149091, 1.249352, -0.189509, 0.071691, 0.000982, 0.048783, 0.060842, 7.394611, 17.233447, 5.960974, SPHEREFOLLOWING, 0.019291, 0.018194, 0, 33, 22, 0.065998, 0.063049, 8.340797, 2, 4, 2.000000, 4, 8, 0, unknownSpecies, -11.846800, -2.013600, -13.038500, 0.010000, 0.401606, 0.000000, 0.010000, 0.401606, 0.000000
cylinder, 622, 621, -0.149091, 1.249352, -0.189509, -0.143516, 1.233277, -0.077389, 0.060577, 0.001307, 0.047801, 0.113404, 7.333769, 16.990079, 5.900132, SPHEREFOLLOWING, 0.029306, 0.018194, 0, 33, 22, 0.065998, 0.063049, 8.340797, 2, 4, 2.000000, 4, 8, 0, unknownSpecies, -11.846800, -2.013600, -13.038500, 0.010000, 0.401606, 0.000000, 0.010000, 0.401606, 0.000000
cylinder, 623, 622, -0.143516, 1.233277, -0.077389, -0.124575, 1.239404, 0.003798, 0.053466, 0.000751, 0.046493, 0.083592, 7.220365, 16.536464, 5.786728, SPHEREFOLLOWING, 0.009759, 0.018194, 0, 33, 22, 0.065998, 0.063049, 8.340797, 2, 4, 2.000000, 4, 8, 0, unknownSpecies, -11.846800, -2.013600, -13.038500, 0.010000, 0.401606, 0.000000, 0.010000, 0.401606, 0.000000
cylinder, 624, 623, -0.124575, 1.239404, 0.003798, -0.099263, 1.241666, 0.087745, 0.052100, 0.000748, 0.045743, 0.087710, 7.136773, 16.202097, 5.703136, SPHEREFOLLOWING, 0.006264, 0.018194, 0, 33, 22, 0.065998, 0.063049, 8.340797, 2, 4, 2.000000, 4, 8, 0, unknownSpecies, -11.846800, -2.013600, -13.038500, 0.010000, 0.401606, 0.000000, 0.010000, 0.401606, 0.000000
cylinder, 625, 624, -0.099263, 1.241666, 0.087745, -0.069846, 1.239381, 0.147801, 0.055322, 0.000643, 0.044995, 0.066912, 7.049063, 15.851257, 5.615426, SPHEREFOLLOWING, 0.008930, 0.018194, 0, 33, 22, 0.065998, 0.063049, 8.340797, 2, 4, 2.000000, 4, 8, 0, unknownSpecies, -11.846800, -2.013600, -13.038500, 0.010000, 0.401606, 0.000000, 0.010000, 0.401606, 0.000000
cylinder, 626, 625, -0.069846, 1.239381, 0.147801, -0.038627, 1.231747, 0.227212, 0.049303, 0.000654, 0.044351, 0.085667, 6.982151, 15.583607, 5.548514, SPHEREFOLLOWING, 0.006204, 0.018194, 0, 33, 22, 0.065998, 0.063049, 8.340797, 2, 4, 2.000000, 4, 8, 0, unknownSpecies, -11.846800, -2.013600, -13.038500, 0.010000, 0.401606, 0.000000, 0.010000, 0.401606, 0.000000
cylinder, 627, 626, -0.038627, 1.231747, 0.227212, -0.018895, 1.234995, 0.302601, 0.053119, 0.000691, 0.043697, 0.077996, 6.896483, 15.240938, 5.462846, SPHEREFOLLOWING, 0.009458, 0.018194, 0, 33, 22, 0.065998, 0.063049, 8.340797, 2, 4, 2.000000, 4, 8, 0, unknownSpecies, -11.846800, -2.013600, -13.038500, 0.010000, 0.401606, 0.000000, 0.010000, 0.401606, 0.000000
cylinder, 628, 627, -0.018895, 1.234995, 0.302601, 0.021454, 1.273633, 0.374701, 0.047749, 0.000653, 0.042871, 0.091211, 6.685297, 14.795762, 5.384850, SPHEREFOLLOWING, 0.009570, 0.018194, 0, 34, 33, 0.050231, 0.028712, 5.137269, 2, 3, 1.732051, 3, 8, 0, unknownSpecies, -11.846800, -2.013600, -13.038500, 0.010000, 0.401606, 0.000000, 0.010000, 0.401606, 0.000000
cylinder, 629, 628, 0.021454, 1.273633, 0.374701, 0.026971, 1.226848, 0.459261, 0.045848, 0.000639, 0.042218, 0.096797, 6.594086, 14.522130, 5.293639, SPHEREFOLLOWING, 0.014043, 0.018194, 0, 34, 33, 0.050231, 0.028712, 5.137269, 2, 3, 1.732051, 3, 8, 0, unknownSpecies, -11.846800, -2.013600, -13.038500, 0.010000, 0.401606, 0.000000, 0.010000, 0.401606, 0.000000
cylinder, 630, 629, 0.026971, 1.226848, 0.459261, 0.038252, 1.220888, 0.529238, 0.052867, 0.000625, 0.041579, 0.071131, 6.497289, 14.231740, 5.196843, SPHEREFOLLOWING, 0.008607, 0.018194, 0, 34, 33, 0.050231, 0.028712, 5.137269, 2, 3, 1.732051, 3, 8, 0, unknownSpecies, -11.846800, -2.013600, -13.038500, 0.010000, 0.401606, 0.000000, 0.010000, 0.401606, 0.000000
cylinder, 631, 630, 0.038252, 1.220888, 0.529238, 0.072368, 1.216403, 0.604858, 0.047749, 0.000595, 0.040954, 0.083081, 6.426158, 14.018347, 5.125712, MEDIAN, 0.006076, 0.018194, 0, 34, 33, 0.050231, 0.028712, 5.137269, 2, 3, 1.732051, 3, 8, 0, unknownSpecies, -11.846800, -2.013600, -13.038500, 0.010000, 0.401606, 0.000000, 0.010000, 0.401606, 0.000000
cylinder, 632, 631, 0.072368, 1.216403, 0.604858, 0.085233, 1.219203, 0.660085, 0.045848, 0.000375, 0.040359, 0.056775, 6.343078, 13.769105, 5.042631, MEDIAN, 0.012023, 0.018194, 0, 34, 33, 0.050231, 0.028712, 5.137269, 2, 3, 1.732051, 3, 8, 0, unknownSpecies, -11.846800, -2.013600, -13.038500, 0.010000, 0.401606, 0.000000, 0.010000, 0.401606, 0.000000
cylinder, 633, 632, 0.085233, 1.219203, 0.660085, 0.134170, 1.201504, 0.740042, 0.044765, 0.000601, 0.039984, 0.095400, 6.286303, 13.598781, 4.985856, SPHEREFOLLOWING, 0.005428, 0.018194, 0, 34, 33, 0.050231, 0.028712, 5.137269, 2, 3, 1.732051, 3, 8, 0, unknownSpecies, -11.846800, -2.013600, -13.038500, 0.010000, 0.401606, 0.000000, 0.010000, 0.401606, 0.000000
cylinder, 634, 633, 0.134170, 1.201504, 0.740042, 0.156725, 1.197305, 0.801037, 0.064722, 0.000858, 0.039383, 0.065167, 6.190903, 13.312582, 4.890457, ALLOMETRICVESSELVOLUME, 0.003156, 0.018194, 0, 34, 33, 0.050231, 0.028712, 5.137269, 2, 3, 1.732051, 3, 8, 0, unknownSpecies, -11.846800, -2.013600, -13.038500, 0.010000, 0.401606, 0.000000, 0.010000, 0.401606, 0.000000
cylinder, 635, 634, 0.156725, 1.197305, 0.801037, 0.180674, 1.202064, 0.874761, 0.064473, 0.001014, 0.038526, 0.077662, 6.125736, 13.117081, 4.825290, ALLOMETRICVESSELVOLUME, 0.006568, 0.018194, 0, 34, 33, 0.050231, 0.028712, 5.137269, 2, 3, 1.732051, 3, 8, 0, unknownSpecies, -11.846800, -2.013600, -13.038500, 0.010000, 0.401606, 0.000000, 0.010000, 0.401606, 0.000000
cylinder, 636, 635, 0.180674, 1.202064, 0.874761, 0.195271, 1.195489, 0.937912, 0.064172, 0.000843, 0.037512, 0.065149, 6.048074, 12.884094, 4.747627, ALLOMETRICVESSELVOLUME, 0.008239, 0.018194, 0, 34, 33, 0.050231, 0.028712, 5.137269, 2, 3, 1.732051, 3, 8, 0, unknownSpecies, -11.846800, -2.013600, -13.038500, 0.010000, 0.401606, 0.000000, 0.010000, 0.401606, 0.000000
cylinder, 637, 636, 0.195271, 1.195489, 0.937912, 0.233794, 1.187515, 1.011643, 0.063917, 0.001073, 0.036669, 0.083569, 5.982925, 12.688646, 4.682478, ALLOMETRICVESSELVOLUME, 0.115062, 0.018194, 0, 34, 33, 0.050231, 0.028712, 5.137269, 2, 3, 1.732051, 3, 8, 0, unknownSpecies, -11.846800, -2.013600, -13.038500, 0.010000, 0.401606, 0.000000, 0.010000, 0.401606, 0.000000
cylinder, 638, 637, 0.233794, 1.187515, 1.011643, 0.237408, 1.198363, 1.069175, 0.043881, 0.000355, 0.035596, 0.058657, 5.899356, 12.437938, 4.598909, SPHEREFOLLOWING, 0.011864, 0.018194, 0, 34, 33, 0.050231, 0.028712, 5.137269, 2, 3, 1.732051, 3, 8, 0, unknownSpecies, -11.846800, -2.013600, -13.038500, 0.010000, 0.401606, 0.000000, 0.010000, 0.401606, 0.000000
cylinder, 639, 638, 0.237408, 1.198363, 1.069175, 0.253803, 1.185592, 1.130601, 0.063350, 0.000818, 0.035241, 0.064847, 5.840699, 12.261967, 4.540252, ALLOMETRICVESSELVOLUME, 0.056030, 0.018194, 0, 34, 33, 0.050231, 0.028712, 5.137269, 2, 3, 1.732051, 3, 8, 0, unknownSpecies, -11.846800, -2.013600, -13.038500, 0.010000, 0.401606, 0.000000, 0.010000, 0.401606, 0.000000
cylinder, 640, 639, 0.253803, 1.185592, 1.130601, 0.275556, 1.185635, 1.203016, 0.063086, 0.000945, 0.034424, 0.075611, 5.775852, 12.067427, 4.475405, ALLOMETRICVESSELVOLUME, 0.014824, 0.018194, 0, 34, 33, 0.050231, 0.028712, 5.137269, 2, 3, 1.732051, 3, 8, 0, unknownSpecies, -11.846800, -2.013600, -13.038500, 0.010000, 0.401606, 0.000000, 0.010000, 0.401606, 0.000000
cylinder, 641, 640, 0.275556, 1.185635, 1.203016, 0.289896, 1.188030, 1.263670, 0.062775, 0.000772, 0.033478, 0.062372, 5.700241, 11.840594, 4.399794, ALLOMETRICVESSELVOLUME, 0.003120, 0.018194, 0, 34, 33, 0.050231, 0.028712, 5.137269, 2, 3, 1.732051, 3, 8, 0, unknownSpecies, -11.846800, -2.013600, -13.038500, 0.010000, 0.401606, 0.000000, 0.010000, 0.401606, 0.000000
cylinder, 642, 641, 0.289896, 1.188030, 1.263670, 0.318991, 1.185583, 1.327248, 0.045601, 0.000457, 0.032706, 0.069962, 5.637868, 11.653476, 4.337421, SPHEREFOLLOWING, 0.006138, 0.018194, 0, 34, 33, 0.050231, 0.028712, 5.137269, 2, 3, 1.732051, 3, 8, 0, unknownSpecies, -11.846800, -2.013600, -13.038500, 0.010000, 0.401606, 0.000000, 0.010000, 0.401606, 0.000000
cylinder, 643, 642, 0.318991, 1.185583, 1.327248, 0.349995, 1.186092, 1.381051, 0.049250, 0.000473, 0.032249, 0.062099, 5.567907, 11.443592, 4.267460, SPHEREFOLLOWING, 0.008426, 0.018194, 0, 34, 33, 0.050231, 0.028712, 5.137269, 2, 3, 1.732051, 3, 8, 0, unknownSpecies, -11.846800, -2.013600, -13.038500, 0.010000, 0.401606, 0.000000, 0.010000, 0.401606, 0.000000
cylinder, 644, 643, 0.349995, 1.186092, 1.381051, 0.381566, 1.192161, 1.454923, 0.048309, 0.000591, 0.031776, 0.080564, 5.505808, 11.257295, 4.205361, SPHEREFOLLOWING, 0.003389, 0.018194, 0, 34, 33, 0.050231, 0.028712, 5.137269, 2, 3, 1.732051, 3, 8, 0, unknownSpecies, -11.846800, -2.013600, -13.038500, 0.010000, 0.401606, 0.000000, 0.010000, 0.401606, 0.000000
cylinder, 645, 644, 0.381566, 1.192161, 1.454923, 0.394289, 1.189768, 1.519926, 0.045601, 0.000433, 0.031185, 0.066280, 5.425243, 11.015602, 4.124796, MEDIAN, 0.006662, 0.018194, 0, 34, 33, 0.050231, 0.028712, 5.137269, 2, 3, 1.732051, 3, 8, 0, unknownSpecies, -11.846800, -2.013600, -13.038500, 0.010000, 0.401606, 0.000000, 0.010000, 0.401606, 0.000000
cylinder, 646, 645, 0.394289, 1.189768, 1.519926, 0.420624, 1.159999, 1.598734, 0.042142, 0.000492, 0.030752, 0.088263, 5.358964, 10.816763, 4.058517, SPHEREFOLLOWING, 0.005027, 0.018194, 0, 34, 33, 0.050231, 0.028712, 5.137269, 2, 3, 1.732051, 3, 8, 0, unknownSpecies, -11.846800, -2.013600, -13.038500, 0.010000, 0.401606, 0.000000, 0.010000, 0.401606, 0.000000
cylinder, 647, 646, 0.420624, 1.159999, 1.598734, 0.440138, 1.151448, 1.677848, 0.060918, 0.000955, 0.030260, 0.081932, 5.270700, 10.551972, 3.970253, ALLOMETRICVESSELVOLUME, 0.005239, 0.018194, 0, 34, 33, 0.050231, 0.028712, 5.137269, 2, 3, 1.732051, 3, 8, 0, unknownSpecies, -11.846800, -2.013600, -13.038500, 0.010000, 0.401606, 0.000000, 0.010000, 0.401606, 0.000000
cylinder, 648, 647, 0.440138, 1.151448, 1.677848, 0.430880, 1.133631, 1.725271, 0.060545, 0.000593, 0.029305, 0.051499, 5.188768, 10.306176, 3.888321, ALLOMETRICVESSELVOLUME, 0.010882, 0.018194, 0, 34, 33, 0.050231, 0.028712, 5.137269, 2, 3, 1.732051, 3, 8, 0, unknownSpecies, -11.846800, -2.013600, -13.038500, 0.010000, 0.401606, 0.000000, 0.010000, 0.401606, 0.000000
cylinder, 649, 648, 0.430880, 1.133631, 1.725271, 0.430533, 1.130096, 1.783453, 0.060307, 0.000666, 0.028712, 0.058291, 5.137269, 10.151680, 3.836822, ALLOMETRICVESSELVOLUME, 0.015512, 0.018194, 0, 34, 33, 0.050231, 0.028712, 5.137269, 2, 3, 1.732051, 3, 8, 0, unknownSpecies, -11.846800, -2.013600, -13.038500, 0.010000, 0.401606, 0.000000, 0.010000, 0.401606, 0.000000
cylinder, 650, 649, 0.430533, 1.130096, 1.783453, 0.468057, 1.153540, 1.862094, 0.044539, 0.000562, 0.028046, 0.090233, 5.078978, 9.976806, 3.778531, SPHEREFOLLOWING, 0.014777, 0.018194, 0, 34, 33, 0.050231, 0.028712, 5.137269, 2, 3, 1.732051, 3, 8, 0, unknownSpecies, -11.846800, -2.013600, -13.038500, 0.010000, 0.401606, 0.000000, 0.010000, 0.401606, 0.000000
cylinder, 651, 650, 0.468057, 1.153540, 1.862094, 0.461142, 1.127408, 1.920980, 0.041754, 0.000355, 0.027483, 0.064794, 4.988745, 9.706106, 3.688298, SPHEREFOLLOWING, 0.007113, 0.018194, 0, 34, 33, 0.050231, 0.028712, 5.137269, 2, 3, 1.732051, 3, 8, 0, unknownSpecies, -11.846800, -2.013600, -13.038500, 0.010000, 0.401606, 0.000000, 0.010000, 0.401606, 0.000000
cylinder, 652, 651, 0.461142, 1.127408, 1.920980, 0.480870, 1.132359, 1.987662, 0.047243, 0.000489, 0.027128, 0.069716, 4.923951, 9.511724, 3.623504, SPHEREFOLLOWING, 0.012186, 0.018194, 0, 34, 33, 0.050231, 0.028712, 5.137269, 2, 3, 1.732051, 3, 8, 0, unknownSpecies, -11.846800, -2.013600, -13.038500, 0.010000, 0.401606, 0.000000, 0.010000, 0.401606, 0.000000
cylinder, 653, 652, 0.480870, 1.132359, 1.987662, 0.486725, 1.124182, 2.051286, 0.051780, 0.000543, 0.026639, 0.064414, 4.854235, 9.302577, 3.553788, SPHEREFOLLOWING, 0.013100, 0.018194, 0, 34, 33, 0.050231, 0.028712, 5.137269, 2, 3, 1.732051, 3, 8, 0, unknownSpecies, -11.846800, -2.013600, -13.038500, 0.010000, 0.401606, 0.000000, 0.010000, 0.401606, 0.000000
cylinder, 654, 653, 0.486725, 1.124182, 2.051286, 0.505144, 1.120505, 2.111184, 0.057308, 0.000648, 0.026097, 0.062773, 4.789822, 9.109336, 3.489375, SPHEREFOLLOWING, 0.012408, 0.018194, 0, 34, 33, 0.050231, 0.028712, 5.137269, 2, 3, 1.732051, 3, 8, 0, unknownSpecies, -11.846800, -2.013600, -13.038500, 0.010000, 0.401606, 0.000000, 0.010000, 0.401606, 0.000000
cylinder, 655, 654, 0.505144, 1.120505, 2.111184, 0.510470, 1.101953, 2.190412, 0.065462, 0.001098, 0.025449, 0.081545, 4.727048, 8.921016, 3.426601, SPHEREFOLLOWING, 0.015633, 0.018194, 0, 34, 33, 0.050231, 0.028712, 5.137269, 2, 3, 1.732051, 3, 8, 0, unknownSpecies, -11.846800, -2.013600, -13.038500, 0.010000, 0.401606, 0.000000, 0.010000, 0.401606, 0.000000
cylinder, 656, 655, 0.510470, 1.101953, 2.190412, 0.510551, 1.088761, 2.258575, 0.064566, 0.000909, 0.024351, 0.069428, 4.645503, 8.676380, 3.345056, SPHEREFOLLOWING, 0.018710, 0.018194, 0, 34, 33, 0.050231, 0.028712, 5.137269, 2, 3, 1.732051, 3, 8, 0, unknownSpecies, -11.846800, -2.013600, -13.038500, 0.010000, 0.401606, 0.000000, 0.010000, 0.401606, 0.000000
cylinder, 657, 656, 0.510551, 1.088761, 2.258575, 0.523972, 1.090964, 2.359678, 0.053431, 0.000915, 0.023442, 0.102014, 4.576075, 8.468096, 3.275628, SPHEREFOLLOWING, 0.008691, 0.018194, 0, 34, 33, 0.050231, 0.028712, 5.137269, 2, 3, 1.732051, 3, 8, 0, unknownSpecies, -11.846800, -2.013600, -13.038500, 0.010000, 0.401606, 0.000000, 0.010000, 0.401606, 0.000000
cylinder, 658, 657, 0.523972, 1.090964, 2.359678, 0.538564, 1.090755, 2.419182, 0.058137, 0.000651, 0.022527, 0.061268, 4.474061, 8.162054, 3.173614, SPHEREFOLLOWING, 0.009994, 0.018194, 0, 34, 33, 0.050231, 0.028712, 5.137269, 2, 3, 1.732051, 3, 8, 0, unknownSpecies, -11.846800, -2.013600, -13.038500, 0.010000, 0.401606, 0.000000, 0.010000, 0.401606, 0.000000
cylinder, 659, 658, 0.538564, 1.090755, 2.419182, 0.547869, 1.083574, 2.504605, 0.057299, 0.000889, 0.021877, 0.086228, 4.412793, 7.978251, 3.112346, MEDIAN, 0.011741, 0.018194, 0, 34, 33, 0.050231, 0.028712, 5.137269, 2, 3, 1.732051, 3, 8, 0, unknownSpecies, -11.846800, -2.013600, -13.038500, 0.010000, 0.401606, 0.000000, 0.010000, 0.401606, 0.000000
cylinder, 660, 659, 0.547869, 1.083574, 2.504605, 0.568820, 1.085612, 2.583971, 0.052067, 0.000699, 0.020987, 0.082110, 4.326565, 7.719568, 3.026119, SPHEREFOLLOWING, 0.007865, 0.018194, 0, 34, 33, 0.050231, 0.028712, 5.137269, 2, 3, 1.732051, 3, 8, 0, unknownSpecies, -11.846800, -2.013600, -13.038500, 0.010000, 0.401606, 0.000000, 0.010000, 0.401606, 0.000000
cylinder, 661, 660, 0.568820, 1.085612, 2.583971, 0.586932, 1.081513, 2.645515, 0.057638, 0.000671, 0.020288, 0.064284, 4.244455, 7.473238, 2.944009, SPHEREFOLLOWING, 0.010419, 0.018194, 0, 34, 33, 0.050231, 0.028712, 5.137269, 2, 3, 1.732051, 3, 8, 0, unknownSpecies, -11.846800, -2.013600, -13.038500, 0.010000, 0.401606, 0.000000, 0.010000, 0.401606, 0.000000
cylinder, 662, 661, 0.586932, 1.081513, 2.645515, 0.623726, 1.078743, 2.713336, 0.057299, 0.000796, 0.019617, 0.077208, 4.180171, 7.280385, 2.879724, SPHEREFOLLOWING, 0.007421, 0.018194, 0, 34, 33, 0.050231, 0.028712, 5.137269, 2, 3, 1.732051, 3, 8, 0, unknownSpecies, -11.846800, -2.013600, -13.038500, 0.010000, 0.401606, 0.000000, 0.010000, 0.401606, 0.000000
cylinder, 663, 662, 0.623726, 1.078743, 2.713336, 0.622669, 1.099797, 2.804034, 0.044831, 0.000588, 0.018821, 0.093117, 4.102963, 7.048761, 2.802516, SPHEREFOLLOWING, 0.005319, 0.018194, 0, 34, 33, 0.050231, 0.028712, 5.137269, 2, 3, 1.732051, 3, 8, 0, unknownSpecies, -11.846800, -2.013600, -13.038500, 0.010000, 0.401606, 0.000000, 0.010000, 0.401606, 0.000000
cylinder, 664, 663, 0.622669, 1.099797, 2.804034, 0.630773, 1.103052, 2.875332, 0.051029, 0.000588, 0.018233, 0.071830, 4.009846, 6.769411, 2.709400, MEDIAN, 0.014843, 0.018194, 0, 34, 33, 0.050231, 0.028712, 5.137269, 2, 3, 1.732051, 3, 8, 0, unknownSpecies, -11.846800, -2.013600, -13.038500, 0.010000, 0.401606, 0.000000, 0.010000, 0.401606, 0.000000
cylinder, 665, 664, 0.630773, 1.103052, 2.875332, 0.663366, 1.092432, 2.931726, 0.050231, 0.000523, 0.017645, 0.065996, 3.938016, 6.553920, 2.637569, SPHEREFOLLOWING, 0.009721, 0.018194, 0, 34, 33, 0.050231, 0.028712, 5.137269, 2, 3, 1.732051, 3, 8, 0, unknownSpecies, -11.846800, -2.013600, -13.038500, 0.010000, 0.401606, 0.000000, 0.010000, 0.401606, 0.000000
cylinder, 666, 665, 0.663366, 1.092432, 2.931726, 0.667852, 1.084470, 3.001251, 0.051029, 0.000574, 0.017122, 0.070122, 3.872020, 6.355932, 2.571573, SPHEREFOLLOWING, 0.006185, 0.018194, 0, 34, 33, 0.050231, 0.028712, 5.137269, 2, 3, 1.732051, 3, 8, 0, unknownSpecies, -11.846800, -2.013600, -13.038500, 0.010000, 0.401606, 0.000000, 0.010000, 0.401606, 0.000000
cylinder, 667, 666, 0.667852, 1.084470, 3.001251, 0.689222, 1.087761, 3.070290, 0.051029, 0.000592, 0.016548, 0.072346, 3.801898, 6.145565, 2.501451, MEDIAN, 0.008609, 0.018194, 0, 34, 33, 0.050231, 0.028712, 5.137269, 2, 3, 1.732051, 3, 8, 0, unknownSpecies, -11.846800, -2.013600, -13.038500, 0.010000, 0.401606, 0.000000, 0.010000, 0.401606, 0.000000
cylinder, 668, 667, 0.689222, 1.087761, 3.070290, 0.730573, 1.075644, 3.137613, 0.051029, 0.000654, 0.015956, 0.079932, 3.729552, 5.928528, 2.429105, MEDIAN, 0.018293, 0.018194, 0, 34, 33, 0.050231, 0.028712, 5.137269, 2, 3, 1.732051, 3, 8, 0, unknownSpecies, -11.846800, -2.013600, -13.038500, 0.010000, 0.401606, 0.000000, 0.010000, 0.401606, 0.000000
cylinder, 669, 668, 0.730573, 1.075644, 3.137613, 0.752486, 1.087443, 3.218413, 0.051029, 0.000692, 0.015303, 0.084546, 3.649620, 5.688731, 2.349173, MEDIAN, 0.023324, 0.018194, 0, 34, 33, 0.050231, 0.028712, 5.137269, 2, 3, 1.732051, 3, 8, 0, unknownSpecies, -11.846800, -2.013600, -13.038500, 0.010000, 0.401606, 0.000000, 0.010000, 0.401606, 0.000000
cylinder, 670, 669, 0.752486, 1.087443, 3.218413, 0.733582, 1.047789, 3.333195, 0.045358, 0.000794, 0.011207, 0.122901, 2.538768, 4.408787, 2.264627, SPHEREFOLLOWING, 0.014488, 0.018194, 0, 35, 34, 0.041538, 0.007073, 1.669647, 2, 2, 1.414214, 2, 8, 0, unknownSpecies, -11.846800, -2.013600, -13.038500, 0.010000, 0.401606, 0.000000, 0.010000, 0.401606, 0.000000
cylinder, 671, 670, 0.733582, 1.047789, 3.333195, 0.744272, 1.040616, 3.399569, 0.042680, 0.000387, 0.010412, 0.067611, 2.415866, 4.162984, 2.141726, SPHEREFOLLOWING, 0.007305, 0.018194, 0, 35, 34, 0.041538, 0.007073, 1.669647, 2, 2, 1.414214, 2, 8, 0, unknownSpecies, -11.846800, -2.013600, -13.038500, 0.010000, 0.401606, 0.000000, 0.010000, 0.401606, 0.000000
cylinder, 672, 671, 0.744272, 1.040616, 3.399569, 0.750270, 1.028097, 3.468912, 0.041538, 0.000383, 0.010025, 0.070718, 2.348255, 4.027763, 2.074115, SPHEREFOLLOWING, 0.012171, 0.018194, 0, 35, 34, 0.041538, 0.007073, 1.669647, 2, 2, 1.414214, 2, 8, 0, unknownSpecies, -11.846800, -2.013600, -13.038500, 0.010000, 0.401606, 0.000000, 0.010000, 0.401606, 0.000000
cylinder, 673, 672, 0.750270, 1.028097, 3.468912, 0.737935, 1.032801, 3.534019, 0.031937, 0.000213, 0.009642, 0.066432, 2.277537, 3.886326, 2.003397, SPHEREFOLLOWING, 0.006548, 0.018194, 0, 35, 34, 0.041538, 0.007073, 1.669647, 2, 2, 1.414214, 2, 8, 0, unknownSpecies, -11.846800, -2.013600, -13.038500, 0.010000, 0.401606, 0.000000, 0.010000, 0.401606, 0.000000
cylinder, 674, 673, 0.737935, 1.032801, 3.534019, 0.770759, 1.037881, 3.592230, 0.046532, 0.000456, 0.009429, 0.067020, 2.211105, 3.753461, 1.936964, ALLOMETRICVESSELVOLUME, 0.020253, 0.018194, 0, 35, 34, 0.041538, 0.007073, 1.669647, 2, 2, 1.414214, 2, 8, 0, unknownSpecies, -11.846800, -2.013600, -13.038500, 0.010000, 0.401606, 0.000000, 0.010000, 0.401606, 0.000000
cylinder, 675, 674, 0.770759, 1.037881, 3.592230, 0.784238, 1.039814, 3.651928, 0.046093, 0.000409, 0.008973, 0.061231, 2.144085, 3.619422, 1.869944, ALLOMETRICVESSELVOLUME, 0.022495, 0.018194, 0, 35, 34, 0.041538, 0.007073, 1.669647, 2, 2, 1.414214, 2, 8, 0, unknownSpecies, -11.846800, -2.013600, -13.038500, 0.010000, 0.401606, 0.000000, 0.010000, 0.401606, 0.000000
cylinder, 676, 675, 0.784238, 1.039814, 3.651928, 0.814537, 1.041885, 3.704004, 0.045682, 0.000395, 0.008565, 0.060285, 2.082854, 3.496959, 1.808713, ALLOMETRICVESSELVOLUME, 0.006289, 0.018194, 0, 35, 34, 0.041538, 0.007073, 1.669647, 2, 2, 1.414214, 2, 8, 0, unknownSpecies, -11.846800, -2.013600, -13.038500, 0.010000, 0.401606, 0.000000, 0.010000, 0.401606, 0.000000
cylinder, 677, 676, 0.814537, 1.041885, 3.704004, 0.834045, 1.040296, 3.751514, 0.031844, 0.000164, 0.008169, 0.051384, 2.022569, 3.376389, 1.748428, SPHEREFOLLOWING, 0.029782, 0.018194, 0, 35, 34, 0.041538, 0.007073, 1.669647, 2, 2, 1.414214, 2, 8, 0, unknownSpecies, -11.846800, -2.013600, -13.038500, 0.010000, 0.401606, 0.000000, 0.010000, 0.401606, 0.000000
cylinder, 678, 677, 0.834045, 1.040296, 3.751514, 0.860906, 1.040947, 3.805138, 0.032069, 0.000194, 0.008006, 0.059979, 1.971185, 3.273621, 1.697044, SPHEREFOLLOWING, 0.012638, 0.018194, 0, 35, 34, 0.041538, 0.007073, 1.669647, 2, 2, 1.414214, 2, 8, 0, unknownSpecies, -11.846800, -2.013600, -13.038500, 0.010000, 0.401606, 0.000000, 0.010000, 0.401606, 0.000000
cylinder, 679, 678, 0.860906, 1.040947, 3.805138, 0.858364, 1.035141, 3.865135, 0.031354, 0.000186, 0.007812, 0.060331, 1.911206, 3.153664, 1.637065, SPHEREFOLLOWING, 0.017104, 0.018194, 0, 35, 34, 0.041538, 0.007073, 1.669647, 2, 2, 1.414214, 2, 8, 0, unknownSpecies, -11.846800, -2.013600, -13.038500, 0.010000, 0.401606, 0.000000, 0.010000, 0.401606, 0.000000
cylinder, 680, 679, 0.858364, 1.035141, 3.865135, 0.883297, 1.033413, 3.920717, 0.031110, 0.000185, 0.007626, 0.060943, 1.850875, 3.033002, 1.576735, SPHEREFOLLOWING, 0.010881, 0.018194, 0, 35, 34, 0.041538, 0.007073, 1.669647, 2, 2, 1.414214, 2, 8, 0, unknownSpecies, -11.846800, -2.013600, -13.038500, 0.010000, 0.401606, 0.000000, 0.010000, 0.401606, 0.000000
cylinder, 681, 680, 0.883297, 1.033413, 3.920717, 0.888642, 1.023791, 3.980591, 0.031120, 0.000185, 0.007440, 0.060877, 1.789932, 2.911117, 1.515792, SPHEREFOLLOWING, 0.010323, 0.018194, 0, 35, 34, 0.041538, 0.007073, 1.669647, 2, 2, 1.414214, 2, 8, 0, unknownSpecies, -11.846800, -2.013600, -13.038500, 0.010000, 0.401606, 0.000000, 0.010000, 0.401606, 0.000000
cylinder, 682, 681, 0.888642, 1.023791, 3.980591, 0.895673, 1.019530, 4.039427, 0.031190, 0.000182, 0.007255, 0.059408, 1.729055, 2.789363, 1.454915, SPHEREFOLLOWING, 0.013285, 0.018194, 0, 35, 34, 0.041538, 0.007073, 1.669647, 2, 2, 1.414214, 2, 8, 0, unknownSpecies, -11.846800, -2.013600, -13.038500, 0.010000, 0.401606, 0.000000, 0.010000, 0.401606, 0.000000
cylinder, 683, 682, 0.895673, 1.019530, 4.039427, 0.927791, 1.037877, 4.096419, 0.031120, 0.000207, 0.007073, 0.067944, 1.669647, 2.670547, 1.395507, MEDIAN, 0.011589, 0.018194, 0, 35, 34, 0.041538, 0.007073, 1.669647, 2, 2, 1.414214, 2, 8, 0, unknownSpecies, -11.846800, -2.013600, -13.038500, 0.010000, 0.401606, 0.000000, 0.010000, 0.401606, 0.000000
cylinder, 684, 683, 0.927791, 1.037877, 4.096419, 0.930526, 1.036705, 4.148538, 0.028685, 0.000135, 0.006867, 0.052203, 1.601704, 2.534660, 1.327563, SPHEREFOLLOWING, 0.024056, 0.018194, 0, 35, 34, 0.041538, 0.007073, 1.669647, 2, 2, 1.414214, 2, 8, 0, unknownSpecies, -11.846800, -2.013600, -13.038500, 0.010000, 0.401606, 0.000000, 0.010000, 0.401606, 0.000000
cylinder, 685, 684, 0.930526, 1.036705, 4.148538, 0.966414, 1.024239, 4.168599, 0.042081, 0.000239, 0.006732, 0.042963, 1.549501, 2.430253, 1.275360, SPHEREFOLLOWING, 0.013598, 0.018194, 0, 35, 34, 0.041538, 0.007073, 1.669647, 2, 2, 1.414214, 2, 8, 0, unknownSpecies, -11.846800, -2.013600, -13.038500, 0.010000, 0.401606, 0.000000, 0.010000, 0.401606, 0.000000
cylinder, 686, 685, 0.966414, 1.024239, 4.168599, 1.002243, 1.047155, 4.226435, 0.038868, 0.000341, 0.006493, 0.071791, 1.506538, 2.344328, 1.232397, SPHEREFOLLOWING, 0.008645, 0.018194, 0, 35, 34, 0.041538, 0.007073, 1.669647, 2, 2, 1.414214, 2, 8, 0, unknownSpecies, -11.846800, -2.013600, -13.038500, 0.010000, 0.401606, 0.000000, 0.010000, 0.401606, 0.000000
cylinder, 687, 686, 1.002243, 1.047155, 4.226435, 1.027763, 0.999005, 4.278995, 0.051413, 0.000629, 0.006152, 0.075711, 1.434747, 2.200746, 1.160607, SPHEREFOLLOWING, 0.012684, 0.018194, 0, 35, 34, 0.041538, 0.007073, 1.669647, 2, 2, 1.414214, 2, 8, 0, unknownSpecies, -11.846800, -2.013600, -13.038500, 0.010000, 0.401606, 0.000000, 0.010000, 0.401606, 0.000000
cylinder, 688, 687, 1.027763, 0.999005, 4.278995, 1.056469, 1.060561, 4.354555, 0.050210, 0.000805, 0.005523, 0.101600, 1.359036, 2.049325, 1.084896, SPHEREFOLLOWING, 0.014168, 0.018194, 0, 35, 34, 0.041538, 0.007073, 1.669647, 2, 2, 1.414214, 2, 8, 0, unknownSpecies, -11.846800, -2.013600, -13.038500, 0.010000, 0.401606, 0.000000, 0.010000, 0.401606, 0.000000
cylinder, 689, 688, 1.056469, 1.060561, 4.354555, 1.089429, 1.058154, 4.421085, 0.045019, 0.000473, 0.004719, 0.074287, 1.257437, 1.846126, 0.983296, SPHEREFOLLOWING, 0.012795, 0.018194, 0, 35, 34, 0.041538, 0.007073, 1.669647, 2, 2, 1.414214, 2, 8, 0, unknownSpecies, -11.846800, -2.013600, -13.038500, 0.010000, 0.401606, 0.000000, 0.010000, 0.401606, 0.000000
cylinder, 690, 689, 1.089429, 1.058154, 4.421085, 1.111438, 1.109704, 4.464184, 0.050210, 0.000560, 0.004246, 0.070706, 1.183150, 1.697552, 0.909009, MEDIAN, 0.039688, 0.018194, 0, 35, 34, 0.041538, 0.007073, 1.669647, 2, 2, 1.414214, 2, 8, 0, unknownSpecies, -11.846800, -2.013600, -13.038500, 0.010000, 0.401606, 0.000000, 0.010000, 0.401606, 0.000000
cylinder, 691, 690, 1.111438, 1.109704, 4.464184, 1.152196, 1.066818, 4.557889, 0.046316, 0.000747, 0.003686, 0.110820, 1.112444, 1.556139, 0.838303, SPHEREFOLLOWING, 0.019761, 0.018194, 0, 35, 34, 0.041538, 0.007073, 1.669647, 2, 2, 1.414214, 2, 8, 0, unknownSpecies, -11.846800, -2.013600, -13.038500, 0.010000, 0.401606, 0.000000, 0.010000, 0.401606, 0.000000
cylinder, 692, 691, 1.152196, 1.066818, 4.557889, 1.168076, 1.049069, 4.627135, 0.047910, 0.000528, 0.002939, 0.073227, 1.001623, 1.334498, 0.727483, SPHEREFOLLOWING, 0.014562, 0.018194, 0, 35, 34, 0.041538, 0.007073, 1.669647, 2, 2, 1.414214, 2, 8, 0, unknownSpecies, -11.846800, -2.013600, -13.038500, 0.010000, 0.401606, 0.000000, 0.010000, 0.401606, 0.000000
cylinder, 693, 692, 1.168076, 1.049069, 4.627135, 1.183007, 1.032217, 4.694682, 0.034479, 0.000266, 0.002411, 0.071200, 0.928397, 1.188045, 0.654256, ALLOMETRICVESSELVOLUME, 0.015390, 0.018194, 0, 35, 34, 0.041538, 0.007073, 1.669647, 2, 2, 1.414214, 2, 8, 0, unknownSpecies, -11.846800, -2.013600, -13.038500, 0.010000, 0.401606, 0.000000, 0.010000, 0.401606, 0.000000
cylinder, 694, 693, 1.183007, 1.032217, 4.694682, 1.201141, 1.080780, 4.727033, 0.048556, 0.000453, 0.002145, 0.061105, 0.857196, 1.045645, 0.583056, MEDIAN, 0.014191, 0.018194, 0, 35, 34, 0.041538, 0.007073, 1.669647, 2, 2, 1.414214, 2, 8, 0, unknownSpecies, -11.846800, -2.013600, -13.038500, 0.010000, 0.401606, 0.000000, 0.010000, 0.401606, 0.000000
cylinder, 695, 694, 1.201141, 1.080780, 4.727033, 1.232849, 1.085713, 4.826672, 0.032287, 0.000343, 0.001692, 0.104679, 0.796091, 0.923435, 0.521951, ALLOMETRICVESSELVOLUME, 0.011946, 0.018194, 0, 35, 34, 0.041538, 0.007073, 1.669647, 2, 2, 1.414214, 2, 8, 0, unknownSpecies, -11.846800, -2.013600, -13.038500, 0.010000, 0.401606, 0.000000, 0.010000, 0.401606, 0.000000
cylinder, 696, 695, 1.232849, 1.085713, 4.826672, 1.251790, 1.090627, 4.838107, 0.030195, 0.000065, 0.001349, 0.022664, 0.691412, 0.714076, 0.417272, ALLOMETRICVESSELVOLUME, 0.004624, 0.018194, 0, 35, 34, 0.041538, 0.007073, 1.669647, 2, 2, 1.414214, 2, 8, 0, unknownSpecies, -11.846800, -2.013600, -13.038500, 0.010000, 0.401606, 0.000000, 0.010000, 0.401606, 0.000000
cylinder, 697, 696, 1.251790, 1.090627, 4.838107, 1.309091, 1.070474, 4.948825, 0.025870, 0.000266, 0.000618, 0.126285, 0.394608, 0.394608, 0.394608, ALLOMETRICVESSELVOLUME, 0.013791, 0.018194, 0, 36, 35, 0.000000, 0.000231, 0.197825, 2, 1, 1.000000, 1, 8, 0, unknownSpecies, -11.846800, -2.013600, -13.038500, 0.010000, 0.401606, 0.000000, 0.010000, 0.401606, 0.000000
cylinder, 698, 697, 1.309091, 1.070474, 4.948825, 1.334206, 1.065035, 5.014472, 0.023396, 0.000121, 0.000352, 0.070498, 0.268322, 0.268322, 0.268322, ALLOMETRICVESSELVOLUME, 0.029910, 0.018194, 0, 36, 35, 0.000000, 0.000231, 0.197825, 2, 1, 1.000000, 1, 8, 0, unknownSpecies, -11.846800, -2.013600, -13.038500, 0.010000, 0.401606, 0.000000, 0.010000, 0.401606, 0.000000
cylinder, 699, 698, 1.334206, 1.065035, 5.014472, 1.354421, 1.059525, 5.079992, 0.021610, 0.000101, 0.000231, 0.068788, 0.197825, 0.197825, 0.197825, ALLOMETRICVESSELVOLUME, 0.029872, 0.018194, 0, 36, 35, 0.000000, 0.000231, 0.197825, 2, 1, 1.000000, 1, 8, 0, unknownSpecies, -11.846800, -2.013600, -13.038500, 0.010000, 0.401606, 0.000000, 0.010000, 0.401606, 0.000000
cylinder, 700, 699, 1.354421, 1.059525, 5.079992, 1.389762, 1.040703, 5.158760, 0.019332, 0.000104, 0.000130, 0.088361, 0.129036, 0.129036, 0.129036, ALLOMETRICVESSELVOLUME, 0.018387, 0.018194, 0, 36, 35, 0.000000, 0.000231, 0.197825, 2, 1, 1.000000, 1, 8, 0, unknownSpecies, -11.846800, -2.013600, -13.038500, 0.010000, 0.401606, 0.000000, 0.010000, 0.401606, 0.000000
cylinder, 701, 700, 1.389762, 1.040703, 5.158760, 1.392255, 1.073965, 5.182038, 0.014309, 0.000026, 0.000026, 0.040675, 0.040675, 0.040675, 0.040675, ALLOMETRICVESSELVOLUME, 0.018866, 0.018194, 0, 36, 35, 0.000000, 0.000231, 0.197825, 2, 1, 1.000000, 1, 8, 0, unknownSpecies, -11.846800, -2.013600, -13.038500, 0.010000, 0.401606, 0.000000, 0.010000, 0.401606, 0.000000
cylinder, 702, 696, 1.251790, 1.090627, 4.838107, 1.144534, 1.084686, 4.935579, 0.034372, 0.000538, 0.000667, 0.145052, 0.274140, 0.274140, 0.274140, SPHEREFOLLOWING, 0.200000, 0.018194, 0, 37, 35, 0.034372, 0.000129, 0.129089, 3, 1, 1.000000, 1, 8, 0, unknownSpecies, -11.846800, -2.013600, -13.038500, 0.010000, 0.401606, 0.000000, 0.010000, 0.401606, 0.000000
cylinder, 703, 702, 1.144534, 1.084686, 4.935579, 1.172395, 1.082322, 4.994986, 0.019334, 0.000077, 0.000129, 0.065658, 0.129089, 0.129089, 0.129089, ALLOMETRICVESSELVOLUME, 0.012277, 0.018194, 0, 37, 35, 0.034372, 0.000129, 0.129089, 3, 1, 1.000000, 1, 8, 0, unknownSpecies, -11.846800, -2.013600, -13.038500, 0.010000, 0.401606, 0.000000, 0.010000, 0.401606, 0.000000
cylinder, 704, 703, 1.172395, 1.082322, 4.994986, 1.172989, 1.070090, 5.057223, 0.016066, 0.000051, 0.000051, 0.063431, 0.063431, 0.063431, 0.063431, ALLOMETRICVESSELVOLUME, 0.018140, 0.018194, 0, 37, 35, 0.034372, 0.000129, 0.129089, 3, 1, 1.000000, 1, 8, 0, unknownSpecies, -11.846800, -2.013600, -13.038500, 0.010000, 0.401606, 0.000000, 0.010000, 0.401606, 0.000000
cylinder, 705, 669, 0.752486, 1.087443, 3.218413, 0.838636, 1.142822, 3.316560, 0.033189, 0.000491, 0.003404, 0.141850, 1.026306, 1.026306, 1.026306, ALLOMETRICVESSELVOLUME, 0.019583, 0.018194, 0, 38, 34, 0.042854, 0.001001, 0.546652, 3, 1, 1.000000, 1, 8, 0, unknownSpecies, -11.846800, -2.013600, -13.038500, 0.010000, 0.401606, 0.000000, 0.010000, 0.401606, 0.000000
cylinder, 706, 705, 0.838636, 1.142822, 3.316560, 0.866846, 1.135192, 3.380538, 0.043850, 0.000425, 0.002913, 0.070336, 0.884456, 0.884456, 0.884456, SPHEREFOLLOWING, 0.010525, 0.018194, 0, 38, 34, 0.042854, 0.001001, 0.546652, 3, 1, 1.000000, 1, 8, 0, unknownSpecies, -11.846800, -2.013600, -13.038500, 0.010000, 0.401606, 0.000000, 0.010000, 0.401606, 0.000000
cylinder, 707, 706, 0.866846, 1.135192, 3.380538, 0.888159, 1.131263, 3.432075, 0.043850, 0.000338, 0.002489, 0.055908, 0.814120, 0.814120, 0.814120, MEDIAN, 0.016284, 0.018194, 0, 38, 34, 0.042854, 0.001001, 0.546652, 3, 1, 1.000000, 1, 8, 0, unknownSpecies, -11.846800, -2.013600, -13.038500, 0.010000, 0.401606, 0.000000, 0.010000, 0.401606, 0.000000
cylinder, 708, 707, 0.888159, 1.131263, 3.432075, 0.903751, 1.149202, 3.504948, 0.041630, 0.000417, 0.002151, 0.076651, 0.758212, 0.758212, 0.758212, SPHEREFOLLOWING, 0.020850, 0.018194, 0, 38, 34, 0.042854, 0.001001, 0.546652, 3, 1, 1.000000, 1, 8, 0, unknownSpecies, -11.846800, -2.013600, -13.038500, 0.010000, 0.401606, 0.000000, 0.010000, 0.401606, 0.000000
cylinder, 709, 708, 0.903751, 1.149202, 3.504948, 0.932675, 1.160419, 3.575005, 0.040574, 0.000396, 0.001733, 0.076619, 0.681561, 0.681561, 0.681561, SPHEREFOLLOWING, 0.009166, 0.018194, 0, 38, 34, 0.042854, 0.001001, 0.546652, 3, 1, 1.000000, 1, 8, 0, unknownSpecies, -11.846800, -2.013600, -13.038500, 0.010000, 0.401606, 0.000000, 0.010000, 0.401606, 0.000000
cylinder, 710, 709, 0.932675, 1.160419, 3.575005, 0.948789, 1.162268, 3.630993, 0.042854, 0.000336, 0.001337, 0.058290, 0.604942, 0.604942, 0.604942, SPHEREFOLLOWING, 0.010906, 0.018194, 0, 38, 34, 0.042854, 0.001001, 0.546652, 3, 1, 1.000000, 1, 8, 0, unknownSpecies, -11.846800, -2.013600, -13.038500, 0.010000, 0.401606, 0.000000, 0.010000, 0.401606, 0.000000
cylinder, 711, 710, 0.948789, 1.162268, 3.630993, 0.977979, 1.174976, 3.689101, 0.028164, 0.000165, 0.001001, 0.066258, 0.546652, 0.546652, 0.546652, ALLOMETRICVESSELVOLUME, 0.010712, 0.018194, 0, 38, 34, 0.042854, 0.001001, 0.546652, 3, 1, 1.000000, 1, 8, 0, unknownSpecies, -11.846800, -2.013600, -13.038500, 0.010000, 0.401606, 0.000000, 0.010000, 0.401606, 0.000000
cylinder, 712, 711, 0.977979, 1.174976, 3.689101, 0.999746, 1.183209, 3.750365, 0.027231, 0.000153, 0.000836, 0.065535, 0.480395, 0.480395, 0.480395, ALLOMETRICVESSELVOLUME, 0.015346, 0.018194, 0, 38, 34, 0.042854, 0.001001, 0.546652, 3, 1, 1.000000, 1, 8, 0, unknownSpecies, -11.846800, -2.013600, -13.038500, 0.010000, 0.401606, 0.000000, 0.010000, 0.401606, 0.000000
cylinder, 713, 712, 0.999746, 1.183209, 3.750365, 1.038686, 1.191446, 3.834796, 0.026210, 0.000201, 0.000683, 0.093342, 0.414859, 0.414859, 0.414859, ALLOMETRICVESSELVOLUME, 0.019653, 0.018194, 0, 38, 34, 0.042854, 0.001001, 0.546652, 3, 1, 1.000000, 1, 8, 0, unknownSpecies, -11.846800, -2.013600, -13.038500, 0.010000, 0.401606, 0.000000, 0.010000, 0.401606, 0.000000
cylinder, 714, 713, 1.038686, 1.191446, 3.834796, 1.072579, 1.249011, 3.887266, 0.024526, 0.000161, 0.000482, 0.084944, 0.321517, 0.321517, 0.321517, ALLOMETRICVESSELVOLUME, 0.029519, 0.018194, 0, 38, 34, 0.042854, 0.001001, 0.546652, 3, 1, 1.000000, 1, 8, 0, unknownSpecies, -11.846800, -2.013600, -13.038500, 0.010000, 0.401606, 0.000000, 0.010000, 0.401606, 0.000000
cylinder, 715, 714, 1.072579, 1.249011, 3.887266, 1.086907, 1.280245, 3.913900, 0.022641, 0.000070, 0.000321, 0.043477, 0.236573, 0.236573, 0.236573, ALLOMETRICVESSELVOLUME, 0.029902, 0.018194, 0, 38, 34, 0.042854, 0.001001, 0.546652, 3, 1, 1.000000, 1, 8, 0, unknownSpecies, -11.846800, -2.013600, -13.038500, 0.010000, 0.401606, 0.000000, 0.010000, 0.401606, 0.000000
cylinder, 716, 715, 1.086907, 1.280245, 3.913900, 1.063184, 1.306137, 3.944903, 0.021474, 0.000068, 0.000251, 0.046844, 0.193096, 0.193096, 0.193096, ALLOMETRICVESSELVOLUME, 0.069154, 0.018194, 0, 38, 34, 0.042854, 0.001001, 0.546652, 3, 1, 1.000000, 1, 8, 0, unknownSpecies, -11.846800, -2.013600, -13.038500, 0.010000, 0.401606, 0.000000, 0.010000, 0.401606, 0.000000
cylinder, 717, 716, 1.063184, 1.306137, 3.944903, 1.141458, 1.309049, 4.068411, 0.019974, 0.000183, 0.000183, 0.146251, 0.146251, 0.146251, 0.146251, ALLOMETRICVESSELVOLUME, 0.030034, 0.018194, 0, 38, 34, 0.042854, 0.001001, 0.546652, 3, 1, 1.000000, 1, 8, 0, unknownSpecies, -11.846800, -2.013600, -13.038500, 0.010000, 0.401606, 0.000000, 0.010000, 0.401606, 0.000000
cylinder, 718, 627, -0.018895, 1.234995, 0.302601, -0.014070, 1.212204, 0.365751, 0.019493, 0.000080, 0.000135, 0.067310, 0.133190, 0.133190, 0.133190, ALLOMETRICVESSELVOLUME, 0.006790, 0.018194, 0, 39, 33, 0.000000, 0.000054, 0.065880, 3, 1, 1.000000, 1, 8, 0, unknownSpecies, -11.846800, -2.013600, -13.038500, 0.010000, 0.401606, 0.000000, 0.010000, 0.401606, 0.000000
cylinder, 719, 718, -0.014070, 1.212204, 0.365751, -0.005350, 1.162588, 0.408205, 0.016225, 0.000054, 0.000054, 0.065880, 0.065880, 0.065880, 0.065880, ALLOMETRICVESSELVOLUME, 0.019493, 0.018194, 0, 39, 33, 0.000000, 0.000054, 0.065880, 3, 1, 1.000000, 1, 8, 0, unknownSpecies, -11.846800, -2.013600, -13.038500, 0.010000, 0.401606, 0.000000, 0.010000, 0.401606, 0.000000
